  0
SECTION
  2
HEADER
  9
$ACADVER
  1
AC1032
  9
$ACADMAINTVER
 90
       55
  9
$DWGCODEPAGE
  3
ANSI_1252
  9
$LASTSAVEDBY
  1
akshat
  9
$REQUIREDVERSIONS
160
                 0
  9
$INSBASE
 10
0.0
 20
0.0
 30
0.0
  9
$EXTMIN
 10
691600.3305907333
 20
-527885.0557052256
 30
-0.0064279883400218
  9
$EXTMAX
 10
741252.4106416279
 20
-492545.5842221335
 30
0.0016064495447381
  9
$LIMMIN
 10
0.0
 20
0.0
  9
$LIMMAX
 10
420.0
 20
297.0
  9
$ORTHOMODE
 70
     1
  9
$REGENMODE
 70
     1
  9
$FILLMODE
 70
     1
  9
$QTEXTMODE
 70
     0
  9
$MIRRTEXT
 70
     0
  9
$LTSCALE
 40
1.0
  9
$ATTMODE
 70
     1
  9
$TEXTSIZE
 40
0.5
  9
$TRACEWID
 40
1.0
  9
$TEXTSTYLE
  7
Standard
  9
$CLAYER
  8
DIM
  9
$CELTYPE
  6
ByLayer
  9
$CECOLOR
 62
   256
  9
$CELTSCALE
 40
1.0
  9
$DISPSILH
 70
     0
  9
$DIMSCALE
 40
1.0
  9
$DIMASZ
 40
125.0
  9
$DIMEXO
 40
25.0
  9
$DIMDLI
 40
75.0
  9
$DIMRND
 40
0.0
  9
$DIMDLE
 40
75.0
  9
$DIMEXE
 40
75.0
  9
$DIMTP
 40
0.0
  9
$DIMTM
 40
0.0
  9
$DIMTXT
 40
250.0
  9
$DIMCEN
 40
0.09
  9
$DIMTSZ
 40
0.0
  9
$DIMTOL
 70
     0
  9
$DIMLIM
 70
     0
  9
$DIMTIH
 70
     0
  9
$DIMTOH
 70
     0
  9
$DIMSE1
 70
     0
  9
$DIMSE2
 70
     0
  9
$DIMTAD
 70
     1
  9
$DIMZIN
 70
     0
  9
$DIMBLK
  1

  9
$DIMASO
 70
     1
  9
$DIMSHO
 70
     1
  9
$DIMPOST
  1

  9
$DIMAPOST
  1

  9
$DIMALT
 70
     0
  9
$DIMALTD
 70
     2
  9
$DIMALTF
 40
32.04
  9
$DIMLFAC
 40
1.0
  9
$DIMTOFL
 70
     0
  9
$DIMTVP
 40
0.0
  9
$DIMTIX
 70
     1
  9
$DIMSOXD
 70
     0
  9
$DIMSAH
 70
     1
  9
$DIMBLK1
  1
ArchTick
  9
$DIMBLK2
  1
ArchTick
  9
$DIMSTYLE
  2
FOOTING FOR CF SEC
  9
$DIMCLRD
 70
     5
  9
$DIMCLRE
 70
     5
  9
$DIMCLRT
 70
     6
  9
$DIMTFAC
 40
1.0
  9
$DIMGAP
 40
40.0
  9
$DIMJUST
 70
     0
  9
$DIMSD1
 70
     0
  9
$DIMSD2
 70
     0
  9
$DIMTOLJ
 70
     1
  9
$DIMTZIN
 70
     0
  9
$DIMALTZ
 70
     0
  9
$DIMALTTZ
 70
     0
  9
$DIMUPT
 70
     0
  9
$DIMDEC
 70
     0
  9
$DIMTDEC
 70
     0
  9
$DIMALTU
 70
     6
  9
$DIMALTTD
 70
     2
  9
$DIMTXSTY
  7
ARIAL
  9
$DIMAUNIT
 70
     0
  9
$DIMADEC
 70
     0
  9
$DIMALTRND
 40
0.0
  9
$DIMAZIN
 70
     0
  9
$DIMDSEP
 70
    46
  9
$DIMATFIT
 70
     0
  9
$DIMFRAC
 70
     0
  9
$DIMLDRBLK
  1

  9
$DIMLUNIT
 70
     2
  9
$DIMLWD
 70
    -1
  9
$DIMLWE
 70
    -1
  9
$DIMTMOVE
 70
     2
  9
$DIMFXL
 40
1.0
  9
$DIMFXLON
 70
     0
  9
$DIMJOGANG
 40
0.7853981633974483
  9
$DIMTFILL
 70
     0
  9
$DIMTFILLCLR
 70
     0
  9
$DIMARCSYM
 70
     0
  9
$DIMLTYPE
  6

  9
$DIMLTEX1
  6

  9
$DIMLTEX2
  6

  9
$DIMTXTDIRECTION
 70
     0
  9
$LUNITS
 70
     2
  9
$LUPREC
 70
     4
  9
$SKETCHINC
 40
1.0
  9
$FILLETRAD
 40
0.0
  9
$AUNITS
 70
     0
  9
$AUPREC
 70
     0
  9
$MENU
  1
.
  9
$ELEVATION
 40
0.0
  9
$PELEVATION
 40
0.0
  9
$THICKNESS
 40
0.0
  9
$LIMCHECK
 70
     0
  9
$CHAMFERA
 40
0.0
  9
$CHAMFERB
 40
0.0
  9
$CHAMFERC
 40
0.0
  9
$CHAMFERD
 40
0.0
  9
$SKPOLY
 70
     0
  9
$TDCREATE
 40
2459965.870821759
  9
$TDUCREATE
 40
2459965.641655093
  9
$TDUPDATE
 40
2461232.751053947
  9
$TDUUPDATE
 40
2461232.52188728
  9
$TDINDWG
 40
5.9287962963
  9
$TDUSRTIMER
 40
5.9287962963
  9
$USRTIMER
 70
     1
  9
$ANGBASE
 50
0.0
  9
$ANGDIR
 70
     0
  9
$PDMODE
 70
     3
  9
$PDSIZE
 40
100.0
  9
$PLINEWID
 40
0.0
  9
$SPLFRAME
 70
     0
  9
$SPLINETYPE
 70
     6
  9
$SPLINESEGS
 70
     8
  9
$HANDSEED
  5
F1017EF
  9
$SURFTAB1
 70
     6
  9
$SURFTAB2
 70
     6
  9
$SURFTYPE
 70
     6
  9
$SURFU
 70
     6
  9
$SURFV
 70
     6
  9
$UCSBASE
  2

  9
$UCSNAME
  2

  9
$UCSORG
 10
0.0
 20
0.0
 30
0.0
  9
$UCSXDIR
 10
1.0
 20
0.0
 30
0.0
  9
$UCSYDIR
 10
0.0
 20
1.0
 30
0.0
  9
$UCSORTHOREF
  2

  9
$UCSORTHOVIEW
 70
     0
  9
$UCSORGTOP
 10
0.0
 20
0.0
 30
0.0
  9
$UCSORGBOTTOM
 10
0.0
 20
0.0
 30
0.0
  9
$UCSORGLEFT
 10
0.0
 20
0.0
 30
0.0
  9
$UCSORGRIGHT
 10
0.0
 20
0.0
 30
0.0
  9
$UCSORGFRONT
 10
0.0
 20
0.0
 30
0.0
  9
$UCSORGBACK
 10
0.0
 20
0.0
 30
0.0
  9
$PUCSBASE
  2

  9
$PUCSNAME
  2

  9
$PUCSORG
 10
0.0
 20
0.0
 30
0.0
  9
$PUCSXDIR
 10
1.0
 20
0.0
 30
0.0
  9
$PUCSYDIR
 10
0.0
 20
1.0
 30
0.0
  9
$PUCSORTHOREF
  2

  9
$PUCSORTHOVIEW
 70
     0
  9
$PUCSORGTOP
 10
0.0
 20
0.0
 30
0.0
  9
$PUCSORGBOTTOM
 10
0.0
 20
0.0
 30
0.0
  9
$PUCSORGLEFT
 10
0.0
 20
0.0
 30
0.0
  9
$PUCSORGRIGHT
 10
0.0
 20
0.0
 30
0.0
  9
$PUCSORGFRONT
 10
0.0
 20
0.0
 30
0.0
  9
$PUCSORGBACK
 10
0.0
 20
0.0
 30
0.0
  9
$USERI1
 70
     0
  9
$USERI2
 70
     0
  9
$USERI3
 70
     0
  9
$USERI4
 70
     0
  9
$USERI5
 70
     0
  9
$USERR1
 40
0.0
  9
$USERR2
 40
0.0
  9
$USERR3
 40
0.0
  9
$USERR4
 40
0.0
  9
$USERR5
 40
0.0
  9
$WORLDVIEW
 70
     1
  9
$SHADEDGE
 70
     3
  9
$SHADEDIF
 70
    70
  9
$TILEMODE
 70
     1
  9
$MAXACTVP
 70
    64
  9
$PINSBASE
 10
0.0
 20
0.0
 30
0.0
  9
$PLIMCHECK
 70
     0
  9
$PEXTMIN
 10
25.69999999999999
 20
-1478.312292511464
 30
-0.0203391732322232
  9
$PEXTMAX
 10
2969.355657471296
 20
175.5
 30
0.0156244069479574
  9
$PLIMMIN
 10
-20.0
 20
-7.5
  9
$PLIMMAX
 10
277.0
 20
202.5
  9
$UNITMODE
 70
     0
  9
$VISRETAIN
 70
     1
  9
$PLINEGEN
 70
     0
  9
$PSLTSCALE
 70
     1
  9
$TREEDEPTH
 70
  3020
  9
$CMLSTYLE
  2
Standard
  9
$CMLJUST
 70
     0
  9
$CMLSCALE
 40
20.0
  9
$PROXYGRAPHICS
 70
     1
  9
$MEASUREMENT
 70
     1
  9
$CELWEIGHT
370
    -1
  9
$ENDCAPS
280
     0
  9
$JOINSTYLE
280
     0
  9
$LWDISPLAY
290
     0
  9
$INSUNITS
 70
     4
  9
$HYPERLINKBASE
  1

  9
$STYLESHEET
  1
monochrome.ctb
  9
$XEDIT
290
     1
  9
$CEPSNTYPE
380
     0
  9
$PSTYLEMODE
290
     1
  9
$FINGERPRINTGUID
  2
{5E281F9F-3F29-F247-8B75-9D863567F3C1}
  9
$VERSIONGUID
  2
{55A8735A-083B-9F47-8255-9CFA877478B0}
  9
$EXTNAMES
290
     1
  9
$PSVPSCALE
 40
0.0
  9
$OLESTARTUP
290
     0
  9
$SORTENTS
280
   127
  9
$INDEXCTL
280
     0
  9
$HIDETEXT
280
     1
  9
$XCLIPFRAME
280
     2
  9
$HALOGAP
280
     0
  9
$OBSCOLOR
 70
   257
  9
$OBSLTYPE
280
     0
  9
$INTERSECTIONDISPLAY
280
     0
  9
$INTERSECTIONCOLOR
 70
   257
  9
$DIMASSOC
280
     2
  9
$PROJECTNAME
  1

  9
$CAMERADISPLAY
290
     0
  9
$LENSLENGTH
 40
50.0
  9
$CAMERAHEIGHT
 40
0.0
  9
$STEPSPERSEC
 40
2.0
  9
$STEPSIZE
 40
6.0
  9
$3DDWFPREC
 40
2.0
  9
$PSOLWIDTH
 40
5.0
  9
$PSOLHEIGHT
 40
80.0
  9
$LOFTANG1
 40
1.570796326794897
  9
$LOFTANG2
 40
1.570796326794897
  9
$LOFTMAG1
 40
0.0
  9
$LOFTMAG2
 40
0.0
  9
$LOFTPARAM
 70
     7
  9
$LOFTNORMALS
280
     1
  9
$LATITUDE
 40
37.795
  9
$LONGITUDE
 40
-122.394
  9
$NORTHDIRECTION
 40
0.0
  9
$TIMEZONE
 70
 -8000
  9
$LIGHTGLYPHDISPLAY
280
     1
  9
$TILEMODELIGHTSYNCH
280
     1
  9
$CMATERIAL
347
41
  9
$SOLIDHIST
280
     0
  9
$SHOWHIST
280
     1
  9
$DWFFRAME
280
     2
  9
$DGNFRAME
280
     0
  9
$REALWORLDSCALE
290
     1
  9
$INTERFERECOLOR
 62
     1
  9
$INTERFEREOBJVS
345
4F
  9
$INTERFEREVPVS
346
50
  9
$CSHADOW
280
     0
  9
$SHADOWPLANELOCATION
 40
0.0
  0
ENDSEC
  0
SECTION
  2
CLASSES
  0
CLASS
  1
ACDBDICTIONARYWDFLT
  2
AcDbDictionaryWithDefault
  3
ObjectDBX Classes
 90
        0
 91
        3
280
     0
281
     0
  0
CLASS
  1
ACDBPLACEHOLDER
  2
AcDbPlaceHolder
  3
ObjectDBX Classes
 90
        0
 91
        1
280
     0
281
     0
  0
CLASS
  1
LAYOUT
  2
AcDbLayout
  3
ObjectDBX Classes
 90
        0
 91
        1
280
     0
281
     0
  0
CLASS
  1
DICTIONARYVAR
  2
AcDbDictionaryVar
  3
ObjectDBX Classes
 90
        0
 91
        3
280
     0
281
     0
  0
CLASS
  1
TABLESTYLE
  2
AcDbTableStyle
  3
ObjectDBX Classes
 90
     4095
 91
        3
280
     0
281
     0
  0
CLASS
  1
MATERIAL
  2
AcDbMaterial
  3
ObjectDBX Classes
 90
     1153
 91
        3
280
     0
281
     0
  0
CLASS
  1
VISUALSTYLE
  2
AcDbVisualStyle
  3
ObjectDBX Classes
 90
     4095
 91
        3
280
     0
281
     0
  0
CLASS
  1
SCALE
  2
AcDbScale
  3
ObjectDBX Classes
 90
     1153
 91
        3
280
     0
281
     0
  0
CLASS
  1
MLEADERSTYLE
  2
AcDbMLeaderStyle
  3
ACDB_MLEADERSTYLE_CLASS
 90
     4095
 91
        3
280
     0
281
     0
  0
CLASS
  1
CELLSTYLEMAP
  2
AcDbCellStyleMap
  3
ObjectDBX Classes
 90
     1152
 91
        3
280
     0
281
     0
  0
CLASS
  1
EXACXREFPANELOBJECT
  2
ExAcXREFPanelObject
  3
EXAC_ESW
 90
     1025
 91
        1
280
     1
281
     0
  0
CLASS
  1
NPOCOLLECTION
  2
AcDbImpNonPersistentObjectsCollection
  3
ObjectDBX Classes
 90
     1153
 91
        1
280
     1
281
     0
  0
CLASS
  1
LAYER_INDEX
  2
AcDbLayerIndex
  3
ObjectDBX Classes
 90
        0
 91
        3
280
     0
281
     0
  0
CLASS
  1
SPATIAL_INDEX
  2
AcDbSpatialIndex
  3
AutoCAD 2000
 90
        0
 91
        3
280
     0
281
     0
  0
CLASS
  1
IDBUFFER
  2
AcDbIdBuffer
  3
ObjectDBX Classes
 90
        0
 91
        3
280
     0
281
     0
  0
CLASS
  1
ACDBSECTIONVIEWSTYLE
  2
AcDbSectionViewStyle
  3
ObjectDBX Classes
 90
     1025
 91
        3
280
     0
281
     0
  0
CLASS
  1
ACDBDETAILVIEWSTYLE
  2
AcDbDetailViewStyle
  3
ObjectDBX Classes
 90
     1025
 91
        3
280
     0
281
     0
  0
CLASS
  1
SORTENTSTABLE
  2
AcDbSortentsTable
  3
ObjectDBX Classes
 90
        0
 91
        3
280
     0
281
     0
  0
CLASS
  1
DIMASSOC
  2
AcDbDimAssoc
  3
"AcDbDimAssoc|Product Desc:     AcDim ARX App For Dimension|Company:          Autodesk, Inc.|WEB Address:      www.autodesk.com"
 90
        0
 91
        3
280
     0
281
     0
  0
CLASS
  1
ACAD_EVALUATION_GRAPH
  2
AcDbEvalGraph
  3
ObjectDBX Classes
 90
     1153
 91
        1
280
     1
281
     0
  0
CLASS
  1
ACAECUSTOBJ
  2
AcAeEditorObj
  3
AcAeEditorObj
 90
     1024
 91
        1
280
     1
281
     0
  0
CLASS
  1
BLOCKPOINTPARAMETER
  2
AcDbBlockPointParameter
  3
ObjectDBX Classes
 90
     1153
 91
        1
280
     1
281
     0
  0
CLASS
  1
ACDB_DYNAMICBLOCKPURGEPREVENTER_VERSION
  2
AcDbDynamicBlockPurgePreventer
  3
ObjectDBX Classes
 90
     1153
 91
        1
280
     1
281
     0
  0
CLASS
  1
BLOCKROTATIONPARAMETER
  2
AcDbBlockRotationParameter
  3
ObjectDBX Classes
 90
     1153
 91
        1
280
     1
281
     0
  0
CLASS
  1
BLOCKROTATIONGRIP
  2
AcDbBlockRotationGrip
  3
ObjectDBX Classes
 90
     1153
 91
        1
280
     1
281
     0
  0
CLASS
  1
BLOCKGRIPLOCATIONCOMPONENT
  2
AcDbBlockGripExpr
  3
ObjectDBX Classes
 90
     1153
 91
        1
280
     1
281
     0
  0
CLASS
  1
BLOCKLINEARPARAMETER
  2
AcDbBlockLinearParameter
  3
ObjectDBX Classes
 90
     1153
 91
        1
280
     1
281
     0
  0
CLASS
  1
BLOCKLINEARGRIP
  2
AcDbBlockLinearGrip
  3
ObjectDBX Classes
 90
     1153
 91
        1
280
     1
281
     0
  0
CLASS
  1
BLOCKFLIPPARAMETER
  2
AcDbBlockFlipParameter
  3
ObjectDBX Classes
 90
     1153
 91
        1
280
     1
281
     0
  0
CLASS
  1
BLOCKFLIPGRIP
  2
AcDbBlockFlipGrip
  3
ObjectDBX Classes
 90
     1153
 91
        1
280
     1
281
     0
  0
CLASS
  1
BLOCKSTRETCHACTION
  2
AcDbBlockStretchAction
  3
ObjectDBX Classes
 90
     1153
 91
        1
280
     1
281
     0
  0
CLASS
  1
BLOCKVISIBILITYPARAMETER
  2
AcDbBlockVisibilityParameter
  3
ObjectDBX Classes
 90
     1153
 91
        1
280
     1
281
     0
  0
CLASS
  1
BLOCKVISIBILITYGRIP
  2
AcDbBlockVisibilityGrip
  3
ObjectDBX Classes
 90
     1153
 91
        1
280
     1
281
     0
  0
CLASS
  1
BLOCKSCALEACTION
  2
AcDbBlockScaleAction
  3
ObjectDBX Classes
 90
     1153
 91
        1
280
     1
281
     0
  0
CLASS
  1
BLOCKROTATEACTION
  2
AcDbBlockRotateAction
  3
ObjectDBX Classes
 90
     1153
 91
        1
280
     1
281
     0
  0
CLASS
  1
BLOCKFLIPACTION
  2
AcDbBlockFlipAction
  3
ObjectDBX Classes
 90
     1153
 91
        1
280
     1
281
     0
  0
CLASS
  1
ACDB_BLOCKREPRESENTATION_DATA
  2
AcDbBlockRepresentationData
  3
ObjectDBX Classes
 90
     1153
 91
        1
280
     1
281
     0
  0
CLASS
  1
ACDB_BLKREFOBJECTCONTEXTDATA_CLASS
  2
AcDbBlkRefObjectContextData
  3
ObjectDBX Classes
 90
     1153
 91
        3
280
     0
281
     0
  0
CLASS
  1
IMAGE
  2
AcDbRasterImage
  3
ISM
 90
      127
 91
        4
280
     0
281
     1
  0
CLASS
  1
IMAGEDEF_REACTOR
  2
AcDbRasterImageDefReactor
  3
ISM
 90
        1
 91
        3
280
     0
281
     0
  0
CLASS
  1
IMAGEDEF
  2
AcDbRasterImageDef
  3
ISM
 90
        0
 91
        3
280
     0
281
     0
  0
CLASS
  1
RASTERVARIABLES
  2
AcDbRasterVariables
  3
ISM
 90
        0
 91
        3
280
     0
281
     0
  0
CLASS
  1
SOLID_BACKGROUND
  2
AcDbSolidBackground
  3
SCENEOE
 90
     4095
 91
        3
280
     0
281
     0
  0
CLASS
  1
BLOCKLINEARCONSTRAINTPARAMETER
  2
AcDbBlockLinearConstraintParameter
  3
ObjectDBX Classes
 90
     1153
 91
        1
280
     1
281
     0
  0
CLASS
  1
BLOCKVERTICALCONSTRAINTPARAMETER
  2
AcDbBlockVerticalConstraintParameter
  3
ObjectDBX Classes
 90
     1153
 91
        1
280
     1
281
     0
  0
CLASS
  1
ACARRAYJIGENTITY
  2
AcArrayJigEntity
  3
ACAD_ARRAY
 90
      129
 91
        1
280
     1
281
     1
  0
CLASS
  1
ACDBASSOCNETWORK
  2
AcDbAssocNetwork
  3
ObjectDBX Classes
 90
     1025
 91
        1
280
     1
281
     0
  0
CLASS
  1
ACDBASSOCACTION
  2
AcDbAssocAction
  3
ObjectDBX Classes
 90
     1025
 91
        1
280
     1
281
     0
  0
CLASS
  1
ACDBASSOCARRAYACTIONBODY
  2
AcDbAssocArrayActionBody
  3
ObjectDBX Classes
 90
     1025
 91
        1
280
     1
281
     0
  0
CLASS
  1
ACDBASSOCVERTEXACTIONPARAM
  2
AcDbAssocVertexActionParam
  3
ObjectDBX Classes
 90
     1025
 91
        1
280
     1
281
     0
  0
CLASS
  1
ACDBASSOCEDGEACTIONPARAM
  2
AcDbAssocEdgeActionParam
  3
ObjectDBX Classes
 90
     1025
 91
        1
280
     1
281
     0
  0
CLASS
  1
ACDBASSOCDEPENDENCY
  2
AcDbAssocDependency
  3
ObjectDBX Classes
 90
     1025
 91
        1
280
     1
281
     0
  0
CLASS
  1
ACDBASSOCARRAYPATHPARAMETERS
  2
AcDbAssocArrayPathParameters
  3
ObjectDBX Classes
 90
     1025
 91
        1
280
     1
281
     0
  0
CLASS
  1
AEC_REFEDIT_STATUS_TRACKER
  2
AecDbRefEditStatusTracker
  3
AecArchBase70|Product Desc: Autodesk Architectural Desktop 2007 |Company: Autodesk,Inc. |WEB Address: www.autodesk.com
 90
      129
 91
        1
280
     1
281
     0
  0
ENDSEC
  0
SECTION
  2
TABLES
  0
TABLE
  2
VPORT
  5
28
102
{ACAD_XDICTIONARY
360
2D
102
}
330
0
100
AcDbSymbolTable
 70
     1
  0
VPORT
  5
29
330
28
100
AcDbSymbolTableRecord
100
AcDbViewportTableRecord
  2
*Active
 70
     0
 10
0.0
 20
0.0
 11
1.0
 21
1.0
 12
709758.5084977967
 22
-519307.5635674051
 13
0.0
 23
0.0
 14
10.0
 24
10.0
 15
10.0
 25
10.0
 16
-1.182343112304807E-11
 26
0.0
 36
53765.9819611063
 17
6667.862118383847
 27
9092.243603725618
 37
404.4844793437761
 40
35596.48582115089
 41
2.328883495145631
 42
50.0
 43
0.0
 44
0.0
 50
0.0
 51
0.0
 71
     0
 72
  1000
 73
     1
 74
     3
 75
     0
 76
     0
 77
     0
 78
     0
281
     0
 65
     1
110
0.0
120
0.0
130
0.0
111
1.0
121
0.0
131
0.0
112
0.0
122
1.0
132
0.0
 79
     0
146
0.0
348
2A
 60
     3
 61
     5
292
     1
282
     1
141
0.0
142
0.0
 63
   250
421
  3355443
1001
ACAD_NAV_VCDISPLAY
1070
     3
  0
ENDTAB
  0
TABLE
  2
LTYPE
  5
23
330
0
100
AcDbSymbolTable
 70
     4
  0
LTYPE
  5
24
330
23
100
AcDbSymbolTableRecord
100
AcDbLinetypeTableRecord
  2
ByBlock
 70
     0
  3

 72
    65
 73
     0
 40
0.0
  0
LTYPE
  5
25
330
23
100
AcDbSymbolTableRecord
100
AcDbLinetypeTableRecord
  2
ByLayer
 70
     0
  3

 72
    65
 73
     0
 40
0.0
  0
LTYPE
  5
14
330
23
100
AcDbSymbolTableRecord
100
AcDbLinetypeTableRecord
  2
Continuous
 70
     0
  3
Solid line
 72
    65
 73
     0
 40
0.0
  0
LTYPE
  5
317
330
23
100
AcDbSymbolTableRecord
100
AcDbLinetypeTableRecord
  2
CENTER
 70
     0
  3
Center ____ _ ____ _ ____ _ ____ _ ____ _ ____
 72
    65
 73
     4
 40
2.0
 49
1.25
 74
     0
 49
-0.25
 74
     0
 49
0.25
 74
     0
 49
-0.25
 74
     0
  0
LTYPE
  5
2932
330
23
100
AcDbSymbolTableRecord
100
AcDbLinetypeTableRecord
  2
HIDDEN
 70
     0
  3
Hidden __ __ __ __ __ __ __ __ __ __ __ __ __ _
 72
    65
 73
     2
 40
0.375
 49
0.25
 74
     0
 49
-0.125
 74
     0
  0
LTYPE
  5
2027045
330
23
100
AcDbSymbolTableRecord
100
AcDbLinetypeTableRecord
  2
1
 70
     0
  3
SOLID
 72
    65
 73
     0
 40
0.0
  0
ENDTAB
  0
TABLE
  2
LAYER
  5
1D
102
{ACAD_XDICTIONARY
360
1E
102
}
330
0
100
AcDbSymbolTable
 70
    16
  0
LAYER
  5
6
330
1D
100
AcDbSymbolTableRecord
100
AcDbLayerTableRecord
  2
0
 70
     0
 62
     7
  6
Continuous
370
    -3
390
8
347
B
348
0
  0
LAYER
  5
4B
330
1D
100
AcDbSymbolTableRecord
100
AcDbLayerTableRecord
  2
Defpoints
 70
     0
 62
     7
  6
Continuous
290
     0
370
    -3
390
8
347
B
348
0
  0
LAYER
  5
2FE
330
1D
100
AcDbSymbolTableRecord
100
AcDbLayerTableRecord
  2
TEXT
 70
     0
 62
     7
  6
Continuous
370
    20
390
8
347
B
348
0
  0
LAYER
  5
1D5A
330
1D
100
AcDbSymbolTableRecord
100
AcDbLayerTableRecord
  2
RETAINING WALL
 70
     0
 62
     1
  6
Continuous
370
    30
390
8
347
B
348
0
1001
AcAecLayerStandard
1000

1000

1001
AcCmTransparency
1071
        0
  0
LAYER
  5
2933
330
1D
100
AcDbSymbolTableRecord
100
AcDbLayerTableRecord
  2
HATCH
 70
     0
 62
   251
  6
Continuous
370
     9
390
8
347
B
348
0
1001
AcAecLayerStandard
1000

1000

  0
LAYER
  5
2935
330
1D
100
AcDbSymbolTableRecord
100
AcDbLayerTableRecord
  2
DIM
 70
     0
 62
     5
  6
Continuous
370
    -3
390
8
347
B
348
0
  0
LAYER
  5
2936
330
1D
100
AcDbSymbolTableRecord
100
AcDbLayerTableRecord
  2
CENTER LINE
 70
     0
 62
   251
  6
CENTER
370
     5
390
8
347
B
348
0
1001
AcAecLayerStandard
1000

1000

1001
AcCmTransparency
1071
        0
  0
LAYER
  5
2937
330
1D
100
AcDbSymbolTableRecord
100
AcDbLayerTableRecord
  2
TXT
 70
     0
 62
     6
  6
Continuous
370
    -3
390
8
347
B
348
0
  0
LAYER
  5
2938
330
1D
100
AcDbSymbolTableRecord
100
AcDbLayerTableRecord
  2
STEEL
 70
     0
 62
     3
  6
Continuous
370
    -3
390
8
347
B
348
0
  0
LAYER
  5
293A
330
1D
100
AcDbSymbolTableRecord
100
AcDbLayerTableRecord
  2
FOOT
 70
     0
 62
     3
  6
Continuous
370
    -3
390
8
347
B
348
0
  0
LAYER
  5
293B
330
1D
100
AcDbSymbolTableRecord
100
AcDbLayerTableRecord
  2
COL
 70
     0
 62
     4
  6
Continuous
370
    -3
390
8
347
B
348
0
  0
LAYER
  5
101522B
330
1D
100
AcDbSymbolTableRecord
100
AcDbLayerTableRecord
  2
Columns
 70
     0
 62
     7
  6
Continuous
370
    -3
390
8
347
B
348
0
1001
AcAecLayerStandard
1000

1000

1001
AcCmTransparency
1071
        0
  0
LAYER
  5
202C00D
330
1D
100
AcDbSymbolTableRecord
100
AcDbLayerTableRecord
  2
DIM FOOTING
 70
     0
 62
     5
  6
Continuous
370
     9
390
8
347
B
348
0
1001
AcAecLayerStandard
1000

1000

1001
AcCmTransparency
1071
        0
  0
LAYER
  5
202EFE8
330
1D
100
AcDbSymbolTableRecord
100
AcDbLayerTableRecord
  2
comb foot
 70
     2
 62
     3
  6
Continuous
370
    -3
390
8
347
B
348
0
1001
AcAecLayerStandard
1000

1000

1001
AcCmTransparency
1071
        0
  0
LAYER
  5
8089DD5
330
1D
100
AcDbSymbolTableRecord
100
AcDbLayerTableRecord
  2
BEAMS
 70
     0
 62
     2
  6
1
370
    30
390
8
347
B
348
0
1001
AcAecLayerStandard
1000

1000

1001
AcCmTransparency
1071
        0
  0
LAYER
  5
F0FF1EF
330
1D
100
AcDbSymbolTableRecord
100
AcDbLayerTableRecord
  2
HAT
 70
     0
 62
     8
  6
Continuous
370
     9
390
8
347
B
348
0
  0
ENDTAB
  0
TABLE
  2
STYLE
  5
20
330
0
100
AcDbSymbolTable
 70
     3
  0
STYLE
  5
21
330
20
100
AcDbSymbolTableRecord
100
AcDbTextStyleTableRecord
  2
Standard
 70
     0
 40
0.0
 41
1.0
 50
0.0
 71
     0
 42
0.5
  3
arial.ttf
  4

1001
ACAD
1000
Arial
1071
       34
  0
STYLE
  5
94
330
20
100
AcDbSymbolTableRecord
100
AcDbTextStyleTableRecord
  2
TIMES
 70
     0
 40
0.0
 41
1.0
 50
0.0
 71
     0
 42
0.2
  3
arial.ttf
  4

1001
ACAD
1000
Arial
1071
       39
  0
STYLE
  5
174
330
20
100
AcDbSymbolTableRecord
100
AcDbTextStyleTableRecord
  2
ARIAL
 70
     0
 40
0.0
 41
1.0
 50
0.0
 71
     0
 42
6.0
  3
arial.ttf
  4

1001
ACAD
1000
Arial
1071
       34
  0
ENDTAB
  0
TABLE
  2
VIEW
  5
26
330
0
100
AcDbSymbolTable
 70
     0
  0
ENDTAB
  0
TABLE
  2
UCS
  5
27
330
0
100
AcDbSymbolTable
 70
     0
  0
ENDTAB
  0
TABLE
  2
APPID
  5
2E
330
0
100
AcDbSymbolTable
 70
    30
  0
APPID
  5
13
330
2E
100
AcDbSymbolTableRecord
100
AcDbRegAppTableRecord
  2
ACAD
 70
     0
  0
APPID
  5
18
330
2E
100
AcDbSymbolTableRecord
100
AcDbRegAppTableRecord
  2
ACAD_PSEXT
 70
     0
  0
APPID
  5
3C
330
2E
100
AcDbSymbolTableRecord
100
AcDbRegAppTableRecord
  2
AcadAnnotative
 70
     0
  0
APPID
  5
31
330
2E
100
AcDbSymbolTableRecord
100
AcDbRegAppTableRecord
  2
ACAD_DSTYLE_DIMJAG
 70
     0
  0
APPID
  5
32
330
2E
100
AcDbSymbolTableRecord
100
AcDbRegAppTableRecord
  2
ACAD_DSTYLE_DIMTALN
 70
     0
  0
APPID
  5
2C
330
2E
100
AcDbSymbolTableRecord
100
AcDbRegAppTableRecord
  2
ACAD_NAV_VCDISPLAY
 70
     0
  0
APPID
  5
135
330
2E
100
AcDbSymbolTableRecord
100
AcDbRegAppTableRecord
  2
AcAecLayerStandard
 70
     0
  0
APPID
  5
18A
330
2E
100
AcDbSymbolTableRecord
100
AcDbRegAppTableRecord
  2
AcCmTransparency
 70
     0
  0
APPID
  5
65
330
2E
100
AcDbSymbolTableRecord
100
AcDbRegAppTableRecord
  2
AcDbBlockRepETag
 70
     0
  0
APPID
  5
194
330
2E
100
AcDbSymbolTableRecord
100
AcDbRegAppTableRecord
  2
GradientColor1ACI
 70
     0
  0
APPID
  5
195
330
2E
100
AcDbSymbolTableRecord
100
AcDbRegAppTableRecord
  2
GradientColor2ACI
 70
     0
  0
APPID
  5
165
330
2E
100
AcDbSymbolTableRecord
100
AcDbRegAppTableRecord
  2
AcDbDynamicBlockGUID
 70
     0
  0
APPID
  5
268
330
2E
100
AcDbSymbolTableRecord
100
AcDbRegAppTableRecord
  2
ACAUTHENVIRON
 70
     0
  0
APPID
  5
187
330
2E
100
AcDbSymbolTableRecord
100
AcDbRegAppTableRecord
  2
RAK
 70
     0
  0
APPID
  5
39
330
2E
100
AcDbSymbolTableRecord
100
AcDbRegAppTableRecord
  2
ACAD_DSTYLE_DIMBREAK
 70
     0
  0
APPID
  5
269
330
2E
100
AcDbSymbolTableRecord
100
AcDbRegAppTableRecord
  2
AcDbDynamicBlockTrueName
 70
     0
  0
APPID
  5
33F
330
2E
100
AcDbSymbolTableRecord
100
AcDbRegAppTableRecord
  2
AcadStringInfo
 70
     0
  0
APPID
  5
CC1
330
2E
100
AcDbSymbolTableRecord
100
AcDbRegAppTableRecord
  2
HATCHBACKGROUNDCOLOR
 70
     0
  0
APPID
  5
F6D
330
2E
100
AcDbSymbolTableRecord
100
AcDbRegAppTableRecord
  2
ACAD_DSTYLE_DIMEXT_LENGTH
 70
     0
  0
APPID
  5
F77
330
2E
100
AcDbSymbolTableRecord
100
AcDbRegAppTableRecord
  2
AcDbAttr
 70
     0
  0
APPID
  5
475D
330
2E
100
AcDbSymbolTableRecord
100
AcDbRegAppTableRecord
  2
ACAD_EXEMPT_FROM_CAD_STANDARDS
 70
     0
  0
APPID
  5
52D9
330
2E
100
AcDbSymbolTableRecord
100
AcDbRegAppTableRecord
  2
AcLayerTools
 70
     0
  0
APPID
  5
69C9
330
2E
100
AcDbSymbolTableRecord
100
AcDbRegAppTableRecord
  2
ACAD_MLEADERVER
 70
     0
  0
APPID
  5
10130F3
330
2E
100
AcDbSymbolTableRecord
100
AcDbRegAppTableRecord
  2
ADE
 70
     0
  0
APPID
  5
101816C
330
2E
100
AcDbSymbolTableRecord
100
AcDbRegAppTableRecord
  2
AcadAnnoMonitorAlertIconDisabled
 70
     0
  0
APPID
  5
3033FF3
330
2E
100
AcDbSymbolTableRecord
100
AcDbRegAppTableRecord
  2
ACAD_DSTYLE_DIMINSPECT
 70
     0
  0
APPID
  5
9096789
330
2E
100
AcDbSymbolTableRecord
100
AcDbRegAppTableRecord
  2
ACAD_DSTYLE_DIMJOGGED_JOGANGLE_SYMBOL
 70
     0
  0
APPID
  5
909B14F
330
2E
100
AcDbSymbolTableRecord
100
AcDbRegAppTableRecord
  2
ACAD_DSTYLE_DIM_LINETYPE
 70
     0
  0
APPID
  5
909B150
330
2E
100
AcDbSymbolTableRecord
100
AcDbRegAppTableRecord
  2
ACAD_DSTYLE_DIM_EXT1_LINETYPE
 70
     0
  0
APPID
  5
909B151
330
2E
100
AcDbSymbolTableRecord
100
AcDbRegAppTableRecord
  2
ACAD_DSTYLE_DIM_EXT2_LINETYPE
 70
     0
  0
ENDTAB
  0
TABLE
  2
DIMSTYLE
  5
2F
330
0
100
AcDbSymbolTable
 70
     4
100
AcDbDimStyleTable
  0
DIMSTYLE
105
30
330
2F
100
AcDbSymbolTableRecord
100
AcDbDimStyleTableRecord
  2
Standard
 70
     0
  3
\X
 73
     0
 74
     0
140
1.0
143
39.3700787402
170
     1
171
     0
178
     0
271
     2
272
     2
273
     3
274
     0
340
21
1001
ACAD_DSTYLE_DIMJAG
1070
   388
1040
1.5
1001
ACAD_DSTYLE_DIMTALN
1070
   392
1070
     0
  0
DIMSTYLE
105
1D5C
330
2F
100
AcDbSymbolTableRecord
100
AcDbDimStyleTableRecord
  2
FOOTING
 70
     0
 41
100.0
 42
60.0
 43
60.0
 44
60.0
 46
60.0
 73
     0
 74
     0
 77
     1
140
250.0
143
32.04
147
50.0
173
     1
174
     1
176
   256
177
   256
271
     0
178
     6
271
     0
272
     0
273
     6
279
     2
289
     0
340
174
343
35
344
35
371
    -1
372
    -1
345
25
346
25
347
25
1001
ACAD_DSTYLE_DIMBREAK
1070
   391
1040
0.0
1001
ACAD_DSTYLE_DIMJAG
1070
   388
1040
1.5
1001
ACAD_DSTYLE_DIMTALN
1070
   392
1070
     0
  0
DIMSTYLE
105
3033FF2
102
{ACAD_REACTORS
330
F0FE5FF
330
F0FE615
330
F0FE638
330
F0FE650
330
F0FE6A5
330
F0FE6BD
330
F0FE6D5
330
F0FE6EB
330
F0FE701
330
F0FE717
330
F0FE72D
330
F0FE743
330
F0FE759
330
F0FE76F
330
F0FECF2
330
F0FECF3
330
F0FEDF9
330
F0FEDE1
330
F0FF37E
330
F0FF37F
330
F0FF396
330
F0FF395
330
F0FF555
330
F0FF556
330
F0FF56C
330
F0FF56D
102
}
330
2F
100
AcDbSymbolTableRecord
100
AcDbDimStyleTableRecord
  2
FOOTING FOR CF SEC
 70
     0
 41
125.0
 42
25.0
 43
75.0
 44
75.0
 46
75.0
 73
     0
 74
     0
 77
     1
140
250.0
143
32.04
147
40.0
173
     1
174
     1
176
     5
177
     5
271
     0
178
     6
271
     0
272
     0
273
     6
279
     2
289
     0
340
174
343
35
344
35
371
    -1
372
    -1
1001
ACAD_DSTYLE_DIMBREAK
1070
   391
1040
0.0
1001
ACAD_DSTYLE_DIMJAG
1070
   388
1040
1.5
1001
ACAD_DSTYLE_DIMTALN
1070
   392
1070
     0
  0
DIMSTYLE
105
909B14D
102
{ACAD_REACTORS
330
F0FF1AE
330
F0FF1AF
330
F0FF3AC
330
F0FF3AD
330
F0FF583
330
F0FF584
330
F101076
102
}
330
2F
100
AcDbSymbolTableRecord
100
AcDbDimStyleTableRecord
  2
BEAMS
 70
     0
 41
75.0
 42
50.0
 43
50.0
 44
50.0
 46
50.0
 73
     0
 74
     0
 77
     1
140
225.0
143
32.04
147
25.0
173
     1
174
     1
176
   256
177
   256
271
     0
178
     6
271
     0
272
     0
273
     6
279
     2
289
     0
340
174
343
35
344
35
371
    -1
372
    -1
345
25
346
25
347
25
1001
ACAD_DSTYLE_DIMBREAK
1070
   391
1040
0.0
1001
ACAD_DSTYLE_DIMJAG
1070
   388
1040
1.5
1001
ACAD_DSTYLE_DIMTALN
1070
   392
1070
     0
  0
ENDTAB
  0
TABLE
  2
BLOCK_RECORD
  5
1
330
0
100
AcDbSymbolTable
 70
    34
  0
BLOCK_RECORD
  5
2
102
{ACAD_XDICTIONARY
360
3
102
}
330
1
100
AcDbSymbolTableRecord
100
AcDbBlockTableRecord
  2
*Model_Space
340
16
 70
     0
280
     1
281
     0
  0
BLOCK_RECORD
  5
19
330
1
100
AcDbSymbolTableRecord
100
AcDbBlockTableRecord
  2
*Paper_Space
340
1C
 70
     0
280
     1
281
     0
  0
BLOCK_RECORD
  5
35
330
1
100
AcDbSymbolTableRecord
100
AcDbBlockTableRecord
  2
_ArchTick
340
0
310
2800000020000000200000000100200000000000001000000100000001000000000000000000000001000000000000FF000000FF000000FFFFFFFFFF000000FF000000FF000000FF000000FF000000FF000000FF000000FF000000FF000000FF000000FF000000FF000000FF000000FF000000FF000000FF000000FF000000
310
FF000000FF000000FF000000FF000000FF000000FF000000FF000000FF000000FF000000FF000000FF000000FF000000FF000000FFFFFFFFFF000000FFFFFFFFFF000000FF000000FF000000FF000000FF000000FF000000FF000000FF000000FF000000FF000000FF000000FF000000FF000000FF000000FF000000FF0000
310
00FF000000FF000000FF000000FF000000FF000000FF000000FF000000FF000000FF000000FF000000FF000000FF000000FFFFFFFFFF000000FF000000FF000000FFFFFFFFFF000000FF000000FF000000FF000000FF000000FF000000FF000000FF000000FF000000FF000000FF000000FF000000FF000000FF000000FF00
310
0000FF000000FF000000FF000000FF000000FF000000FF000000FF000000FF000000FF000000FF000000FF000000FFFFFFFFFF000000FF000000FF000000FF000000FF000000FFFFFFFFFF000000FF000000FF000000FF000000FF000000FF000000FF000000FF000000FF000000FF000000FF000000FF000000FF000000FF
310
000000FF000000FF000000FF000000FF000000FF000000FF000000FF000000FF000000FF000000FF000000FF000000FF000000FFFFFFFFFF000000FF000000FF000000FF000000FF000000FFFFFFFFFF000000FF000000FF000000FF000000FF000000FF000000FF000000FF000000FF000000FF000000FF000000FF000000
310
FF000000FF000000FF000000FF000000FF000000FF000000FF000000FF000000FF000000FF000000FF000000FF000000FF000000FF000000FFFFFFFFFF000000FF000000FF000000FF000000FF000000FFFFFFFFFF000000FF000000FF000000FF000000FF000000FF000000FF000000FF000000FF000000FF000000FF0000
310
00FF000000FF000000FF000000FF000000FF000000FF000000FF000000FF000000FF000000FF000000FF000000FF000000FF000000FF000000FF000000FFFFFFFFFF000000FF000000FF000000FF000000FF000000FFFFFFFFFF000000FF000000FF000000FF000000FF000000FF000000FF000000FF000000FF000000FF00
310
0000FF000000FF000000FF000000FF000000FF000000FF000000FF000000FF000000FF000000FF000000FF000000FF000000FF000000FF000000FF000000FF000000FFFFFFFFFF000000FF000000FF000000FF000000FF000000FFFFFFFFFF000000FF000000FF000000FF000000FF000000FF000000FF000000FF000000FF
310
000000FF000000FF000000FF000000FF000000FF000000FF000000FF000000FF000000FF000000FF000000FF000000FF000000FF000000FF000000FF000000FF000000FF000000FFFFFFFFFF000000FF000000FF000000FF000000FF000000FFFFFFFFFF000000FF000000FF000000FF000000FF000000FF000000FF000000
310
FF000000FF000000FF000000FF000000FF000000FF000000FF000000FF000000FF000000FF000000FF000000FF000000FF000000FF000000FF000000FF000000FF000000FF000000FF000000FFFFFFFFFF000000FF000000FF000000FF000000FF000000FFFFFFFFFF000000FF000000FF000000FF000000FF000000FF0000
310
00FF000000FF000000FF000000FF000000FF000000FF000000FF000000FF000000FF000000FF000000FF000000FF000000FF000000FF000000FF000000FF000000FF000000FF000000FF000000FF000000FFFFFFFFFF000000FF000000FF000000FF000000FF000000FFFFFFFFFF000000FF000000FF000000FF000000FF00
310
0000FF000000FF000000FF000000FF000000FF000000FF000000FF000000FF000000FF000000FF000000FF000000FF000000FF000000FF000000FF000000FF000000FF000000FF000000FF000000FF000000FF000000FFFFFFFFFF000000FF000000FF000000FF000000FF000000FFFFFFFFFF000000FF000000FF000000FF
310
000000FF000000FF000000FF000000FF000000FF000000FF000000FF000000FF000000FF000000FF000000FF000000FF000000FF000000FF000000FF000000FF000000FF000000FF000000FF000000FF000000FF000000FF000000FFFFFFFFFF000000FF000000FF000000FF000000FF000000FFFFFFFFFF000000FF000000
310
FF000000FF000000FF000000FF000000FF000000FF000000FF000000FF000000FF000000FF000000FF000000FF000000FF000000FF000000FF000000FF000000FF000000FF000000FF000000FF000000FF000000FF000000FF000000FF000000FFFFFFFFFF000000FF000000FF000000FF000000FF000000FFFFFFFFFF0000
310
00FF000000FF000000FF000000FF000000FF000000FF000000FF000000FF000000FF000000FF000000FF000000FF000000FF000000FF000000FF000000FF000000FF000000FF000000FF000000FF000000FF000000FF000000FF000000FF000000FF000000FFFFFFFFFF000000FF000000FF000000FF000000FF000000FFFF
310
FFFFFF000000FF000000FF000000FF000000FF000000FF000000FF000000FF000000FF000000FF000000FF000000FF000000FF000000FF000000FF000000FF000000FF000000FF000000FF000000FF000000FF000000FF000000FF000000FF000000FF000000FF000000FFFFFFFFFF000000FF000000FF000000FF000000FF
310
000000FFFFFFFFFF000000FF000000FF000000FF000000FF000000FF000000FF000000FF000000FF000000FF000000FF000000FF000000FF000000FF000000FF000000FF000000FF000000FF000000FF000000FF000000FF000000FF000000FF000000FF000000FF000000FF000000FFFFFFFFFF000000FF000000FF000000
310
FF000000FF000000FFFFFFFFFF000000FF000000FF000000FF000000FF000000FF000000FF000000FF000000FF000000FF000000FF000000FF000000FF000000FF000000FF000000FF000000FF000000FF000000FF000000FF000000FF000000FF000000FF000000FF000000FF000000FF000000FFFFFFFFFF000000FF0000
310
00FF000000FF000000FF000000FFFFFFFFFF000000FF000000FF000000FF000000FF000000FF000000FF000000FF000000FF000000FF000000FF000000FF000000FF000000FF000000FF000000FF000000FF000000FF000000FF000000FF000000FF000000FF000000FF000000FF000000FF000000FF000000FFFFFFFFFF00
310
0000FF000000FF000000FF000000FF000000FFFFFFFFFF000000FF000000FF000000FF000000FF000000FF000000FF000000FF000000FF000000FF000000FF000000FF000000FF000000FF000000FF000000FF000000FF000000FF000000FF000000FF000000FF000000FF000000FF000000FF000000FF000000FF000000FF
310
FFFFFFFF000000FF000000FF000000FF000000FF000000FFFFFFFFFF000000FF000000FF000000FF000000FF000000FF000000FF000000FF000000FF000000FF000000FF000000FF000000FF000000FF000000FF000000FF000000FF000000FF000000FF000000FF000000FF000000FF000000FF000000FF000000FF000000
310
FF000000FFFFFFFFFF000000FF000000FF000000FF000000FF000000FFFFFFFFFF000000FF000000FF000000FF000000FF000000FF000000FF000000FF000000FF000000FF000000FF000000FF000000FF000000FF000000FF000000FF000000FF000000FF000000FF000000FF000000FF000000FF000000FF000000FF0000
310
00FF000000FF000000FFFFFFFFFF000000FF000000FF000000FF000000FF000000FFFFFFFFFF000000FF000000FF000000FF000000FF000000FF000000FF000000FF000000FF000000FF000000FF000000FF000000FF000000FF000000FF000000FF000000FF000000FF000000FF000000FF000000FF000000FF000000FF00
310
0000FF000000FF000000FF000000FFFFFFFFFF000000FF000000FF000000FF000000FF000000FFFFFFFFFF000000FF000000FF000000FF000000FF000000FF000000FF000000FF000000FF000000FF000000FF000000FF000000FF000000FF000000FF000000FF000000FF000000FF000000FF000000FF000000FF000000FF
310
000000FF000000FF000000FF000000FF000000FFFFFFFFFF000000FF000000FF000000FF000000FF000000FFFFFFFFFF000000FF000000FF000000FF000000FF000000FF000000FF000000FF000000FF000000FF000000FF000000FF000000FF000000FF000000FF000000FF000000FF000000FF000000FF000000FF000000
310
FF000000FF000000FF000000FF000000FF000000FF000000FFFFFFFFFF000000FF000000FF000000FF000000FF000000FFFFFFFFFF000000FF000000FF000000FF000000FF000000FF000000FF000000FF000000FF000000FF000000FF000000FF000000FF000000FF000000FF000000FF000000FF000000FF000000FF0000
310
00FF000000FF000000FF000000FF000000FF000000FF000000FF000000FFFFFFFFFF000000FF000000FF000000FF000000FF000000FFFFFFFFFF000000FF000000FF000000FF000000FF000000FF000000FF000000FF000000FF000000FF000000FF000000FF000000FF000000FF000000FF000000FF000000FF000000FF00
310
0000FF000000FF000000FF000000FF000000FF000000FF000000FF000000FF000000FFFFFFFFFF000000FF000000FF000000FF000000FF000000FFFFFFFFFF000000FF000000FF000000FF000000FF000000FF000000FF000000FF000000FF000000FF000000FF000000FF000000FF000000FF000000FF000000FF000000FF
310
000000FF000000FF000000FF000000FF000000FF000000FF000000FF000000FF000000FF000000FFFFFFFFFF000000FF000000FF000000FF000000FF000000FFFFFFFFFF000000FF000000FF000000FF000000FF000000FF000000FF000000FF000000FF000000FF000000FF000000FF000000FF000000FF000000FF000000
310
FF000000FF000000FF000000FF000000FF000000FF000000FF000000FF000000FF000000FF000000FF000000FFFFFFFFFF000000FF000000FF000000FF000000FF000000FFFFFFFFFF000000FF000000FF000000FF000000FF000000FF000000FF000000FF000000FF000000FF000000FF000000FF000000FF000000FF0000
310
00FF000000FF000000FF000000FF000000FF000000FF000000FF000000FF000000FF000000FF000000FF000000FF000000FFFFFFFFFF000000FF000000FF000000FFFFFFFFFF000000FF000000FF000000FF000000FF000000FF000000FF000000FF000000FF000000FF000000FF000000FF000000FF000000FF000000FF00
310
0000FF000000FF000000FF000000FF000000FF000000FF000000FF000000FF000000FF000000FF000000FF000000FF000000FF000000FFFFFFFFFF000000FFFFFFFFFF000000FF000000FF000000FF000000FF000000FF000000FF000000FF000000FF000000FF000000FF000000FF000000FF000000FF000000FF000000FF
310
000000FF000000FF000000FF000000FF000000FF000000FF000000FF000000FF000000FF000000FF000000FF000000FF000000FF000000FF000000FFFFFFFFFF000000FF000000FF
102
{BLKREFS
331
F0FE8F7
331
F0FE8F8
331
F0FE912
331
F0FE913
331
F0FE924
331
F0FE925
331
F0FE92D
331
F0FE92E
331
F0FE936
331
F0FE937
331
F0FE93F
331
F0FE940
331
F0FE948
331
F0FE949
331
F0FE951
331
F0FE952
331
F0FE95A
331
F0FE95B
331
F0FE963
331
F0FE964
331
F0FEAD9
331
F0FEADA
331
F0FEAE1
331
F0FEAE2
331
F0FEAEC
331
F0FEAED
331
F0FEAF5
331
F0FEAF6
331
F101555
331
F101556
331
F10155E
331
F10155F
331
F101579
331
F10157A
331
F101582
331
F101583
331
F10161D
331
F10161E
331
F101638
331
F101639
331
F101653
331
F101654
331
F10165C
331
F10165D
331
F101665
331
F101666
331
F10166E
331
F10166F
331
F101677
331
F101678
331
F101680
331
F101681
331
F1016CA
331
F1016CB
331
F1016D3
331
F1016D4
331
F1016DC
331
F1016DD
331
F1016E5
331
F1016E6
331
F1016EE
331
F1016EF
331
F1016F7
331
F1016F8
331
F101702
331
F101703
102
}
 70
     0
280
     1
281
     0
  0
BLOCK_RECORD
  5
F0FE600
330
1
100
AcDbSymbolTableRecord
100
AcDbBlockTableRecord
  2
*D1
340
0
 70
     0
280
     1
281
     0
  0
BLOCK_RECORD
  5
F0FE616
330
1
100
AcDbSymbolTableRecord
100
AcDbBlockTableRecord
  2
*D2
340
0
 70
     0
280
     1
281
     0
  0
BLOCK_RECORD
  5
F0FE639
330
1
100
AcDbSymbolTableRecord
100
AcDbBlockTableRecord
  2
*D3
340
0
 70
     0
280
     1
281
     0
  0
BLOCK_RECORD
  5
F0FE651
330
1
100
AcDbSymbolTableRecord
100
AcDbBlockTableRecord
  2
*D4
340
0
 70
     0
280
     1
281
     0
  0
BLOCK_RECORD
  5
F0FE6A8
330
1
100
AcDbSymbolTableRecord
100
AcDbBlockTableRecord
  2
*D5
340
0
 70
     0
280
     1
281
     0
  0
BLOCK_RECORD
  5
F0FE6C0
330
1
100
AcDbSymbolTableRecord
100
AcDbBlockTableRecord
  2
*D6
340
0
 70
     0
280
     1
281
     0
  0
BLOCK_RECORD
  5
F0FE6D6
330
1
100
AcDbSymbolTableRecord
100
AcDbBlockTableRecord
  2
*D7
340
0
 70
     0
280
     1
281
     0
  0
BLOCK_RECORD
  5
F0FE6EC
330
1
100
AcDbSymbolTableRecord
100
AcDbBlockTableRecord
  2
*D8
340
0
 70
     0
280
     1
281
     0
  0
BLOCK_RECORD
  5
F0FE702
330
1
100
AcDbSymbolTableRecord
100
AcDbBlockTableRecord
  2
*D9
340
0
 70
     0
280
     1
281
     0
  0
BLOCK_RECORD
  5
F0FE718
330
1
100
AcDbSymbolTableRecord
100
AcDbBlockTableRecord
  2
*D10
340
0
 70
     0
280
     1
281
     0
  0
BLOCK_RECORD
  5
F0FE72E
330
1
100
AcDbSymbolTableRecord
100
AcDbBlockTableRecord
  2
*D11
340
0
 70
     0
280
     1
281
     0
  0
BLOCK_RECORD
  5
F0FE744
330
1
100
AcDbSymbolTableRecord
100
AcDbBlockTableRecord
  2
*D12
340
0
 70
     0
280
     1
281
     0
  0
BLOCK_RECORD
  5
F0FE75A
330
1
100
AcDbSymbolTableRecord
100
AcDbBlockTableRecord
  2
*D13
340
0
 70
     0
280
     1
281
     0
  0
BLOCK_RECORD
  5
F0FE770
330
1
100
AcDbSymbolTableRecord
100
AcDbBlockTableRecord
  2
*D14
340
0
 70
     0
280
     1
281
     0
  0
BLOCK_RECORD
  5
F0FED0F
330
1
100
AcDbSymbolTableRecord
100
AcDbBlockTableRecord
  2
*D15
340
0
 70
     0
280
     1
281
     0
  0
BLOCK_RECORD
  5
F0FED1B
330
1
100
AcDbSymbolTableRecord
100
AcDbBlockTableRecord
  2
*D16
340
0
 70
     0
280
     1
281
     0
  0
BLOCK_RECORD
  5
F0FEDE2
330
1
100
AcDbSymbolTableRecord
100
AcDbBlockTableRecord
  2
*D17
340
0
 70
     0
280
     1
281
     0
  0
BLOCK_RECORD
  5
F0FEDFA
330
1
100
AcDbSymbolTableRecord
100
AcDbBlockTableRecord
  2
*D18
340
0
 70
     0
280
     1
281
     0
  0
BLOCK_RECORD
  5
F0FF1C5
330
1
100
AcDbSymbolTableRecord
100
AcDbBlockTableRecord
  2
*D19
340
0
 70
     0
280
     1
281
     0
  0
BLOCK_RECORD
  5
F0FF1D1
330
1
100
AcDbSymbolTableRecord
100
AcDbBlockTableRecord
  2
*D20
340
0
 70
     0
280
     1
281
     0
  0
BLOCK_RECORD
  5
F0FF3BF
330
1
100
AcDbSymbolTableRecord
100
AcDbBlockTableRecord
  2
*D21
340
0
 70
     0
280
     1
281
     0
  0
BLOCK_RECORD
  5
F0FF3CB
330
1
100
AcDbSymbolTableRecord
100
AcDbBlockTableRecord
  2
*D22
340
0
 70
     0
280
     1
281
     0
  0
BLOCK_RECORD
  5
F0FF3D7
330
1
100
AcDbSymbolTableRecord
100
AcDbBlockTableRecord
  2
*D23
340
0
 70
     0
280
     1
281
     0
  0
BLOCK_RECORD
  5
F0FF3E3
330
1
100
AcDbSymbolTableRecord
100
AcDbBlockTableRecord
  2
*D24
340
0
 70
     0
280
     1
281
     0
  0
BLOCK_RECORD
  5
F0FF3EF
330
1
100
AcDbSymbolTableRecord
100
AcDbBlockTableRecord
  2
*D25
340
0
 70
     0
280
     1
281
     0
  0
BLOCK_RECORD
  5
F0FF3FB
330
1
100
AcDbSymbolTableRecord
100
AcDbBlockTableRecord
  2
*D26
340
0
 70
     0
280
     1
281
     0
  0
BLOCK_RECORD
  5
F0FF596
330
1
100
AcDbSymbolTableRecord
100
AcDbBlockTableRecord
  2
*D27
340
0
 70
     0
280
     1
281
     0
  0
BLOCK_RECORD
  5
F0FF5A2
330
1
100
AcDbSymbolTableRecord
100
AcDbBlockTableRecord
  2
*D28
340
0
 70
     0
280
     1
281
     0
  0
BLOCK_RECORD
  5
F0FF5AE
330
1
100
AcDbSymbolTableRecord
100
AcDbBlockTableRecord
  2
*D29
340
0
 70
     0
280
     1
281
     0
  0
BLOCK_RECORD
  5
F0FF5BA
330
1
100
AcDbSymbolTableRecord
100
AcDbBlockTableRecord
  2
*D30
340
0
 70
     0
280
     1
281
     0
  0
BLOCK_RECORD
  5
F0FF5C6
330
1
100
AcDbSymbolTableRecord
100
AcDbBlockTableRecord
  2
*D31
340
0
 70
     0
280
     1
281
     0
  0
BLOCK_RECORD
  5
F0FF5D2
330
1
100
AcDbSymbolTableRecord
100
AcDbBlockTableRecord
  2
*D32
340
0
 70
     0
280
     1
281
     0
  0
BLOCK_RECORD
  5
F101077
330
1
100
AcDbSymbolTableRecord
100
AcDbBlockTableRecord
  2
*D33
340
0
 70
     0
280
     1
281
     0
  0
ENDTAB
  0
ENDSEC
  0
SECTION
  2
BLOCKS
  0
BLOCK
  5
5
330
2
100
AcDbEntity
  8
0
100
AcDbBlockBegin
  2
*Model_Space
 70
     0
 10
0.0
 20
0.0
 30
0.0
  3
*Model_Space
  1

  0
ENDBLK
  5
15
330
2
100
AcDbEntity
  8
0
100
AcDbBlockEnd
  0
BLOCK
  5
1A
330
19
100
AcDbEntity
 67
     1
  8
0
100
AcDbBlockBegin
  2
*Paper_Space
 70
     0
 10
0.0
 20
0.0
 30
0.0
  3
*Paper_Space
  1

  0
ENDBLK
  5
1B
330
19
100
AcDbEntity
 67
     1
  8
0
100
AcDbBlockEnd
  0
BLOCK
  5
36
330
35
100
AcDbEntity
  8
0
100
AcDbBlockBegin
  2
_ArchTick
 70
     0
 10
0.0
 20
0.0
 30
0.0
  3
_ArchTick
  1

  0
LWPOLYLINE
  5
37
330
35
100
AcDbEntity
  8
0
  6
ByBlock
 62
     0
100
AcDbPolyline
 90
        2
 70
     0
 43
0.15
 10
-0.5
 20
-0.5
 10
0.5
 20
0.5
  0
ENDBLK
  5
38
330
35
100
AcDbEntity
  8
0
100
AcDbBlockEnd
  0
BLOCK
  5
F0FE601
330
F0FE600
100
AcDbEntity
  8
0
100
AcDbBlockBegin
  2
*D1
 70
     1
 10
0.0
 20
0.0
 30
0.0
  3
*D1
  1

  0
LINE
  5
F0FEAD5
330
F0FE600
100
AcDbEntity
  8
DIM FOOTING
 62
     5
440
 16777216
 48
2.0
100
AcDbLine
 10
702984.9256193906
 20
-498727.8205552747
 30
0.0
 11
702984.9256193906
 21
-498531.5954972853
 31
0.0
  0
LINE
  5
F0FEAD6
330
F0FE600
100
AcDbEntity
  8
DIM FOOTING
 62
     5
440
 16777216
 48
2.0
100
AcDbLine
 10
703284.9256193906
 20
-498727.8205552747
 30
0.0
 11
703284.9256193906
 21
-498531.5954972853
 31
0.0
  0
LINE
  5
F0FEAD7
330
F0FE600
100
AcDbEntity
  8
DIM FOOTING
 62
     5
440
 16777216
 48
2.0
100
AcDbLine
 10
702909.9256193906
 20
-498606.5954972853
 30
0.0
 11
703359.9256193906
 21
-498606.5954972853
 31
0.0
  0
MTEXT
  5
F0FEAD8
330
F0FE600
100
AcDbEntity
  8
DIM FOOTING
 62
     6
440
 16777216
 48
2.0
100
AcDbMText
 10
703283.5549742847
 20
-498441.7165750538
 30
0.0
 40
250.0
 41
0.0
 46
0.0
 71
     5
 72
     1
  1
\A1;150
  7
ARIAL
 73
     1
 44
1.0
  0
INSERT
  5
F0FEAD9
330
F0FE600
100
AcDbEntity
  8
DIM FOOTING
 62
     5
440
 16777216
 48
2.0
100
AcDbBlockReference
  2
_ArchTick
 10
702984.9256193906
 20
-498606.5954972853
 30
0.0
 41
125.0
 42
125.0
 43
125.0
 50
180.0
  0
INSERT
  5
F0FEADA
330
F0FE600
100
AcDbEntity
  8
DIM FOOTING
 62
     5
440
 16777216
 48
2.0
100
AcDbBlockReference
  2
_ArchTick
 10
703284.9256193906
 20
-498606.5954972853
 30
0.0
 41
125.0
 42
125.0
 43
125.0
  0
POINT
  5
F0FEADB
330
F0FE600
100
AcDbEntity
  8
Defpoints
 62
     0
440
 16777216
 48
2.0
100
AcDbPoint
 10
702984.9256193906
 20
-498752.8205552747
 30
0.0
  0
POINT
  5
F0FEADC
330
F0FE600
100
AcDbEntity
  8
Defpoints
 62
     0
440
 16777216
 48
2.0
100
AcDbPoint
 10
703284.9256193906
 20
-498752.8205552747
 30
0.0
  0
POINT
  5
F0FEADD
330
F0FE600
100
AcDbEntity
  8
Defpoints
 62
     0
440
 16777216
 48
2.0
100
AcDbPoint
 10
703284.9256193906
 20
-498606.5954972853
 30
0.0
  0
ENDBLK
  5
F0FE602
330
F0FE600
100
AcDbEntity
  8
0
100
AcDbBlockEnd
  0
BLOCK
  5
F0FE617
330
F0FE616
100
AcDbEntity
  8
0
100
AcDbBlockBegin
  2
*D2
 70
     1
 10
0.0
 20
0.0
 30
0.0
  3
*D2
  1

  0
LINE
  5
F0FEADE
330
F0FE616
100
AcDbEntity
  8
DIM FOOTING
 62
     5
440
 16777216
 48
2.0
100
AcDbLine
 10
694259.925619391
 20
-498752.8205552749
 30
0.0
 11
693868.1692700027
 21
-498752.8205552749
 31
0.0
  0
LINE
  5
F0FEADF
330
F0FE616
100
AcDbEntity
  8
DIM FOOTING
 62
     5
440
 16777216
 48
2.0
100
AcDbLine
 10
694559.925619391
 20
-497852.8205552749
 30
0.0
 11
693868.1692700027
 21
-497852.8205552749
 31
0.0
  0
LINE
  5
F0FEAE0
330
F0FE616
100
AcDbEntity
  8
DIM FOOTING
 62
     5
440
 16777216
 48
2.0
100
AcDbLine
 10
693943.1692700027
 20
-498827.8205552749
 30
0.0
 11
693943.1692700027
 21
-497777.8205552749
 31
0.0
  0
INSERT
  5
F0FEAE1
330
F0FE616
100
AcDbEntity
  8
DIM FOOTING
 62
     5
440
 16777216
 48
2.0
100
AcDbBlockReference
  2
_ArchTick
 10
693943.1692700027
 20
-498752.8205552749
 30
0.0
 41
125.0
 42
125.0
 43
125.0
 50
270.0
  0
INSERT
  5
F0FEAE2
330
F0FE616
100
AcDbEntity
  8
DIM FOOTING
 62
     5
440
 16777216
 48
2.0
100
AcDbBlockReference
  2
_ArchTick
 10
693943.1692700027
 20
-497852.8205552749
 30
0.0
 41
125.0
 42
125.0
 43
125.0
 50
90.0
  0
MTEXT
  5
F0FEAE3
330
F0FE616
100
AcDbEntity
  8
DIM FOOTING
 62
     6
440
 16777216
 48
2.0
100
AcDbMText
 10
693775.5260230721
 20
-498302.820555275
 30
0.0
 40
250.0
 41
0.0
 46
0.0
 71
     5
 72
     1
  1
\A1;450 
  7
ARIAL
 11
6.123233995736766E-17
 21
1.0
 31
0.0
 73
     1
 44
1.0
  0
POINT
  5
F0FEAE4
330
F0FE616
100
AcDbEntity
  8
Defpoints
 62
     0
440
 16777216
 48
2.0
100
AcDbPoint
 10
694284.925619391
 20
-498752.8205552749
 30
-0.00000000001801
  0
POINT
  5
F0FEAE5
330
F0FE616
100
AcDbEntity
  8
Defpoints
 62
     0
440
 16777216
 48
2.0
100
AcDbPoint
 10
694584.925619391
 20
-497852.8205552749
 30
0.0000017035629243
  0
POINT
  5
F0FEAE6
330
F0FE616
100
AcDbEntity
  8
Defpoints
 62
     0
440
 16777216
 48
2.0
100
AcDbPoint
 10
693943.1692700027
 20
-497852.8205552749
 30
0.0
  0
ENDBLK
  5
F0FE618
330
F0FE616
100
AcDbEntity
  8
0
100
AcDbBlockEnd
  0
BLOCK
  5
F0FE63A
330
F0FE639
100
AcDbEntity
  8
0
100
AcDbBlockBegin
  2
*D3
 70
     1
 10
0.0
 20
0.0
 30
0.0
  3
*D3
  1

  0
LINE
  5
F0FEAE7
330
F0FE639
100
AcDbEntity
  8
DIM FOOTING
 62
     5
440
 16777216
 48
2.0
100
AcDbLine
 10
694259.925619391
 20
-498752.8205552749
 30
0.0
 11
693868.1692700037
 21
-498752.8205552749
 31
0.0
  0
LINE
  5
F0FEAE8
330
F0FE639
100
AcDbEntity
  8
DIM FOOTING
 62
     5
440
 16777216
 48
2.0
100
AcDbLine
 10
694259.925619391
 20
-499052.8205552674
 30
0.0
 11
693868.1692700037
 21
-499052.8205552674
 31
0.0
  0
LINE
  5
F0FEAE9
330
F0FE639
100
AcDbEntity
  8
DIM FOOTING
 62
     5
440
 16777216
 48
2.0
100
AcDbLine
 10
693943.1692700037
 20
-498752.8205552749
 30
0.0
 11
693943.1692700037
 21
-498627.8205552749
 31
0.0
  0
LINE
  5
F0FEAEA
330
F0FE639
100
AcDbEntity
  8
DIM FOOTING
 62
     5
440
 16777216
 48
2.0
100
AcDbLine
 10
693943.1692700037
 20
-499052.8205552674
 30
0.0
 11
693943.1692700037
 21
-499177.8205552674
 31
0.0
  0
LINE
  5
F0FEAEB
330
F0FE639
100
AcDbEntity
  8
DIM FOOTING
 62
     5
440
 16777216
 48
2.0
100
AcDbLine
 10
693943.1692700037
 20
-498752.8205552749
 30
0.0
 11
693943.1692700037
 21
-499052.8205552674
 31
0.0
  0
INSERT
  5
F0FEAEC
330
F0FE639
100
AcDbEntity
  8
DIM FOOTING
 62
     5
440
 16777216
 48
2.0
100
AcDbBlockReference
  2
_ArchTick
 10
693943.1692700037
 20
-498752.8205552749
 30
0.0
 41
125.0
 42
125.0
 43
125.0
 50
270.0
  0
INSERT
  5
F0FEAED
330
F0FE639
100
AcDbEntity
  8
DIM FOOTING
 62
     5
440
 16777216
 48
2.0
100
AcDbBlockReference
  2
_ArchTick
 10
693943.1692700037
 20
-499052.8205552674
 30
0.0
 41
125.0
 42
125.0
 43
125.0
 50
90.0
  0
MTEXT
  5
F0FEAEE
330
F0FE639
100
AcDbEntity
  8
DIM FOOTING
 62
     6
440
 16777216
 48
2.0
100
AcDbMText
 10
693775.526023073
 20
-498902.8205552713
 30
0.0
 40
250.0
 41
0.0
 46
0.0
 71
     5
 72
     1
  1
\A1;150 
  7
ARIAL
 11
6.123233995736766E-17
 21
1.0
 31
0.0
 73
     1
 44
1.0
  0
POINT
  5
F0FEAEF
330
F0FE639
100
AcDbEntity
  8
Defpoints
 62
     0
440
 16777216
 48
2.0
100
AcDbPoint
 10
694284.925619391
 20
-498752.8205552749
 30
-0.00000000001801
  0
POINT
  5
F0FEAF0
330
F0FE639
100
AcDbEntity
  8
Defpoints
 62
     0
440
 16777216
 48
2.0
100
AcDbPoint
 10
694284.925619391
 20
-499052.8205552674
 30
-0.00000000001801
  0
POINT
  5
F0FEAF1
330
F0FE639
100
AcDbEntity
  8
Defpoints
 62
     0
440
 16777216
 48
2.0
100
AcDbPoint
 10
693943.1692700037
 20
-499052.8205552674
 30
0.0
  0
ENDBLK
  5
F0FE63B
330
F0FE639
100
AcDbEntity
  8
0
100
AcDbBlockEnd
  0
BLOCK
  5
F0FE652
330
F0FE651
100
AcDbEntity
  8
0
100
AcDbBlockBegin
  2
*D4
 70
     1
 10
0.0
 20
0.0
 30
0.0
  3
*D4
  1

  0
LINE
  5
F0FEAF2
330
F0FE651
100
AcDbEntity
  8
DIM FOOTING
 62
     5
440
 16777216
 48
2.0
100
AcDbLine
 10
694304.4087914156
 20
-494852.8205552749
 30
0.0
 11
693868.1692700032
 21
-494852.8205552749
 31
0.0
  0
LINE
  5
F0FEAF3
330
F0FE651
100
AcDbEntity
  8
DIM FOOTING
 62
     5
440
 16777216
 48
2.0
100
AcDbLine
 10
694559.925619391
 20
-497852.8205552749
 30
0.0
 11
693868.1692700032
 21
-497852.8205552749
 31
0.0
  0
LINE
  5
F0FEAF4
330
F0FE651
100
AcDbEntity
  8
DIM FOOTING
 62
     5
440
 16777216
 48
2.0
100
AcDbLine
 10
693943.1692700032
 20
-494777.8205552749
 30
0.0
 11
693943.1692700032
 21
-497927.8205552749
 31
0.0
  0
INSERT
  5
F0FEAF5
330
F0FE651
100
AcDbEntity
  8
DIM FOOTING
 62
     5
440
 16777216
 48
2.0
100
AcDbBlockReference
  2
_ArchTick
 10
693943.1692700032
 20
-494852.8205552749
 30
0.0
 41
125.0
 42
125.0
 43
125.0
 50
90.0
  0
INSERT
  5
F0FEAF6
330
F0FE651
100
AcDbEntity
  8
DIM FOOTING
 62
     5
440
 16777216
 48
2.0
100
AcDbBlockReference
  2
_ArchTick
 10
693943.1692700032
 20
-497852.8205552749
 30
0.0
 41
125.0
 42
125.0
 43
125.0
 50
270.0
  0
MTEXT
  5
F0FEAF7
330
F0FE651
100
AcDbEntity
  8
DIM FOOTING
 62
     6
440
 16777216
 48
2.0
100
AcDbMText
 10
693775.5260230725
 20
-496352.820555275
 30
0.0
 40
250.0
 41
0.0
 46
0.0
 71
     5
 72
     1
  1
\A1;1500 
  7
ARIAL
 11
6.123233995736766E-17
 21
1.0
 31
0.0
 73
     1
 44
1.0
  0
POINT
  5
F0FEAF8
330
F0FE651
100
AcDbEntity
  8
Defpoints
 62
     0
440
 16777216
 48
2.0
100
AcDbPoint
 10
694329.4087914156
 20
-494852.8205552749
 30
-0.00000000001801
  0
POINT
  5
F0FEAF9
330
F0FE651
100
AcDbEntity
  8
Defpoints
 62
     0
440
 16777216
 48
2.0
100
AcDbPoint
 10
694584.925619391
 20
-497852.8205552749
 30
0.0000017035633773
  0
POINT
  5
F0FEAFA
330
F0FE651
100
AcDbEntity
  8
Defpoints
 62
     0
440
 16777216
 48
2.0
100
AcDbPoint
 10
693943.1692700032
 20
-497852.8205552749
 30
0.0
  0
ENDBLK
  5
F0FE653
330
F0FE651
100
AcDbEntity
  8
0
100
AcDbBlockEnd
  0
BLOCK
  5
F0FE6A9
330
F0FE6A8
100
AcDbEntity
  8
0
100
AcDbBlockBegin
  2
*D5
 70
     1
 10
0.0
 20
0.0
 30
0.0
  3
*D5
  1

  0
LINE
  5
F0FE921
330
F0FE6A8
100
AcDbEntity
  8
DIM FOOTING
 62
     5
440
 16777216
 48
2.0
100
AcDbLine
 10
696620.4564205443
 20
-509572.1431421418
 30
0.0
 11
696670.4564205457
 21
-509572.1431421418
 31
0.0
  0
LINE
  5
F0FE922
330
F0FE6A8
100
AcDbEntity
  8
DIM FOOTING
 62
     5
440
 16777216
 48
2.0
100
AcDbLine
 10
696620.4564205443
 20
-503372.1431421418
 30
0.0
 11
696670.4564205457
 21
-503372.1431421418
 31
0.0
  0
LINE
  5
F0FE923
330
F0FE6A8
100
AcDbEntity
  8
DIM FOOTING
 62
     5
440
 16777216
 48
2.0
100
AcDbLine
 10
696595.4564205457
 20
-509647.1431421418
 30
0.0
 11
696595.4564205457
 21
-503297.1431421418
 31
0.0
  0
INSERT
  5
F0FE924
330
F0FE6A8
100
AcDbEntity
  8
DIM FOOTING
 62
     5
440
 16777216
 48
2.0
100
AcDbBlockReference
  2
_ArchTick
 10
696595.4564205457
 20
-509572.1431421418
 30
0.0
 41
125.0
 42
125.0
 43
125.0
 50
270.0
  0
INSERT
  5
F0FE925
330
F0FE6A8
100
AcDbEntity
  8
DIM FOOTING
 62
     5
440
 16777216
 48
2.0
100
AcDbBlockReference
  2
_ArchTick
 10
696595.4564205457
 20
-503372.1431421418
 30
0.0
 41
125.0
 42
125.0
 43
125.0
 50
90.0
  0
MTEXT
  5
F0FE926
330
F0FE6A8
100
AcDbEntity
  8
DIM FOOTING
 62
     6
440
 16777216
 48
2.0
100
AcDbMText
 10
696427.727907585
 20
-506472.1431421419
 30
0.0
 40
250.0
 41
0.0
 46
0.0
 71
     5
 72
     1
  1
\A1;3100
  7
ARIAL
 11
6.123233995736766E-17
 21
1.0
 31
0.0
 73
     1
 44
1.0
  0
POINT
  5
F0FE927
330
F0FE6A8
100
AcDbEntity
  8
Defpoints
 62
     0
440
 16777216
 48
2.0
100
AcDbPoint
 10
696595.4564205443
 20
-509572.1431421418
 30
0.0
  0
POINT
  5
F0FE928
330
F0FE6A8
100
AcDbEntity
  8
Defpoints
 62
     0
440
 16777216
 48
2.0
100
AcDbPoint
 10
696595.4564205443
 20
-503372.1431421418
 30
0.0
  0
POINT
  5
F0FE929
330
F0FE6A8
100
AcDbEntity
  8
Defpoints
 62
     0
440
 16777216
 48
2.0
100
AcDbPoint
 10
696595.4564205457
 20
-503372.1431421418
 30
0.0
  0
ENDBLK
  5
F0FE6AA
330
F0FE6A8
100
AcDbEntity
  8
0
100
AcDbBlockEnd
  0
BLOCK
  5
F0FE6C1
330
F0FE6C0
100
AcDbEntity
  8
0
100
AcDbBlockBegin
  2
*D6
 70
     1
 10
0.0
 20
0.0
 30
0.0
  3
*D6
  1

  0
LINE
  5
F0FE945
330
F0FE6C0
100
AcDbEntity
  8
DIM FOOTING
 62
     5
440
 16777216
 48
2.0
100
AcDbLine
 10
695984.9256193907
 20
-504193.7348927447
 30
0.0
 11
695984.9256193907
 21
-504143.7348927447
 31
0.0
  0
LINE
  5
F0FE946
330
F0FE6C0
100
AcDbEntity
  8
DIM FOOTING
 62
     5
440
 16777216
 48
2.0
100
AcDbLine
 10
701584.9256193906
 20
-504193.7348927447
 30
0.0
 11
701584.9256193906
 21
-504143.7348927447
 31
0.0
  0
LINE
  5
F0FE947
330
F0FE6C0
100
AcDbEntity
  8
DIM FOOTING
 62
     5
440
 16777216
 48
2.0
100
AcDbLine
 10
695909.9256193907
 20
-504218.7348927447
 30
0.0
 11
701659.9256193906
 21
-504218.7348927447
 31
0.0
  0
INSERT
  5
F0FE948
330
F0FE6C0
100
AcDbEntity
  8
DIM FOOTING
 62
     5
440
 16777216
 48
2.0
100
AcDbBlockReference
  2
_ArchTick
 10
695984.9256193907
 20
-504218.7348927447
 30
0.0
 41
125.0
 42
125.0
 43
125.0
 50
180.0
  0
INSERT
  5
F0FE949
330
F0FE6C0
100
AcDbEntity
  8
DIM FOOTING
 62
     5
440
 16777216
 48
2.0
100
AcDbBlockReference
  2
_ArchTick
 10
701584.9256193906
 20
-504218.7348927447
 30
0.0
 41
125.0
 42
125.0
 43
125.0
  0
MTEXT
  5
F0FE94A
330
F0FE6C0
100
AcDbEntity
  8
DIM FOOTING
 62
     6
440
 16777216
 48
2.0
100
AcDbMText
 10
698784.9256193906
 20
-504051.0916458143
 30
0.0
 40
250.0
 41
0.0
 46
0.0
 71
     5
 72
     1
  1
\A1;2800
  7
ARIAL
 73
     1
 44
1.0
  0
POINT
  5
F0FE94B
330
F0FE6C0
100
AcDbEntity
  8
Defpoints
 62
     0
440
 16777216
 48
2.0
100
AcDbPoint
 10
695984.9256193907
 20
-504218.7348927447
 30
0.0
  0
POINT
  5
F0FE94C
330
F0FE6C0
100
AcDbEntity
  8
Defpoints
 62
     0
440
 16777216
 48
2.0
100
AcDbPoint
 10
701584.9256193906
 20
-504218.7348927447
 30
0.0
  0
POINT
  5
F0FE94D
330
F0FE6C0
100
AcDbEntity
  8
Defpoints
 62
     0
440
 16777216
 48
2.0
100
AcDbPoint
 10
701584.9256193906
 20
-504218.7348927447
 30
0.0
  0
ENDBLK
  5
F0FE6C2
330
F0FE6C0
100
AcDbEntity
  8
0
100
AcDbBlockEnd
  0
BLOCK
  5
F0FE6D7
330
F0FE6D6
100
AcDbEntity
  8
0
100
AcDbBlockBegin
  2
*D7
 70
     1
 10
0.0
 20
0.0
 30
0.0
  3
*D7
  1

  0
LINE
  5
F0FE90F
330
F0FE6D6
100
AcDbEntity
  8
DIM FOOTING
 62
     5
440
 16777216
 48
2.0
100
AcDbLine
 10
703009.9256662077
 20
-510972.1431421418
 30
0.0
 11
703959.9256662177
 21
-510972.1431421418
 31
0.0
  0
LINE
  5
F0FE910
330
F0FE6D6
100
AcDbEntity
  8
DIM FOOTING
 62
     5
440
 16777216
 48
2.0
100
AcDbLine
 10
703009.9256662077
 20
-501972.1431421417
 30
0.0
 11
703959.9256662177
 21
-501972.1431421417
 31
0.0
  0
LINE
  5
F0FE911
330
F0FE6D6
100
AcDbEntity
  8
DIM FOOTING
 62
     5
440
 16777216
 48
2.0
100
AcDbLine
 10
703884.9256662177
 20
-511047.1431421418
 30
0.0
 11
703884.9256662177
 21
-501897.1431421417
 31
0.0
  0
INSERT
  5
F0FE912
330
F0FE6D6
100
AcDbEntity
  8
DIM FOOTING
 62
     5
440
 16777216
 48
2.0
100
AcDbBlockReference
  2
_ArchTick
 10
703884.9256662177
 20
-510972.1431421418
 30
0.0
 41
125.0
 42
125.0
 43
125.0
 50
270.0
  0
INSERT
  5
F0FE913
330
F0FE6D6
100
AcDbEntity
  8
DIM FOOTING
 62
     5
440
 16777216
 48
2.0
100
AcDbBlockReference
  2
_ArchTick
 10
703884.9256662177
 20
-501972.1431421417
 30
0.0
 41
125.0
 42
125.0
 43
125.0
 50
90.0
  0
MTEXT
  5
F0FE914
330
F0FE6D6
100
AcDbEntity
  8
DIM FOOTING
 62
     6
440
 16777216
 48
2.0
100
AcDbMText
 10
703717.282419287
 20
-506472.1431421419
 30
0.0
 40
250.0
 41
0.0
 46
0.0
 71
     5
 72
     1
  1
\A1;4500
  7
ARIAL
 11
6.123233995736766E-17
 21
1.0
 31
0.0
 73
     1
 44
1.0
  0
POINT
  5
F0FE915
330
F0FE6D6
100
AcDbEntity
  8
Defpoints
 62
     0
440
 16777216
 48
2.0
100
AcDbPoint
 10
702984.9256662077
 20
-510972.1431421418
 30
0.0
  0
POINT
  5
F0FE916
330
F0FE6D6
100
AcDbEntity
  8
Defpoints
 62
     0
440
 16777216
 48
2.0
100
AcDbPoint
 10
702984.9256662077
 20
-501972.1431421417
 30
0.0
  0
POINT
  5
F0FE917
330
F0FE6D6
100
AcDbEntity
  8
Defpoints
 62
     0
440
 16777216
 48
2.0
100
AcDbPoint
 10
703884.9256662177
 20
-501972.1431421417
 30
0.0
  0
ENDBLK
  5
F0FE6D8
330
F0FE6D6
100
AcDbEntity
  8
0
100
AcDbBlockEnd
  0
BLOCK
  5
F0FE6ED
330
F0FE6EC
100
AcDbEntity
  8
0
100
AcDbBlockBegin
  2
*D8
 70
     1
 10
0.0
 20
0.0
 30
0.0
  3
*D8
  1

  0
LINE
  5
F0FE94E
330
F0FE6EC
100
AcDbEntity
  8
DIM FOOTING
 62
     5
440
 16777216
 48
2.0
100
AcDbLine
 10
694584.9256193908
 20
-510997.1430604575
 30
0.0
 11
694584.9256193908
 21
-511947.1431421416
 31
0.0
  0
LINE
  5
F0FE94F
330
F0FE6EC
100
AcDbEntity
  8
DIM FOOTING
 62
     5
440
 16777216
 48
2.0
100
AcDbLine
 10
702984.9256193906
 20
-510997.1430604562
 30
0.0
 11
702984.9256193906
 21
-511947.1431421416
 31
0.0
  0
LINE
  5
F0FE950
330
F0FE6EC
100
AcDbEntity
  8
DIM FOOTING
 62
     5
440
 16777216
 48
2.0
100
AcDbLine
 10
694509.9256193908
 20
-511872.1431421416
 30
0.0
 11
703059.9256193906
 21
-511872.1431421416
 31
0.0
  0
INSERT
  5
F0FE951
330
F0FE6EC
100
AcDbEntity
  8
DIM FOOTING
 62
     5
440
 16777216
 48
2.0
100
AcDbBlockReference
  2
_ArchTick
 10
694584.9256193908
 20
-511872.1431421416
 30
0.0
 41
125.0
 42
125.0
 43
125.0
 50
180.0
  0
INSERT
  5
F0FE952
330
F0FE6EC
100
AcDbEntity
  8
DIM FOOTING
 62
     5
440
 16777216
 48
2.0
100
AcDbBlockReference
  2
_ArchTick
 10
702984.9256193906
 20
-511872.1431421416
 30
0.0
 41
125.0
 42
125.0
 43
125.0
  0
MTEXT
  5
F0FE953
330
F0FE6EC
100
AcDbEntity
  8
DIM FOOTING
 62
     6
440
 16777216
 48
2.0
100
AcDbMText
 10
698784.9256193907
 20
-511704.4998952111
 30
0.0
 40
250.0
 41
0.0
 46
0.0
 71
     5
 72
     1
  1
\A1;4200
  7
ARIAL
 73
     1
 44
1.0
  0
POINT
  5
F0FE954
330
F0FE6EC
100
AcDbEntity
  8
Defpoints
 62
     0
440
 16777216
 48
2.0
100
AcDbPoint
 10
694584.9256193908
 20
-510972.1430604575
 30
0.0
  0
POINT
  5
F0FE955
330
F0FE6EC
100
AcDbEntity
  8
Defpoints
 62
     0
440
 16777216
 48
2.0
100
AcDbPoint
 10
702984.9256193906
 20
-510972.1430604562
 30
0.0
  0
POINT
  5
F0FE956
330
F0FE6EC
100
AcDbEntity
  8
Defpoints
 62
     0
440
 16777216
 48
2.0
100
AcDbPoint
 10
702984.9256193906
 20
-511872.1431421416
 30
0.0
  0
ENDBLK
  5
F0FE6EE
330
F0FE6EC
100
AcDbEntity
  8
0
100
AcDbBlockEnd
  0
BLOCK
  5
F0FE703
330
F0FE702
100
AcDbEntity
  8
0
100
AcDbBlockBegin
  2
*D9
 70
     1
 10
0.0
 20
0.0
 30
0.0
  3
*D9
  1

  0
LINE
  5
F0FE957
330
F0FE702
100
AcDbEntity
  8
DIM FOOTING
 62
     5
440
 16777216
 48
2.0
100
AcDbLine
 10
694559.9256662079
 20
-503142.1431421425
 30
0.0
 11
693909.9256662182
 21
-503142.1431421425
 31
0.0
  0
LINE
  5
F0FE958
330
F0FE702
100
AcDbEntity
  8
DIM FOOTING
 62
     5
440
 16777216
 48
2.0
100
AcDbLine
 10
694559.9256662079
 20
-501972.1431421417
 30
0.0
 11
693909.9256662182
 21
-501972.1431421417
 31
0.0
  0
LINE
  5
F0FE959
330
F0FE702
100
AcDbEntity
  8
DIM FOOTING
 62
     5
440
 16777216
 48
2.0
100
AcDbLine
 10
693984.9256662182
 20
-503217.1431421425
 30
0.0
 11
693984.9256662182
 21
-501897.1431421417
 31
0.0
  0
INSERT
  5
F0FE95A
330
F0FE702
100
AcDbEntity
  8
DIM FOOTING
 62
     5
440
 16777216
 48
2.0
100
AcDbBlockReference
  2
_ArchTick
 10
693984.9256662182
 20
-503142.1431421425
 30
0.0
 41
125.0
 42
125.0
 43
125.0
 50
270.0
  0
INSERT
  5
F0FE95B
330
F0FE702
100
AcDbEntity
  8
DIM FOOTING
 62
     5
440
 16777216
 48
2.0
100
AcDbBlockReference
  2
_ArchTick
 10
693984.9256662182
 20
-501972.1431421417
 30
0.0
 41
125.0
 42
125.0
 43
125.0
 50
90.0
  0
MTEXT
  5
F0FE95C
330
F0FE702
100
AcDbEntity
  8
DIM FOOTING
 62
     6
440
 16777216
 48
2.0
100
AcDbMText
 10
693817.2824192875
 20
-502557.1431421422
 30
0.0
 40
250.0
 41
0.0
 46
0.0
 71
     5
 72
     1
  1
\A1;585
  7
ARIAL
 11
6.123233995736766E-17
 21
1.0
 31
0.0
 73
     1
 44
1.0
  0
POINT
  5
F0FE95D
330
F0FE702
100
AcDbEntity
  8
Defpoints
 62
     0
440
 16777216
 48
2.0
100
AcDbPoint
 10
694584.9256662079
 20
-503142.1431421425
 30
0.0
  0
POINT
  5
F0FE95E
330
F0FE702
100
AcDbEntity
  8
Defpoints
 62
     0
440
 16777216
 48
2.0
100
AcDbPoint
 10
694584.9256662079
 20
-501972.1431421417
 30
0.0
  0
POINT
  5
F0FE95F
330
F0FE702
100
AcDbEntity
  8
Defpoints
 62
     0
440
 16777216
 48
2.0
100
AcDbPoint
 10
693984.9256662182
 20
-501972.1431421417
 30
0.0
  0
ENDBLK
  5
F0FE704
330
F0FE702
100
AcDbEntity
  8
0
100
AcDbBlockEnd
  0
BLOCK
  5
F0FE719
330
F0FE718
100
AcDbEntity
  8
0
100
AcDbBlockBegin
  2
*D10
 70
     1
 10
0.0
 20
0.0
 30
0.0
  3
*D10
  1

  0
LINE
  5
F0FE960
330
F0FE718
100
AcDbEntity
  8
DIM FOOTING
 62
     5
440
 16777216
 48
2.0
100
AcDbLine
 10
694559.9256662079
 20
-509802.1431421418
 30
0.0
 11
693909.9256662182
 21
-509802.1431421418
 31
0.0
  0
LINE
  5
F0FE961
330
F0FE718
100
AcDbEntity
  8
DIM FOOTING
 62
     5
440
 16777216
 48
2.0
100
AcDbLine
 10
694559.9256662079
 20
-510972.1431421418
 30
0.0
 11
693909.9256662182
 21
-510972.1431421418
 31
0.0
  0
LINE
  5
F0FE962
330
F0FE718
100
AcDbEntity
  8
DIM FOOTING
 62
     5
440
 16777216
 48
2.0
100
AcDbLine
 10
693984.9256662182
 20
-509727.1431421418
 30
0.0
 11
693984.9256662182
 21
-511047.1431421418
 31
0.0
  0
INSERT
  5
F0FE963
330
F0FE718
100
AcDbEntity
  8
DIM FOOTING
 62
     5
440
 16777216
 48
2.0
100
AcDbBlockReference
  2
_ArchTick
 10
693984.9256662182
 20
-509802.1431421418
 30
0.0
 41
125.0
 42
125.0
 43
125.0
 50
90.0
  0
INSERT
  5
F0FE964
330
F0FE718
100
AcDbEntity
  8
DIM FOOTING
 62
     5
440
 16777216
 48
2.0
100
AcDbBlockReference
  2
_ArchTick
 10
693984.9256662182
 20
-510972.1431421418
 30
0.0
 41
125.0
 42
125.0
 43
125.0
 50
270.0
  0
MTEXT
  5
F0FE965
330
F0FE718
100
AcDbEntity
  8
DIM FOOTING
 62
     6
440
 16777216
 48
2.0
100
AcDbMText
 10
693817.2824192875
 20
-510387.1431421419
 30
0.0
 40
250.0
 41
0.0
 46
0.0
 71
     5
 72
     1
  1
\A1;585
  7
ARIAL
 11
6.123233995736766E-17
 21
1.0
 31
0.0
 73
     1
 44
1.0
  0
POINT
  5
F0FE966
330
F0FE718
100
AcDbEntity
  8
Defpoints
 62
     0
440
 16777216
 48
2.0
100
AcDbPoint
 10
694584.9256662079
 20
-509802.1431421418
 30
0.0
  0
POINT
  5
F0FE967
330
F0FE718
100
AcDbEntity
  8
Defpoints
 62
     0
440
 16777216
 48
2.0
100
AcDbPoint
 10
694584.9256662079
 20
-510972.1431421418
 30
0.0
  0
POINT
  5
F0FE968
330
F0FE718
100
AcDbEntity
  8
Defpoints
 62
     0
440
 16777216
 48
2.0
100
AcDbPoint
 10
693984.9256662182
 20
-510972.1431421418
 30
0.0
  0
ENDBLK
  5
F0FE71A
330
F0FE718
100
AcDbEntity
  8
0
100
AcDbBlockEnd
  0
BLOCK
  5
F0FE72F
330
F0FE72E
100
AcDbEntity
  8
0
100
AcDbBlockBegin
  2
*D11
 70
     1
 10
0.0
 20
0.0
 30
0.0
  3
*D11
  1

  0
LINE
  5
F0FE92A
330
F0FE72E
100
AcDbEntity
  8
DIM FOOTING
 62
     5
440
 16777216
 48
2.0
100
AcDbLine
 10
694559.9256662079
 20
-503142.1431421416
 30
0.0
 11
693909.9256662168
 21
-503142.1431421416
 31
0.0
  0
LINE
  5
F0FE92B
330
F0FE72E
100
AcDbEntity
  8
DIM FOOTING
 62
     5
440
 16777216
 48
2.0
100
AcDbLine
 10
694559.9256662081
 20
-509802.1431421418
 30
0.0
 11
693909.9256662168
 21
-509802.1431421418
 31
0.0
  0
LINE
  5
F0FE92C
330
F0FE72E
100
AcDbEntity
  8
DIM FOOTING
 62
     5
440
 16777216
 48
2.0
100
AcDbLine
 10
693984.9256662168
 20
-503067.1431421416
 30
0.0
 11
693984.9256662168
 21
-509877.1431421418
 31
0.0
  0
INSERT
  5
F0FE92D
330
F0FE72E
100
AcDbEntity
  8
DIM FOOTING
 62
     5
440
 16777216
 48
2.0
100
AcDbBlockReference
  2
_ArchTick
 10
693984.9256662168
 20
-503142.1431421416
 30
0.0
 41
125.0
 42
125.0
 43
125.0
 50
90.0
  0
INSERT
  5
F0FE92E
330
F0FE72E
100
AcDbEntity
  8
DIM FOOTING
 62
     5
440
 16777216
 48
2.0
100
AcDbBlockReference
  2
_ArchTick
 10
693984.9256662168
 20
-509802.1431421418
 30
0.0
 41
125.0
 42
125.0
 43
125.0
 50
270.0
  0
MTEXT
  5
F0FE92F
330
F0FE72E
100
AcDbEntity
  8
DIM FOOTING
 62
     6
440
 16777216
 48
2.0
100
AcDbMText
 10
693817.197153256
 20
-506472.1431421418
 30
0.0
 40
250.0
 41
0.0
 46
0.0
 71
     5
 72
     1
  1
\A1;3330
  7
ARIAL
 11
6.123233995736766E-17
 21
1.0
 31
0.0
 73
     1
 44
1.0
  0
POINT
  5
F0FE930
330
F0FE72E
100
AcDbEntity
  8
Defpoints
 62
     0
440
 16777216
 48
2.0
100
AcDbPoint
 10
694584.9256662079
 20
-503142.1431421416
 30
0.0
  0
POINT
  5
F0FE931
330
F0FE72E
100
AcDbEntity
  8
Defpoints
 62
     0
440
 16777216
 48
2.0
100
AcDbPoint
 10
694584.9256662081
 20
-509802.1431421418
 30
0.0
  0
POINT
  5
F0FE932
330
F0FE72E
100
AcDbEntity
  8
Defpoints
 62
     0
440
 16777216
 48
2.0
100
AcDbPoint
 10
693984.9256662168
 20
-509802.1431421418
 30
0.0
  0
ENDBLK
  5
F0FE730
330
F0FE72E
100
AcDbEntity
  8
0
100
AcDbBlockEnd
  0
BLOCK
  5
F0FE745
330
F0FE744
100
AcDbEntity
  8
0
100
AcDbBlockBegin
  2
*D12
 70
     1
 10
0.0
 20
0.0
 30
0.0
  3
*D12
  1

  0
LINE
  5
F0FE8F4
330
F0FE744
100
AcDbEntity
  8
DIM FOOTING
 62
     5
440
 16777216
 48
2.0
100
AcDbLine
 10
702984.9256193906
 20
-501947.1431421413
 30
0.0
 11
702984.9256193906
 21
-501297.1431421429
 31
0.0
  0
LINE
  5
F0FE8F5
330
F0FE744
100
AcDbEntity
  8
DIM FOOTING
 62
     5
440
 16777216
 48
2.0
100
AcDbLine
 10
701814.9256193903
 20
-501947.1431421415
 30
0.0
 11
701814.9256193903
 21
-501297.1431421429
 31
0.0
  0
LINE
  5
F0FE8F6
330
F0FE744
100
AcDbEntity
  8
DIM FOOTING
 62
     5
440
 16777216
 48
2.0
100
AcDbLine
 10
703059.9256193906
 20
-501372.1431421429
 30
0.0
 11
701739.9256193903
 21
-501372.1431421429
 31
0.0
  0
INSERT
  5
F0FE8F7
330
F0FE744
100
AcDbEntity
  8
DIM FOOTING
 62
     5
440
 16777216
 48
2.0
100
AcDbBlockReference
  2
_ArchTick
 10
702984.9256193906
 20
-501372.1431421429
 30
0.0
 41
125.0
 42
125.0
 43
125.0
  0
INSERT
  5
F0FE8F8
330
F0FE744
100
AcDbEntity
  8
DIM FOOTING
 62
     5
440
 16777216
 48
2.0
100
AcDbBlockReference
  2
_ArchTick
 10
701814.9256193903
 20
-501372.1431421429
 30
0.0
 41
125.0
 42
125.0
 43
125.0
 50
180.0
  0
MTEXT
  5
F0FE8F9
330
F0FE744
100
AcDbEntity
  8
DIM FOOTING
 62
     6
440
 16777216
 48
2.0
100
AcDbMText
 10
702399.9256193904
 20
-501204.4998952124
 30
0.0
 40
250.0
 41
0.0
 46
0.0
 71
     5
 72
     1
  1
\A1;585
  7
ARIAL
 73
     1
 44
1.0
  0
POINT
  5
F0FE8FA
330
F0FE744
100
AcDbEntity
  8
Defpoints
 62
     0
440
 16777216
 48
2.0
100
AcDbPoint
 10
702984.9256193906
 20
-501972.1431421413
 30
0.0
  0
POINT
  5
F0FE8FB
330
F0FE744
100
AcDbEntity
  8
Defpoints
 62
     0
440
 16777216
 48
2.0
100
AcDbPoint
 10
701814.9256193903
 20
-501972.1431421415
 30
0.0
  0
POINT
  5
F0FE8FC
330
F0FE744
100
AcDbEntity
  8
Defpoints
 62
     0
440
 16777216
 48
2.0
100
AcDbPoint
 10
701814.9256193903
 20
-501372.1431421429
 30
0.0
  0
ENDBLK
  5
F0FE746
330
F0FE744
100
AcDbEntity
  8
0
100
AcDbBlockEnd
  0
BLOCK
  5
F0FE75B
330
F0FE75A
100
AcDbEntity
  8
0
100
AcDbBlockBegin
  2
*D13
 70
     1
 10
0.0
 20
0.0
 30
0.0
  3
*D13
  1

  0
LINE
  5
F0FE933
330
F0FE75A
100
AcDbEntity
  8
DIM FOOTING
 62
     5
440
 16777216
 48
2.0
100
AcDbLine
 10
695754.925632674
 20
-501947.1431421413
 30
0.0
 11
695754.925632674
 21
-501297.1431421429
 31
0.0
  0
LINE
  5
F0FE934
330
F0FE75A
100
AcDbEntity
  8
DIM FOOTING
 62
     5
440
 16777216
 48
2.0
100
AcDbLine
 10
701814.9256193906
 20
-501947.1431421418
 30
0.0
 11
701814.9256193906
 21
-501297.1431421429
 31
0.0
  0
LINE
  5
F0FE935
330
F0FE75A
100
AcDbEntity
  8
DIM FOOTING
 62
     5
440
 16777216
 48
2.0
100
AcDbLine
 10
695679.925632674
 20
-501372.1431421429
 30
0.0
 11
701889.9256193906
 21
-501372.1431421429
 31
0.0
  0
INSERT
  5
F0FE936
330
F0FE75A
100
AcDbEntity
  8
DIM FOOTING
 62
     5
440
 16777216
 48
2.0
100
AcDbBlockReference
  2
_ArchTick
 10
695754.925632674
 20
-501372.1431421429
 30
0.0
 41
125.0
 42
125.0
 43
125.0
 50
180.0
  0
INSERT
  5
F0FE937
330
F0FE75A
100
AcDbEntity
  8
DIM FOOTING
 62
     5
440
 16777216
 48
2.0
100
AcDbBlockReference
  2
_ArchTick
 10
701814.9256193906
 20
-501372.1431421429
 30
0.0
 41
125.0
 42
125.0
 43
125.0
  0
MTEXT
  5
F0FE938
330
F0FE75A
100
AcDbEntity
  8
DIM FOOTING
 62
     6
440
 16777216
 48
2.0
100
AcDbMText
 10
698784.9256260323
 20
-501204.4146291824
 30
0.0
 40
250.0
 41
0.0
 46
0.0
 71
     5
 72
     1
  1
\A1;3030
  7
ARIAL
 73
     1
 44
1.0
  0
POINT
  5
F0FE939
330
F0FE75A
100
AcDbEntity
  8
Defpoints
 62
     0
440
 16777216
 48
2.0
100
AcDbPoint
 10
695754.925632674
 20
-501972.1431421413
 30
0.0
  0
POINT
  5
F0FE93A
330
F0FE75A
100
AcDbEntity
  8
Defpoints
 62
     0
440
 16777216
 48
2.0
100
AcDbPoint
 10
701814.9256193906
 20
-501972.1431421418
 30
0.0
  0
POINT
  5
F0FE93B
330
F0FE75A
100
AcDbEntity
  8
Defpoints
 62
     0
440
 16777216
 48
2.0
100
AcDbPoint
 10
701814.9256193906
 20
-501372.1431421429
 30
0.0
  0
ENDBLK
  5
F0FE75C
330
F0FE75A
100
AcDbEntity
  8
0
100
AcDbBlockEnd
  0
BLOCK
  5
F0FE771
330
F0FE770
100
AcDbEntity
  8
0
100
AcDbBlockBegin
  2
*D14
 70
     1
 10
0.0
 20
0.0
 30
0.0
  3
*D14
  1

  0
LINE
  5
F0FE93C
330
F0FE770
100
AcDbEntity
  8
DIM FOOTING
 62
     5
440
 16777216
 48
2.0
100
AcDbLine
 10
694584.9256193908
 20
-501947.1431421415
 30
0.0
 11
694584.9256193908
 21
-501297.1431421424
 31
0.0
  0
LINE
  5
F0FE93D
330
F0FE770
100
AcDbEntity
  8
DIM FOOTING
 62
     5
440
 16777216
 48
2.0
100
AcDbLine
 10
695754.925632674
 20
-501947.1431421415
 30
0.0
 11
695754.925632674
 21
-501297.1431421424
 31
0.0
  0
LINE
  5
F0FE93E
330
F0FE770
100
AcDbEntity
  8
DIM FOOTING
 62
     5
440
 16777216
 48
2.0
100
AcDbLine
 10
694509.9256193908
 20
-501372.1431421424
 30
0.0
 11
695829.925632674
 21
-501372.1431421424
 31
0.0
  0
INSERT
  5
F0FE93F
330
F0FE770
100
AcDbEntity
  8
DIM FOOTING
 62
     5
440
 16777216
 48
2.0
100
AcDbBlockReference
  2
_ArchTick
 10
694584.9256193908
 20
-501372.1431421424
 30
0.0
 41
125.0
 42
125.0
 43
125.0
 50
180.0
  0
INSERT
  5
F0FE940
330
F0FE770
100
AcDbEntity
  8
DIM FOOTING
 62
     5
440
 16777216
 48
2.0
100
AcDbBlockReference
  2
_ArchTick
 10
695754.925632674
 20
-501372.1431421424
 30
0.0
 41
125.0
 42
125.0
 43
125.0
  0
MTEXT
  5
F0FE941
330
F0FE770
100
AcDbEntity
  8
DIM FOOTING
 62
     6
440
 16777216
 48
2.0
100
AcDbMText
 10
695169.9256260324
 20
-501204.4998952119
 30
0.0
 40
250.0
 41
0.0
 46
0.0
 71
     5
 72
     1
  1
\A1;585
  7
ARIAL
 73
     1
 44
1.0
  0
POINT
  5
F0FE942
330
F0FE770
100
AcDbEntity
  8
Defpoints
 62
     0
440
 16777216
 48
2.0
100
AcDbPoint
 10
694584.9256193908
 20
-501972.1431421415
 30
0.0
  0
POINT
  5
F0FE943
330
F0FE770
100
AcDbEntity
  8
Defpoints
 62
     0
440
 16777216
 48
2.0
100
AcDbPoint
 10
695754.925632674
 20
-501972.1431421415
 30
0.0
  0
POINT
  5
F0FE944
330
F0FE770
100
AcDbEntity
  8
Defpoints
 62
     0
440
 16777216
 48
2.0
100
AcDbPoint
 10
695754.925632674
 20
-501372.1431421424
 30
0.0
  0
ENDBLK
  5
F0FE772
330
F0FE770
100
AcDbEntity
  8
0
100
AcDbBlockEnd
  0
BLOCK
  5
F0FED10
330
F0FED0F
100
AcDbEntity
  8
0
100
AcDbBlockBegin
  2
*D15
 70
     1
 10
0.0
 20
0.0
 30
0.0
  3
*D15
  1

  0
LINE
  5
F101552
330
F0FED0F
100
AcDbEntity
  8
DIM FOOTING
 62
     5
440
 16777216
 48
2.0
100
AcDbLine
 10
709696.2176502489
 20
-509572.1431421418
 30
0.0
 11
709746.2176502512
 21
-509572.1431421418
 31
0.0
  0
LINE
  5
F101553
330
F0FED0F
100
AcDbEntity
  8
DIM FOOTING
 62
     5
440
 16777216
 48
2.0
100
AcDbLine
 10
709696.2176502489
 20
-503372.1431421418
 30
0.0
 11
709746.2176502512
 21
-503372.1431421418
 31
0.0
  0
LINE
  5
F101554
330
F0FED0F
100
AcDbEntity
  8
DIM FOOTING
 62
     5
440
 16777216
 48
2.0
100
AcDbLine
 10
709671.2176502512
 20
-509647.1431421418
 30
0.0
 11
709671.2176502512
 21
-503297.1431421418
 31
0.0
  0
INSERT
  5
F101555
330
F0FED0F
100
AcDbEntity
  8
DIM FOOTING
 62
     5
440
 16777216
 48
2.0
100
AcDbBlockReference
  2
_ArchTick
 10
709671.2176502512
 20
-509572.1431421418
 30
0.0
 41
125.0
 42
125.0
 43
125.0
 50
270.0
  0
INSERT
  5
F101556
330
F0FED0F
100
AcDbEntity
  8
DIM FOOTING
 62
     5
440
 16777216
 48
2.0
100
AcDbBlockReference
  2
_ArchTick
 10
709671.2176502512
 20
-503372.1431421418
 30
0.0
 41
125.0
 42
125.0
 43
125.0
 50
90.0
  0
MTEXT
  5
F101557
330
F0FED0F
100
AcDbEntity
  8
DIM FOOTING
 62
     6
440
 16777216
 48
2.0
100
AcDbMText
 10
709503.4891372905
 20
-506472.1431421419
 30
0.0
 40
250.0
 41
0.0
 46
0.0
 71
     5
 72
     1
  1
\A1;3100
  7
ARIAL
 11
6.123233995736766E-17
 21
1.0
 31
0.0
 73
     1
 44
1.0
  0
POINT
  5
F101558
330
F0FED0F
100
AcDbEntity
  8
Defpoints
 62
     0
440
 16777216
 48
2.0
100
AcDbPoint
 10
709671.2176502489
 20
-509572.1431421418
 30
0.0
  0
POINT
  5
F101559
330
F0FED0F
100
AcDbEntity
  8
Defpoints
 62
     0
440
 16777216
 48
2.0
100
AcDbPoint
 10
709671.2176502489
 20
-503372.1431421418
 30
0.0
  0
POINT
  5
F10155A
330
F0FED0F
100
AcDbEntity
  8
Defpoints
 62
     0
440
 16777216
 48
2.0
100
AcDbPoint
 10
709671.2176502512
 20
-503372.1431421418
 30
0.0
  0
ENDBLK
  5
F0FED11
330
F0FED0F
100
AcDbEntity
  8
0
100
AcDbBlockEnd
  0
BLOCK
  5
F0FED1C
330
F0FED1B
100
AcDbEntity
  8
0
100
AcDbBlockBegin
  2
*D16
 70
     1
 10
0.0
 20
0.0
 30
0.0
  3
*D16
  1

  0
LINE
  5
F10155B
330
F0FED1B
100
AcDbEntity
  8
DIM FOOTING
 62
     5
440
 16777216
 48
2.0
100
AcDbLine
 10
709060.6868490953
 20
-504193.7348927447
 30
0.0
 11
709060.6868490953
 21
-504143.7348927447
 31
0.0
  0
LINE
  5
F10155C
330
F0FED1B
100
AcDbEntity
  8
DIM FOOTING
 62
     5
440
 16777216
 48
2.0
100
AcDbLine
 10
714660.6868490952
 20
-504193.7348927447
 30
0.0
 11
714660.6868490952
 21
-504143.7348927447
 31
0.0
  0
LINE
  5
F10155D
330
F0FED1B
100
AcDbEntity
  8
DIM FOOTING
 62
     5
440
 16777216
 48
2.0
100
AcDbLine
 10
708985.6868490953
 20
-504218.7348927447
 30
0.0
 11
714735.6868490952
 21
-504218.7348927447
 31
0.0
  0
INSERT
  5
F10155E
330
F0FED1B
100
AcDbEntity
  8
DIM FOOTING
 62
     5
440
 16777216
 48
2.0
100
AcDbBlockReference
  2
_ArchTick
 10
709060.6868490953
 20
-504218.7348927447
 30
0.0
 41
125.0
 42
125.0
 43
125.0
 50
180.0
  0
INSERT
  5
F10155F
330
F0FED1B
100
AcDbEntity
  8
DIM FOOTING
 62
     5
440
 16777216
 48
2.0
100
AcDbBlockReference
  2
_ArchTick
 10
714660.6868490952
 20
-504218.7348927447
 30
0.0
 41
125.0
 42
125.0
 43
125.0
  0
MTEXT
  5
F101560
330
F0FED1B
100
AcDbEntity
  8
DIM FOOTING
 62
     6
440
 16777216
 48
2.0
100
AcDbMText
 10
711860.6868490952
 20
-504051.0916458143
 30
0.0
 40
250.0
 41
0.0
 46
0.0
 71
     5
 72
     1
  1
\A1;2800
  7
ARIAL
 73
     1
 44
1.0
  0
POINT
  5
F101561
330
F0FED1B
100
AcDbEntity
  8
Defpoints
 62
     0
440
 16777216
 48
2.0
100
AcDbPoint
 10
709060.6868490953
 20
-504218.7348927447
 30
0.0
  0
POINT
  5
F101562
330
F0FED1B
100
AcDbEntity
  8
Defpoints
 62
     0
440
 16777216
 48
2.0
100
AcDbPoint
 10
714660.6868490952
 20
-504218.7348927447
 30
0.0
  0
POINT
  5
F101563
330
F0FED1B
100
AcDbEntity
  8
Defpoints
 62
     0
440
 16777216
 48
2.0
100
AcDbPoint
 10
714660.6868490952
 20
-504218.7348927447
 30
0.0
  0
ENDBLK
  5
F0FED1D
330
F0FED1B
100
AcDbEntity
  8
0
100
AcDbBlockEnd
  0
BLOCK
  5
F0FEDE3
330
F0FEDE2
100
AcDbEntity
  8
0
100
AcDbBlockBegin
  2
*D17
 70
     1
 10
0.0
 20
0.0
 30
0.0
  3
*D17
  1

  0
LINE
  5
F101635
330
F0FEDE2
100
AcDbEntity
  8
DIM FOOTING
 62
     5
440
 16777216
 48
2.0
100
AcDbLine
 10
707766.3033210153
 20
-509802.1431421418
 30
0.0
 11
707816.3033210167
 21
-509802.1431421418
 31
0.0
  0
LINE
  5
F101636
330
F0FEDE2
100
AcDbEntity
  8
DIM FOOTING
 62
     5
440
 16777216
 48
2.0
100
AcDbLine
 10
707766.3033210153
 20
-503142.1431421416
 30
0.0
 11
707816.3033210167
 21
-503142.1431421416
 31
0.0
  0
LINE
  5
F101637
330
F0FEDE2
100
AcDbEntity
  8
DIM FOOTING
 62
     5
440
 16777216
 48
2.0
100
AcDbLine
 10
707741.3033210167
 20
-509877.1431421418
 30
0.0
 11
707741.3033210167
 21
-503067.1431421416
 31
0.0
  0
INSERT
  5
F101638
330
F0FEDE2
100
AcDbEntity
  8
DIM FOOTING
 62
     5
440
 16777216
 48
2.0
100
AcDbBlockReference
  2
_ArchTick
 10
707741.3033210167
 20
-509802.1431421418
 30
0.0
 41
125.0
 42
125.0
 43
125.0
 50
270.0
  0
INSERT
  5
F101639
330
F0FEDE2
100
AcDbEntity
  8
DIM FOOTING
 62
     5
440
 16777216
 48
2.0
100
AcDbBlockReference
  2
_ArchTick
 10
707741.3033210167
 20
-503142.1431421416
 30
0.0
 41
125.0
 42
125.0
 43
125.0
 50
90.0
  0
MTEXT
  5
F10163A
330
F0FEDE2
100
AcDbEntity
  8
DIM FOOTING
 62
     6
440
 16777216
 48
2.0
100
AcDbMText
 10
707573.574808056
 20
-506472.1431421418
 30
0.0
 40
250.0
 41
0.0
 46
0.0
 71
     5
 72
     1
  1
\A1;3330
  7
ARIAL
 11
6.123233995736766E-17
 21
1.0
 31
0.0
 73
     1
 44
1.0
  0
POINT
  5
F10163B
330
F0FEDE2
100
AcDbEntity
  8
Defpoints
 62
     0
440
 16777216
 48
2.0
100
AcDbPoint
 10
707741.3033210153
 20
-509802.1431421418
 30
0.0000000001526146
  0
POINT
  5
F10163C
330
F0FEDE2
100
AcDbEntity
  8
Defpoints
 62
     0
440
 16777216
 48
2.0
100
AcDbPoint
 10
707741.3033210153
 20
-503142.1431421416
 30
0.0000000001526146
  0
POINT
  5
F10163D
330
F0FEDE2
100
AcDbEntity
  8
Defpoints
 62
     0
440
 16777216
 48
2.0
100
AcDbPoint
 10
707741.3033210167
 20
-503142.1431421416
 30
0.0
  0
ENDBLK
  5
F0FEDE4
330
F0FEDE2
100
AcDbEntity
  8
0
100
AcDbBlockEnd
  0
BLOCK
  5
F0FEDFB
330
F0FEDFA
100
AcDbEntity
  8
0
100
AcDbBlockBegin
  2
*D18
 70
     1
 10
0.0
 20
0.0
 30
0.0
  3
*D18
  1

  0
LINE
  5
F10161A
330
F0FEDFA
100
AcDbEntity
  8
DIM FOOTING
 62
     5
440
 16777216
 48
2.0
100
AcDbLine
 10
708830.6868490954
 20
-501781.1355481592
 30
0.0
 11
708830.6868490954
 21
-501731.1355481592
 31
0.0
  0
LINE
  5
F10161B
330
F0FEDFA
100
AcDbEntity
  8
DIM FOOTING
 62
     5
440
 16777216
 48
2.0
100
AcDbLine
 10
714890.6868490952
 20
-501781.1355481592
 30
0.0
 11
714890.6868490952
 21
-501731.1355481592
 31
0.0
  0
LINE
  5
F10161C
330
F0FEDFA
100
AcDbEntity
  8
DIM FOOTING
 62
     5
440
 16777216
 48
2.0
100
AcDbLine
 10
708755.6868490954
 20
-501806.1355481592
 30
0.0
 11
714965.6868490952
 21
-501806.1355481592
 31
0.0
  0
INSERT
  5
F10161D
330
F0FEDFA
100
AcDbEntity
  8
DIM FOOTING
 62
     5
440
 16777216
 48
2.0
100
AcDbBlockReference
  2
_ArchTick
 10
708830.6868490954
 20
-501806.1355481592
 30
0.0
 41
125.0
 42
125.0
 43
125.0
 50
180.0
  0
INSERT
  5
F10161E
330
F0FEDFA
100
AcDbEntity
  8
DIM FOOTING
 62
     5
440
 16777216
 48
2.0
100
AcDbBlockReference
  2
_ArchTick
 10
714890.6868490952
 20
-501806.1355481592
 30
0.0
 41
125.0
 42
125.0
 43
125.0
  0
MTEXT
  5
F10161F
330
F0FEDFA
100
AcDbEntity
  8
DIM FOOTING
 62
     6
440
 16777216
 48
2.0
100
AcDbMText
 10
711860.6868490953
 20
-501638.4070351988
 30
0.0
 40
250.0
 41
0.0
 46
0.0
 71
     5
 72
     1
  1
\A1;3030
  7
ARIAL
 73
     1
 44
1.0
  0
POINT
  5
F101620
330
F0FEDFA
100
AcDbEntity
  8
Defpoints
 62
     0
440
 16777216
 48
2.0
100
AcDbPoint
 10
708830.6868490954
 20
-501806.1355481592
 30
0.0000000001530223
  0
POINT
  5
F101621
330
F0FEDFA
100
AcDbEntity
  8
Defpoints
 62
     0
440
 16777216
 48
2.0
100
AcDbPoint
 10
714890.6868490952
 20
-501806.1355481592
 30
0.0000000001543109
  0
POINT
  5
F101622
330
F0FEDFA
100
AcDbEntity
  8
Defpoints
 62
     0
440
 16777216
 48
2.0
100
AcDbPoint
 10
714890.6868490952
 20
-501806.1355481592
 30
0.0
  0
ENDBLK
  5
F0FEDFC
330
F0FEDFA
100
AcDbEntity
  8
0
100
AcDbBlockEnd
  0
BLOCK
  5
F0FF1C6
330
F0FF1C5
100
AcDbEntity
  8
0
100
AcDbBlockBegin
  2
*D19
 70
     1
 10
0.0
 20
0.0
 30
0.0
  3
*D19
  1

  0
LINE
  5
F101576
330
F0FF1C5
100
AcDbEntity
  8
DIM
440
 16777216
 48
10.0
100
AcDbLine
 10
712411.9667727766
 20
-498262.458552512
 30
0.0
 11
712411.9667727766
 21
-498612.458552512
 31
0.0
  0
LINE
  5
F101577
330
F0FF1C5
100
AcDbEntity
  8
DIM
440
 16777216
 48
10.0
100
AcDbLine
 10
711491.9667727766
 20
-498262.458552512
 30
0.0
 11
711491.9667727766
 21
-498612.458552512
 31
0.0
  0
LINE
  5
F101578
330
F0FF1C5
100
AcDbEntity
  8
DIM
440
 16777216
 48
10.0
100
AcDbLine
 10
712461.9667727766
 20
-498562.458552512
 30
0.0
 11
711441.9667727766
 21
-498562.458552512
 31
0.0
  0
INSERT
  5
F101579
330
F0FF1C5
100
AcDbEntity
  8
DIM
440
 16777216
 48
10.0
100
AcDbBlockReference
  2
_ArchTick
 10
712411.9667727766
 20
-498562.458552512
 30
0.0
 41
75.0
 42
75.0
 43
75.0
  0
INSERT
  5
F10157A
330
F0FF1C5
100
AcDbEntity
  8
DIM
440
 16777216
 48
10.0
100
AcDbBlockReference
  2
_ArchTick
 10
711491.9667727766
 20
-498562.458552512
 30
0.0
 41
75.0
 42
75.0
 43
75.0
 50
180.0
  0
MTEXT
  5
F10157B
330
F0FF1C5
100
AcDbEntity
  8
DIM
 62
     6
440
 16777216
 48
10.0
100
AcDbMText
 10
711951.9667727766
 20
-498422.5028908477
 30
0.0
 40
225.0
 41
0.0
 46
0.0
 71
     5
 72
     1
  1
\A1;230
  7
ARIAL
 73
     1
 44
1.0
  0
POINT
  5
F10157C
330
F0FF1C5
100
AcDbEntity
  8
Defpoints
 62
     0
440
 16777216
 48
10.0
100
AcDbPoint
 10
712411.9667727766
 20
-498212.458552512
 30
0.0
  0
POINT
  5
F10157D
330
F0FF1C5
100
AcDbEntity
  8
Defpoints
 62
     0
440
 16777216
 48
10.0
100
AcDbPoint
 10
711491.9667727766
 20
-498212.458552512
 30
0.0
  0
POINT
  5
F10157E
330
F0FF1C5
100
AcDbEntity
  8
Defpoints
 62
     0
440
 16777216
 48
10.0
100
AcDbPoint
 10
711491.9667727766
 20
-498562.458552512
 30
0.0
  0
ENDBLK
  5
F0FF1C7
330
F0FF1C5
100
AcDbEntity
  8
0
100
AcDbBlockEnd
  0
BLOCK
  5
F0FF1D2
330
F0FF1D1
100
AcDbEntity
  8
0
100
AcDbBlockBegin
  2
*D20
 70
     1
 10
0.0
 20
0.0
 30
0.0
  3
*D20
  1

  0
LINE
  5
F10157F
330
F0FF1D1
100
AcDbEntity
  8
DIM
440
 16777216
 48
10.0
100
AcDbLine
 10
711441.9667727768
 20
-496692.4585525123
 30
0.0
 11
711191.9667727889
 21
-496692.4585525123
 31
0.0
  0
LINE
  5
F101580
330
F0FF1D1
100
AcDbEntity
  8
DIM
440
 16777216
 48
10.0
100
AcDbLine
 10
711441.9667727768
 20
-498212.4585525123
 30
0.0
 11
711191.9667727889
 21
-498212.4585525123
 31
0.0
  0
LINE
  5
F101581
330
F0FF1D1
100
AcDbEntity
  8
DIM
440
 16777216
 48
10.0
100
AcDbLine
 10
711241.9667727889
 20
-496642.4585525123
 30
0.0
 11
711241.9667727889
 21
-498262.4585525123
 31
0.0
  0
INSERT
  5
F101582
330
F0FF1D1
100
AcDbEntity
  8
DIM
440
 16777216
 48
10.0
100
AcDbBlockReference
  2
_ArchTick
 10
711241.9667727889
 20
-496692.4585525123
 30
0.0
 41
75.0
 42
75.0
 43
75.0
 50
90.0
  0
INSERT
  5
F101583
330
F0FF1D1
100
AcDbEntity
  8
DIM
440
 16777216
 48
10.0
100
AcDbBlockReference
  2
_ArchTick
 10
711241.9667727889
 20
-498212.4585525123
 30
0.0
 41
75.0
 42
75.0
 43
75.0
 50
270.0
  0
MTEXT
  5
F101584
330
F0FF1D1
100
AcDbEntity
  8
DIM
 62
     6
440
 16777216
 48
10.0
100
AcDbMText
 10
711102.0111111243
 20
-497452.4585525124
 30
0.0
 40
225.0
 41
0.0
 46
0.0
 71
     5
 72
     1
  1
\A1;380
  7
ARIAL
 11
6.123233995736766E-17
 21
1.0
 31
0.0
 73
     1
 44
1.0
  0
POINT
  5
F101585
330
F0FF1D1
100
AcDbEntity
  8
Defpoints
 62
     0
440
 16777216
 48
10.0
100
AcDbPoint
 10
711491.9667727768
 20
-496692.4585525123
 30
0.0
  0
POINT
  5
F101586
330
F0FF1D1
100
AcDbEntity
  8
Defpoints
 62
     0
440
 16777216
 48
10.0
100
AcDbPoint
 10
711491.9667727768
 20
-498212.4585525123
 30
0.0
  0
POINT
  5
F101587
330
F0FF1D1
100
AcDbEntity
  8
Defpoints
 62
     0
440
 16777216
 48
10.0
100
AcDbPoint
 10
711241.9667727889
 20
-498212.4585525123
 30
0.0
  0
ENDBLK
  5
F0FF1D3
330
F0FF1D1
100
AcDbEntity
  8
0
100
AcDbBlockEnd
  0
BLOCK
  5
F0FF3C0
330
F0FF3BF
100
AcDbEntity
  8
0
100
AcDbBlockBegin
  2
*D21
 70
     1
 10
0.0
 20
0.0
 30
0.0
  3
*D21
  1

  0
LINE
  5
F101650
330
F0FF3BF
100
AcDbEntity
  8
DIM FOOTING
 62
     5
440
 16777216
 48
2.0
100
AcDbLine
 10
721257.2845378288
 20
-509572.1431421418
 30
0.0
 11
721307.2845378318
 21
-509572.1431421418
 31
0.0
  0
LINE
  5
F101651
330
F0FF3BF
100
AcDbEntity
  8
DIM FOOTING
 62
     5
440
 16777216
 48
2.0
100
AcDbLine
 10
721257.2845378288
 20
-503372.1431421418
 30
0.0
 11
721307.2845378318
 21
-503372.1431421418
 31
0.0
  0
LINE
  5
F101652
330
F0FF3BF
100
AcDbEntity
  8
DIM FOOTING
 62
     5
440
 16777216
 48
2.0
100
AcDbLine
 10
721232.2845378318
 20
-509647.1431421418
 30
0.0
 11
721232.2845378318
 21
-503297.1431421418
 31
0.0
  0
INSERT
  5
F101653
330
F0FF3BF
100
AcDbEntity
  8
DIM FOOTING
 62
     5
440
 16777216
 48
2.0
100
AcDbBlockReference
  2
_ArchTick
 10
721232.2845378318
 20
-509572.1431421418
 30
0.0
 41
125.0
 42
125.0
 43
125.0
 50
270.0
  0
INSERT
  5
F101654
330
F0FF3BF
100
AcDbEntity
  8
DIM FOOTING
 62
     5
440
 16777216
 48
2.0
100
AcDbBlockReference
  2
_ArchTick
 10
721232.2845378318
 20
-503372.1431421418
 30
0.0
 41
125.0
 42
125.0
 43
125.0
 50
90.0
  0
MTEXT
  5
F101655
330
F0FF3BF
100
AcDbEntity
  8
DIM FOOTING
 62
     6
440
 16777216
 48
2.0
100
AcDbMText
 10
721064.5560248711
 20
-506472.1431421419
 30
0.0
 40
250.0
 41
0.0
 46
0.0
 71
     5
 72
     1
  1
\A1;3100
  7
ARIAL
 11
6.123233995736766E-17
 21
1.0
 31
0.0
 73
     1
 44
1.0
  0
POINT
  5
F101656
330
F0FF3BF
100
AcDbEntity
  8
Defpoints
 62
     0
440
 16777216
 48
2.0
100
AcDbPoint
 10
721232.2845378288
 20
-509572.1431421418
 30
0.0
  0
POINT
  5
F101657
330
F0FF3BF
100
AcDbEntity
  8
Defpoints
 62
     0
440
 16777216
 48
2.0
100
AcDbPoint
 10
721232.2845378288
 20
-503372.1431421418
 30
0.0
  0
POINT
  5
F101658
330
F0FF3BF
100
AcDbEntity
  8
Defpoints
 62
     0
440
 16777216
 48
2.0
100
AcDbPoint
 10
721232.2845378318
 20
-503372.1431421418
 30
0.0
  0
ENDBLK
  5
F0FF3C1
330
F0FF3BF
100
AcDbEntity
  8
0
100
AcDbBlockEnd
  0
BLOCK
  5
F0FF3CC
330
F0FF3CB
100
AcDbEntity
  8
0
100
AcDbBlockBegin
  2
*D22
 70
     1
 10
0.0
 20
0.0
 30
0.0
  3
*D22
  1

  0
LINE
  5
F101659
330
F0FF3CB
100
AcDbEntity
  8
DIM FOOTING
 62
     5
440
 16777216
 48
2.0
100
AcDbLine
 10
720621.7537366751
 20
-504193.7348927447
 30
0.0
 11
720621.7537366751
 21
-504143.7348927447
 31
0.0
  0
LINE
  5
F10165A
330
F0FF3CB
100
AcDbEntity
  8
DIM FOOTING
 62
     5
440
 16777216
 48
2.0
100
AcDbLine
 10
726221.753736675
 20
-504193.7348927447
 30
0.0
 11
726221.753736675
 21
-504143.7348927447
 31
0.0
  0
LINE
  5
F10165B
330
F0FF3CB
100
AcDbEntity
  8
DIM FOOTING
 62
     5
440
 16777216
 48
2.0
100
AcDbLine
 10
720546.7537366751
 20
-504218.7348927447
 30
0.0
 11
726296.753736675
 21
-504218.7348927447
 31
0.0
  0
INSERT
  5
F10165C
330
F0FF3CB
100
AcDbEntity
  8
DIM FOOTING
 62
     5
440
 16777216
 48
2.0
100
AcDbBlockReference
  2
_ArchTick
 10
720621.7537366751
 20
-504218.7348927447
 30
0.0
 41
125.0
 42
125.0
 43
125.0
 50
180.0
  0
INSERT
  5
F10165D
330
F0FF3CB
100
AcDbEntity
  8
DIM FOOTING
 62
     5
440
 16777216
 48
2.0
100
AcDbBlockReference
  2
_ArchTick
 10
726221.753736675
 20
-504218.7348927447
 30
0.0
 41
125.0
 42
125.0
 43
125.0
  0
MTEXT
  5
F10165E
330
F0FF3CB
100
AcDbEntity
  8
DIM FOOTING
 62
     6
440
 16777216
 48
2.0
100
AcDbMText
 10
723421.753736675
 20
-504051.0916458143
 30
0.0
 40
250.0
 41
0.0
 46
0.0
 71
     5
 72
     1
  1
\A1;2800
  7
ARIAL
 73
     1
 44
1.0
  0
POINT
  5
F10165F
330
F0FF3CB
100
AcDbEntity
  8
Defpoints
 62
     0
440
 16777216
 48
2.0
100
AcDbPoint
 10
720621.7537366751
 20
-504218.7348927447
 30
0.0
  0
POINT
  5
F101660
330
F0FF3CB
100
AcDbEntity
  8
Defpoints
 62
     0
440
 16777216
 48
2.0
100
AcDbPoint
 10
726221.753736675
 20
-504218.7348927447
 30
0.0
  0
POINT
  5
F101661
330
F0FF3CB
100
AcDbEntity
  8
Defpoints
 62
     0
440
 16777216
 48
2.0
100
AcDbPoint
 10
726221.753736675
 20
-504218.7348927447
 30
0.0
  0
ENDBLK
  5
F0FF3CD
330
F0FF3CB
100
AcDbEntity
  8
0
100
AcDbBlockEnd
  0
BLOCK
  5
F0FF3D8
330
F0FF3D7
100
AcDbEntity
  8
0
100
AcDbBlockBegin
  2
*D23
 70
     1
 10
0.0
 20
0.0
 30
0.0
  3
*D23
  1

  0
LINE
  5
F10166B
330
F0FF3D7
100
AcDbEntity
  8
DIM FOOTING
 62
     5
440
 16777216
 48
2.0
100
AcDbLine
 10
720391.7537366753
 20
-501781.1355481592
 30
0.0
 11
720391.7537366753
 21
-501731.1355481592
 31
0.0
  0
LINE
  5
F10166C
330
F0FF3D7
100
AcDbEntity
  8
DIM FOOTING
 62
     5
440
 16777216
 48
2.0
100
AcDbLine
 10
726451.753736675
 20
-501781.1355481592
 30
0.0
 11
726451.753736675
 21
-501731.1355481592
 31
0.0
  0
LINE
  5
F10166D
330
F0FF3D7
100
AcDbEntity
  8
DIM FOOTING
 62
     5
440
 16777216
 48
2.0
100
AcDbLine
 10
720316.7537366753
 20
-501806.1355481592
 30
0.0
 11
726526.753736675
 21
-501806.1355481592
 31
0.0
  0
INSERT
  5
F10166E
330
F0FF3D7
100
AcDbEntity
  8
DIM FOOTING
 62
     5
440
 16777216
 48
2.0
100
AcDbBlockReference
  2
_ArchTick
 10
720391.7537366753
 20
-501806.1355481592
 30
0.0
 41
125.0
 42
125.0
 43
125.0
 50
180.0
  0
INSERT
  5
F10166F
330
F0FF3D7
100
AcDbEntity
  8
DIM FOOTING
 62
     5
440
 16777216
 48
2.0
100
AcDbBlockReference
  2
_ArchTick
 10
726451.753736675
 20
-501806.1355481592
 30
0.0
 41
125.0
 42
125.0
 43
125.0
  0
MTEXT
  5
F101670
330
F0FF3D7
100
AcDbEntity
  8
DIM FOOTING
 62
     6
440
 16777216
 48
2.0
100
AcDbMText
 10
723421.7537366751
 20
-501638.4070351988
 30
0.0
 40
250.0
 41
0.0
 46
0.0
 71
     5
 72
     1
  1
\A1;3030
  7
ARIAL
 73
     1
 44
1.0
  0
POINT
  5
F101671
330
F0FF3D7
100
AcDbEntity
  8
Defpoints
 62
     0
440
 16777216
 48
2.0
100
AcDbPoint
 10
720391.7537366753
 20
-501806.1355481592
 30
0.0000000001530223
  0
POINT
  5
F101672
330
F0FF3D7
100
AcDbEntity
  8
Defpoints
 62
     0
440
 16777216
 48
2.0
100
AcDbPoint
 10
726451.753736675
 20
-501806.1355481592
 30
0.0000000001543109
  0
POINT
  5
F101673
330
F0FF3D7
100
AcDbEntity
  8
Defpoints
 62
     0
440
 16777216
 48
2.0
100
AcDbPoint
 10
726451.753736675
 20
-501806.1355481592
 30
0.0
  0
ENDBLK
  5
F0FF3D9
330
F0FF3D7
100
AcDbEntity
  8
0
100
AcDbBlockEnd
  0
BLOCK
  5
F0FF3E4
330
F0FF3E3
100
AcDbEntity
  8
0
100
AcDbBlockBegin
  2
*D24
 70
     1
 10
0.0
 20
0.0
 30
0.0
  3
*D24
  1

  0
LINE
  5
F101662
330
F0FF3E3
100
AcDbEntity
  8
DIM FOOTING
 62
     5
440
 16777216
 48
2.0
100
AcDbLine
 10
719327.3702085952
 20
-509802.1431421418
 30
0.0
 11
719377.3702085973
 21
-509802.1431421418
 31
0.0
  0
LINE
  5
F101663
330
F0FF3E3
100
AcDbEntity
  8
DIM FOOTING
 62
     5
440
 16777216
 48
2.0
100
AcDbLine
 10
719327.3702085952
 20
-503142.1431421416
 30
0.0
 11
719377.3702085973
 21
-503142.1431421416
 31
0.0
  0
LINE
  5
F101664
330
F0FF3E3
100
AcDbEntity
  8
DIM FOOTING
 62
     5
440
 16777216
 48
2.0
100
AcDbLine
 10
719302.3702085973
 20
-509877.1431421418
 30
0.0
 11
719302.3702085973
 21
-503067.1431421416
 31
0.0
  0
INSERT
  5
F101665
330
F0FF3E3
100
AcDbEntity
  8
DIM FOOTING
 62
     5
440
 16777216
 48
2.0
100
AcDbBlockReference
  2
_ArchTick
 10
719302.3702085973
 20
-509802.1431421418
 30
0.0
 41
125.0
 42
125.0
 43
125.0
 50
270.0
  0
INSERT
  5
F101666
330
F0FF3E3
100
AcDbEntity
  8
DIM FOOTING
 62
     5
440
 16777216
 48
2.0
100
AcDbBlockReference
  2
_ArchTick
 10
719302.3702085973
 20
-503142.1431421416
 30
0.0
 41
125.0
 42
125.0
 43
125.0
 50
90.0
  0
MTEXT
  5
F101667
330
F0FF3E3
100
AcDbEntity
  8
DIM FOOTING
 62
     6
440
 16777216
 48
2.0
100
AcDbMText
 10
719134.6416956366
 20
-506472.1431421418
 30
0.0
 40
250.0
 41
0.0
 46
0.0
 71
     5
 72
     1
  1
\A1;3330
  7
ARIAL
 11
6.123233995736766E-17
 21
1.0
 31
0.0
 73
     1
 44
1.0
  0
POINT
  5
F101668
330
F0FF3E3
100
AcDbEntity
  8
Defpoints
 62
     0
440
 16777216
 48
2.0
100
AcDbPoint
 10
719302.3702085952
 20
-509802.1431421418
 30
0.0000000001526146
  0
POINT
  5
F101669
330
F0FF3E3
100
AcDbEntity
  8
Defpoints
 62
     0
440
 16777216
 48
2.0
100
AcDbPoint
 10
719302.3702085952
 20
-503142.1431421416
 30
0.0000000001526146
  0
POINT
  5
F10166A
330
F0FF3E3
100
AcDbEntity
  8
Defpoints
 62
     0
440
 16777216
 48
2.0
100
AcDbPoint
 10
719302.3702085973
 20
-503142.1431421416
 30
0.0
  0
ENDBLK
  5
F0FF3E5
330
F0FF3E3
100
AcDbEntity
  8
0
100
AcDbBlockEnd
  0
BLOCK
  5
F0FF3F0
330
F0FF3EF
100
AcDbEntity
  8
0
100
AcDbBlockBegin
  2
*D25
 70
     1
 10
0.0
 20
0.0
 30
0.0
  3
*D25
  1

  0
LINE
  5
F101674
330
F0FF3EF
100
AcDbEntity
  8
DIM
440
 16777216
 48
10.0
100
AcDbLine
 10
723973.0336603564
 20
-498262.458552512
 30
0.0
 11
723973.0336603564
 21
-498612.458552512
 31
0.0
  0
LINE
  5
F101675
330
F0FF3EF
100
AcDbEntity
  8
DIM
440
 16777216
 48
10.0
100
AcDbLine
 10
723053.0336603564
 20
-498262.458552512
 30
0.0
 11
723053.0336603564
 21
-498612.458552512
 31
0.0
  0
LINE
  5
F101676
330
F0FF3EF
100
AcDbEntity
  8
DIM
440
 16777216
 48
10.0
100
AcDbLine
 10
724023.0336603564
 20
-498562.458552512
 30
0.0
 11
723003.0336603564
 21
-498562.458552512
 31
0.0
  0
INSERT
  5
F101677
330
F0FF3EF
100
AcDbEntity
  8
DIM
440
 16777216
 48
10.0
100
AcDbBlockReference
  2
_ArchTick
 10
723973.0336603564
 20
-498562.458552512
 30
0.0
 41
75.0
 42
75.0
 43
75.0
  0
INSERT
  5
F101678
330
F0FF3EF
100
AcDbEntity
  8
DIM
440
 16777216
 48
10.0
100
AcDbBlockReference
  2
_ArchTick
 10
723053.0336603564
 20
-498562.458552512
 30
0.0
 41
75.0
 42
75.0
 43
75.0
 50
180.0
  0
MTEXT
  5
F101679
330
F0FF3EF
100
AcDbEntity
  8
DIM
 62
     6
440
 16777216
 48
10.0
100
AcDbMText
 10
723513.0336603564
 20
-498422.5028908477
 30
0.0
 40
225.0
 41
0.0
 46
0.0
 71
     5
 72
     1
  1
\A1;230
  7
ARIAL
 73
     1
 44
1.0
  0
POINT
  5
F10167A
330
F0FF3EF
100
AcDbEntity
  8
Defpoints
 62
     0
440
 16777216
 48
10.0
100
AcDbPoint
 10
723973.0336603564
 20
-498212.458552512
 30
0.0
  0
POINT
  5
F10167B
330
F0FF3EF
100
AcDbEntity
  8
Defpoints
 62
     0
440
 16777216
 48
10.0
100
AcDbPoint
 10
723053.0336603564
 20
-498212.458552512
 30
0.0
  0
POINT
  5
F10167C
330
F0FF3EF
100
AcDbEntity
  8
Defpoints
 62
     0
440
 16777216
 48
10.0
100
AcDbPoint
 10
723053.0336603564
 20
-498562.458552512
 30
0.0
  0
ENDBLK
  5
F0FF3F1
330
F0FF3EF
100
AcDbEntity
  8
0
100
AcDbBlockEnd
  0
BLOCK
  5
F0FF3FC
330
F0FF3FB
100
AcDbEntity
  8
0
100
AcDbBlockBegin
  2
*D26
 70
     1
 10
0.0
 20
0.0
 30
0.0
  3
*D26
  1

  0
LINE
  5
F10167D
330
F0FF3FB
100
AcDbEntity
  8
DIM
440
 16777216
 48
10.0
100
AcDbLine
 10
723003.0336603567
 20
-496512.4585525123
 30
0.0
 11
722753.0336603695
 21
-496512.4585525123
 31
0.0
  0
LINE
  5
F10167E
330
F0FF3FB
100
AcDbEntity
  8
DIM
440
 16777216
 48
10.0
100
AcDbLine
 10
723003.0336603567
 20
-498212.4585525123
 30
0.0
 11
722753.0336603695
 21
-498212.4585525123
 31
0.0
  0
LINE
  5
F10167F
330
F0FF3FB
100
AcDbEntity
  8
DIM
440
 16777216
 48
10.0
100
AcDbLine
 10
722803.0336603695
 20
-496462.4585525123
 30
0.0
 11
722803.0336603695
 21
-498262.4585525123
 31
0.0
  0
INSERT
  5
F101680
330
F0FF3FB
100
AcDbEntity
  8
DIM
440
 16777216
 48
10.0
100
AcDbBlockReference
  2
_ArchTick
 10
722803.0336603695
 20
-496512.4585525123
 30
0.0
 41
75.0
 42
75.0
 43
75.0
 50
90.0
  0
INSERT
  5
F101681
330
F0FF3FB
100
AcDbEntity
  8
DIM
440
 16777216
 48
10.0
100
AcDbBlockReference
  2
_ArchTick
 10
722803.0336603695
 20
-498212.4585525123
 30
0.0
 41
75.0
 42
75.0
 43
75.0
 50
270.0
  0
MTEXT
  5
F101682
330
F0FF3FB
100
AcDbEntity
  8
DIM
 62
     6
440
 16777216
 48
10.0
100
AcDbMText
 10
722663.1547381318
 20
-497362.4585525124
 30
0.0
 40
225.0
 41
0.0
 46
0.0
 71
     5
 72
     1
  1
\A1;425
  7
ARIAL
 11
6.123233995736766E-17
 21
1.0
 31
0.0
 73
     1
 44
1.0
  0
POINT
  5
F101683
330
F0FF3FB
100
AcDbEntity
  8
Defpoints
 62
     0
440
 16777216
 48
10.0
100
AcDbPoint
 10
723053.0336603567
 20
-496512.4585525123
 30
0.0
  0
POINT
  5
F101684
330
F0FF3FB
100
AcDbEntity
  8
Defpoints
 62
     0
440
 16777216
 48
10.0
100
AcDbPoint
 10
723053.0336603567
 20
-498212.4585525123
 30
0.0
  0
POINT
  5
F101685
330
F0FF3FB
100
AcDbEntity
  8
Defpoints
 62
     0
440
 16777216
 48
10.0
100
AcDbPoint
 10
722803.0336603695
 20
-498212.4585525123
 30
0.0
  0
ENDBLK
  5
F0FF3FD
330
F0FF3FB
100
AcDbEntity
  8
0
100
AcDbBlockEnd
  0
BLOCK
  5
F0FF597
330
F0FF596
100
AcDbEntity
  8
0
100
AcDbBlockBegin
  2
*D27
 70
     1
 10
0.0
 20
0.0
 30
0.0
  3
*D27
  1

  0
LINE
  5
F1016C7
330
F0FF596
100
AcDbEntity
  8
DIM FOOTING
 62
     5
440
 16777216
 48
2.0
100
AcDbLine
 10
732748.8370917246
 20
-509572.1431421418
 30
0.0
 11
732798.8370917283
 21
-509572.1431421418
 31
0.0
  0
LINE
  5
F1016C8
330
F0FF596
100
AcDbEntity
  8
DIM FOOTING
 62
     5
440
 16777216
 48
2.0
100
AcDbLine
 10
732748.8370917246
 20
-503372.1431421418
 30
0.0
 11
732798.8370917283
 21
-503372.1431421418
 31
0.0
  0
LINE
  5
F1016C9
330
F0FF596
100
AcDbEntity
  8
DIM FOOTING
 62
     5
440
 16777216
 48
2.0
100
AcDbLine
 10
732723.8370917283
 20
-509647.1431421418
 30
0.0
 11
732723.8370917283
 21
-503297.1431421418
 31
0.0
  0
INSERT
  5
F1016CA
330
F0FF596
100
AcDbEntity
  8
DIM FOOTING
 62
     5
440
 16777216
 48
2.0
100
AcDbBlockReference
  2
_ArchTick
 10
732723.8370917283
 20
-509572.1431421418
 30
0.0
 41
125.0
 42
125.0
 43
125.0
 50
270.0
  0
INSERT
  5
F1016CB
330
F0FF596
100
AcDbEntity
  8
DIM FOOTING
 62
     5
440
 16777216
 48
2.0
100
AcDbBlockReference
  2
_ArchTick
 10
732723.8370917283
 20
-503372.1431421418
 30
0.0
 41
125.0
 42
125.0
 43
125.0
 50
90.0
  0
MTEXT
  5
F1016CC
330
F0FF596
100
AcDbEntity
  8
DIM FOOTING
 62
     6
440
 16777216
 48
2.0
100
AcDbMText
 10
732556.1085787676
 20
-506472.1431421419
 30
0.0
 40
250.0
 41
0.0
 46
0.0
 71
     5
 72
     1
  1
\A1;3100
  7
ARIAL
 11
6.123233995736766E-17
 21
1.0
 31
0.0
 73
     1
 44
1.0
  0
POINT
  5
F1016CD
330
F0FF596
100
AcDbEntity
  8
Defpoints
 62
     0
440
 16777216
 48
2.0
100
AcDbPoint
 10
732723.8370917246
 20
-509572.1431421418
 30
0.0
  0
POINT
  5
F1016CE
330
F0FF596
100
AcDbEntity
  8
Defpoints
 62
     0
440
 16777216
 48
2.0
100
AcDbPoint
 10
732723.8370917246
 20
-503372.1431421418
 30
0.0
  0
POINT
  5
F1016CF
330
F0FF596
100
AcDbEntity
  8
Defpoints
 62
     0
440
 16777216
 48
2.0
100
AcDbPoint
 10
732723.8370917283
 20
-503372.1431421418
 30
0.0
  0
ENDBLK
  5
F0FF598
330
F0FF596
100
AcDbEntity
  8
0
100
AcDbBlockEnd
  0
BLOCK
  5
F0FF5A3
330
F0FF5A2
100
AcDbEntity
  8
0
100
AcDbBlockBegin
  2
*D28
 70
     1
 10
0.0
 20
0.0
 30
0.0
  3
*D28
  1

  0
LINE
  5
F1016D0
330
F0FF5A2
100
AcDbEntity
  8
DIM FOOTING
 62
     5
440
 16777216
 48
2.0
100
AcDbLine
 10
732113.306290571
 20
-504193.7348927447
 30
0.0
 11
732113.306290571
 21
-504143.7348927447
 31
0.0
  0
LINE
  5
F1016D1
330
F0FF5A2
100
AcDbEntity
  8
DIM FOOTING
 62
     5
440
 16777216
 48
2.0
100
AcDbLine
 10
737713.3062905709
 20
-504193.7348927447
 30
0.0
 11
737713.3062905709
 21
-504143.7348927447
 31
0.0
  0
LINE
  5
F1016D2
330
F0FF5A2
100
AcDbEntity
  8
DIM FOOTING
 62
     5
440
 16777216
 48
2.0
100
AcDbLine
 10
732038.306290571
 20
-504218.7348927447
 30
0.0
 11
737788.3062905709
 21
-504218.7348927447
 31
0.0
  0
INSERT
  5
F1016D3
330
F0FF5A2
100
AcDbEntity
  8
DIM FOOTING
 62
     5
440
 16777216
 48
2.0
100
AcDbBlockReference
  2
_ArchTick
 10
732113.306290571
 20
-504218.7348927447
 30
0.0
 41
125.0
 42
125.0
 43
125.0
 50
180.0
  0
INSERT
  5
F1016D4
330
F0FF5A2
100
AcDbEntity
  8
DIM FOOTING
 62
     5
440
 16777216
 48
2.0
100
AcDbBlockReference
  2
_ArchTick
 10
737713.3062905709
 20
-504218.7348927447
 30
0.0
 41
125.0
 42
125.0
 43
125.0
  0
MTEXT
  5
F1016D5
330
F0FF5A2
100
AcDbEntity
  8
DIM FOOTING
 62
     6
440
 16777216
 48
2.0
100
AcDbMText
 10
734913.3062905709
 20
-504051.0916458143
 30
0.0
 40
250.0
 41
0.0
 46
0.0
 71
     5
 72
     1
  1
\A1;2800
  7
ARIAL
 73
     1
 44
1.0
  0
POINT
  5
F1016D6
330
F0FF5A2
100
AcDbEntity
  8
Defpoints
 62
     0
440
 16777216
 48
2.0
100
AcDbPoint
 10
732113.306290571
 20
-504218.7348927447
 30
0.0
  0
POINT
  5
F1016D7
330
F0FF5A2
100
AcDbEntity
  8
Defpoints
 62
     0
440
 16777216
 48
2.0
100
AcDbPoint
 10
737713.3062905709
 20
-504218.7348927447
 30
0.0
  0
POINT
  5
F1016D8
330
F0FF5A2
100
AcDbEntity
  8
Defpoints
 62
     0
440
 16777216
 48
2.0
100
AcDbPoint
 10
737713.3062905709
 20
-504218.7348927447
 30
0.0
  0
ENDBLK
  5
F0FF5A4
330
F0FF5A2
100
AcDbEntity
  8
0
100
AcDbBlockEnd
  0
BLOCK
  5
F0FF5AF
330
F0FF5AE
100
AcDbEntity
  8
0
100
AcDbBlockBegin
  2
*D29
 70
     1
 10
0.0
 20
0.0
 30
0.0
  3
*D29
  1

  0
LINE
  5
F1016D9
330
F0FF5AE
100
AcDbEntity
  8
DIM FOOTING
 62
     5
440
 16777216
 48
2.0
100
AcDbLine
 10
730818.922762491
 20
-509802.1431421418
 30
0.0
 11
730868.9227624938
 21
-509802.1431421418
 31
0.0
  0
LINE
  5
F1016DA
330
F0FF5AE
100
AcDbEntity
  8
DIM FOOTING
 62
     5
440
 16777216
 48
2.0
100
AcDbLine
 10
730818.922762491
 20
-503142.1431421416
 30
0.0
 11
730868.9227624938
 21
-503142.1431421416
 31
0.0
  0
LINE
  5
F1016DB
330
F0FF5AE
100
AcDbEntity
  8
DIM FOOTING
 62
     5
440
 16777216
 48
2.0
100
AcDbLine
 10
730793.9227624938
 20
-509877.1431421418
 30
0.0
 11
730793.9227624938
 21
-503067.1431421416
 31
0.0
  0
INSERT
  5
F1016DC
330
F0FF5AE
100
AcDbEntity
  8
DIM FOOTING
 62
     5
440
 16777216
 48
2.0
100
AcDbBlockReference
  2
_ArchTick
 10
730793.9227624938
 20
-509802.1431421418
 30
0.0
 41
125.0
 42
125.0
 43
125.0
 50
270.0
  0
INSERT
  5
F1016DD
330
F0FF5AE
100
AcDbEntity
  8
DIM FOOTING
 62
     5
440
 16777216
 48
2.0
100
AcDbBlockReference
  2
_ArchTick
 10
730793.9227624938
 20
-503142.1431421416
 30
0.0
 41
125.0
 42
125.0
 43
125.0
 50
90.0
  0
MTEXT
  5
F1016DE
330
F0FF5AE
100
AcDbEntity
  8
DIM FOOTING
 62
     6
440
 16777216
 48
2.0
100
AcDbMText
 10
730626.1942495331
 20
-506472.1431421418
 30
0.0
 40
250.0
 41
0.0
 46
0.0
 71
     5
 72
     1
  1
\A1;3330
  7
ARIAL
 11
6.123233995736766E-17
 21
1.0
 31
0.0
 73
     1
 44
1.0
  0
POINT
  5
F1016DF
330
F0FF5AE
100
AcDbEntity
  8
Defpoints
 62
     0
440
 16777216
 48
2.0
100
AcDbPoint
 10
730793.922762491
 20
-509802.1431421418
 30
0.0000000001526146
  0
POINT
  5
F1016E0
330
F0FF5AE
100
AcDbEntity
  8
Defpoints
 62
     0
440
 16777216
 48
2.0
100
AcDbPoint
 10
730793.922762491
 20
-503142.1431421416
 30
0.0000000001526146
  0
POINT
  5
F1016E1
330
F0FF5AE
100
AcDbEntity
  8
Defpoints
 62
     0
440
 16777216
 48
2.0
100
AcDbPoint
 10
730793.9227624938
 20
-503142.1431421416
 30
0.0
  0
ENDBLK
  5
F0FF5B0
330
F0FF5AE
100
AcDbEntity
  8
0
100
AcDbBlockEnd
  0
BLOCK
  5
F0FF5BB
330
F0FF5BA
100
AcDbEntity
  8
0
100
AcDbBlockBegin
  2
*D30
 70
     1
 10
0.0
 20
0.0
 30
0.0
  3
*D30
  1

  0
LINE
  5
F1016E2
330
F0FF5BA
100
AcDbEntity
  8
DIM FOOTING
 62
     5
440
 16777216
 48
2.0
100
AcDbLine
 10
731883.3062905711
 20
-501781.1355481592
 30
0.0
 11
731883.3062905711
 21
-501731.1355481592
 31
0.0
  0
LINE
  5
F1016E3
330
F0FF5BA
100
AcDbEntity
  8
DIM FOOTING
 62
     5
440
 16777216
 48
2.0
100
AcDbLine
 10
737943.3062905709
 20
-501781.1355481592
 30
0.0
 11
737943.3062905709
 21
-501731.1355481592
 31
0.0
  0
LINE
  5
F1016E4
330
F0FF5BA
100
AcDbEntity
  8
DIM FOOTING
 62
     5
440
 16777216
 48
2.0
100
AcDbLine
 10
731808.3062905711
 20
-501806.1355481592
 30
0.0
 11
738018.3062905709
 21
-501806.1355481592
 31
0.0
  0
INSERT
  5
F1016E5
330
F0FF5BA
100
AcDbEntity
  8
DIM FOOTING
 62
     5
440
 16777216
 48
2.0
100
AcDbBlockReference
  2
_ArchTick
 10
731883.3062905711
 20
-501806.1355481592
 30
0.0
 41
125.0
 42
125.0
 43
125.0
 50
180.0
  0
INSERT
  5
F1016E6
330
F0FF5BA
100
AcDbEntity
  8
DIM FOOTING
 62
     5
440
 16777216
 48
2.0
100
AcDbBlockReference
  2
_ArchTick
 10
737943.3062905709
 20
-501806.1355481592
 30
0.0
 41
125.0
 42
125.0
 43
125.0
  0
MTEXT
  5
F1016E7
330
F0FF5BA
100
AcDbEntity
  8
DIM FOOTING
 62
     6
440
 16777216
 48
2.0
100
AcDbMText
 10
734913.306290571
 20
-501638.4070351988
 30
0.0
 40
250.0
 41
0.0
 46
0.0
 71
     5
 72
     1
  1
\A1;3030
  7
ARIAL
 73
     1
 44
1.0
  0
POINT
  5
F1016E8
330
F0FF5BA
100
AcDbEntity
  8
Defpoints
 62
     0
440
 16777216
 48
2.0
100
AcDbPoint
 10
731883.3062905711
 20
-501806.1355481592
 30
0.0000000001530223
  0
POINT
  5
F1016E9
330
F0FF5BA
100
AcDbEntity
  8
Defpoints
 62
     0
440
 16777216
 48
2.0
100
AcDbPoint
 10
737943.3062905709
 20
-501806.1355481592
 30
0.0000000001543109
  0
POINT
  5
F1016EA
330
F0FF5BA
100
AcDbEntity
  8
Defpoints
 62
     0
440
 16777216
 48
2.0
100
AcDbPoint
 10
737943.3062905709
 20
-501806.1355481592
 30
0.0
  0
ENDBLK
  5
F0FF5BC
330
F0FF5BA
100
AcDbEntity
  8
0
100
AcDbBlockEnd
  0
BLOCK
  5
F0FF5C7
330
F0FF5C6
100
AcDbEntity
  8
0
100
AcDbBlockBegin
  2
*D31
 70
     1
 10
0.0
 20
0.0
 30
0.0
  3
*D31
  1

  0
LINE
  5
F1016EB
330
F0FF5C6
100
AcDbEntity
  8
DIM
440
 16777216
 48
10.0
100
AcDbLine
 10
735464.5862142523
 20
-498262.458552512
 30
0.0
 11
735464.5862142523
 21
-498612.458552512
 31
0.0
  0
LINE
  5
F1016EC
330
F0FF5C6
100
AcDbEntity
  8
DIM
440
 16777216
 48
10.0
100
AcDbLine
 10
734544.5862142523
 20
-498262.458552512
 30
0.0
 11
734544.5862142523
 21
-498612.458552512
 31
0.0
  0
LINE
  5
F1016ED
330
F0FF5C6
100
AcDbEntity
  8
DIM
440
 16777216
 48
10.0
100
AcDbLine
 10
735514.5862142523
 20
-498562.458552512
 30
0.0
 11
734494.5862142523
 21
-498562.458552512
 31
0.0
  0
INSERT
  5
F1016EE
330
F0FF5C6
100
AcDbEntity
  8
DIM
440
 16777216
 48
10.0
100
AcDbBlockReference
  2
_ArchTick
 10
735464.5862142523
 20
-498562.458552512
 30
0.0
 41
75.0
 42
75.0
 43
75.0
  0
INSERT
  5
F1016EF
330
F0FF5C6
100
AcDbEntity
  8
DIM
440
 16777216
 48
10.0
100
AcDbBlockReference
  2
_ArchTick
 10
734544.5862142523
 20
-498562.458552512
 30
0.0
 41
75.0
 42
75.0
 43
75.0
 50
180.0
  0
MTEXT
  5
F1016F0
330
F0FF5C6
100
AcDbEntity
  8
DIM
 62
     6
440
 16777216
 48
10.0
100
AcDbMText
 10
735004.5862142523
 20
-498422.5028908477
 30
0.0
 40
225.0
 41
0.0
 46
0.0
 71
     5
 72
     1
  1
\A1;230
  7
ARIAL
 73
     1
 44
1.0
  0
POINT
  5
F1016F1
330
F0FF5C6
100
AcDbEntity
  8
Defpoints
 62
     0
440
 16777216
 48
10.0
100
AcDbPoint
 10
735464.5862142523
 20
-498212.458552512
 30
0.0
  0
POINT
  5
F1016F2
330
F0FF5C6
100
AcDbEntity
  8
Defpoints
 62
     0
440
 16777216
 48
10.0
100
AcDbPoint
 10
734544.5862142523
 20
-498212.458552512
 30
0.0
  0
POINT
  5
F1016F3
330
F0FF5C6
100
AcDbEntity
  8
Defpoints
 62
     0
440
 16777216
 48
10.0
100
AcDbPoint
 10
734544.5862142523
 20
-498562.458552512
 30
0.0
  0
ENDBLK
  5
F0FF5C8
330
F0FF5C6
100
AcDbEntity
  8
0
100
AcDbBlockEnd
  0
BLOCK
  5
F0FF5D3
330
F0FF5D2
100
AcDbEntity
  8
0
100
AcDbBlockBegin
  2
*D32
 70
     1
 10
0.0
 20
0.0
 30
0.0
  3
*D32
  1

  0
LINE
  5
F1016F4
330
F0FF5D2
100
AcDbEntity
  8
DIM
440
 16777216
 48
10.0
100
AcDbLine
 10
734494.5862142524
 20
-497012.4585525123
 30
0.0
 11
734244.586214266
 21
-497012.4585525123
 31
0.0
  0
LINE
  5
F1016F5
330
F0FF5D2
100
AcDbEntity
  8
DIM
440
 16777216
 48
10.0
100
AcDbLine
 10
734494.5862142525
 20
-498212.4585525123
 30
0.0
 11
734244.586214266
 21
-498212.4585525123
 31
0.0
  0
LINE
  5
F1016F6
330
F0FF5D2
100
AcDbEntity
  8
DIM
440
 16777216
 48
10.0
100
AcDbLine
 10
734294.586214266
 20
-496962.4585525123
 30
0.0
 11
734294.586214266
 21
-498262.4585525123
 31
0.0
  0
INSERT
  5
F1016F7
330
F0FF5D2
100
AcDbEntity
  8
DIM
440
 16777216
 48
10.0
100
AcDbBlockReference
  2
_ArchTick
 10
734294.586214266
 20
-497012.4585525123
 30
0.0
 41
75.0
 42
75.0
 43
75.0
 50
90.0
  0
INSERT
  5
F1016F8
330
F0FF5D2
100
AcDbEntity
  8
DIM
440
 16777216
 48
10.0
100
AcDbBlockReference
  2
_ArchTick
 10
734294.586214266
 20
-498212.4585525123
 30
0.0
 41
75.0
 42
75.0
 43
75.0
 50
270.0
  0
MTEXT
  5
F1016F9
330
F0FF5D2
100
AcDbEntity
  8
DIM
 62
     6
440
 16777216
 48
10.0
100
AcDbMText
 10
734154.6305526014
 20
-497612.4585525124
 30
0.0
 40
225.0
 41
0.0
 46
0.0
 71
     5
 72
     1
  1
\A1;300
  7
ARIAL
 11
6.123233995736766E-17
 21
1.0
 31
0.0
 73
     1
 44
1.0
  0
POINT
  5
F1016FA
330
F0FF5D2
100
AcDbEntity
  8
Defpoints
 62
     0
440
 16777216
 48
10.0
100
AcDbPoint
 10
734544.5862142524
 20
-497012.4585525123
 30
0.0
  0
POINT
  5
F1016FB
330
F0FF5D2
100
AcDbEntity
  8
Defpoints
 62
     0
440
 16777216
 48
10.0
100
AcDbPoint
 10
734544.5862142525
 20
-498212.4585525123
 30
0.0
  0
POINT
  5
F1016FC
330
F0FF5D2
100
AcDbEntity
  8
Defpoints
 62
     0
440
 16777216
 48
10.0
100
AcDbPoint
 10
734294.586214266
 20
-498212.4585525123
 30
0.0
  0
ENDBLK
  5
F0FF5D4
330
F0FF5D2
100
AcDbEntity
  8
0
100
AcDbBlockEnd
  0
BLOCK
  5
F101078
330
F101077
100
AcDbEntity
  8
0
100
AcDbBlockBegin
  2
*D33
 70
     1
 10
0.0
 20
0.0
 30
0.0
  3
*D33
  1

  0
LINE
  5
F1016FD
330
F101077
100
AcDbEntity
  8
DIM
440
 16777216
 48
10.0
100
AcDbLine
 10
734019.586214252
 20
-497012.4585525124
 30
-0.0000000000000284
 11
733569.5862142574
 21
-497012.4585525124
 31
-0.0000000000000284
  0
LINE
  5
F1016FE
330
F101077
100
AcDbEntity
  8
DIM
440
 16777216
 48
10.0
100
AcDbLine
 10
734019.586214252
 20
-496512.4585525124
 30
-0.0000000000000284
 11
733569.5862142574
 21
-496512.4585525124
 31
-0.0000000000000284
  0
LINE
  5
F1016FF
330
F101077
100
AcDbEntity
  8
DIM
440
 16777216
 48
10.0
100
AcDbLine
 10
733619.5862142574
 20
-497012.4585525124
 30
-0.0000000000000284
 11
733619.5862142574
 21
-497087.4585525124
 31
-0.0000000000000284
  0
LINE
  5
F101700
330
F101077
100
AcDbEntity
  8
DIM
440
 16777216
 48
10.0
100
AcDbLine
 10
733619.5862142574
 20
-496512.4585525124
 30
-0.0000000000000284
 11
733619.5862142574
 21
-496437.4585525124
 31
-0.0000000000000284
  0
LINE
  5
F101701
330
F101077
100
AcDbEntity
  8
DIM
440
 16777216
 48
10.0
100
AcDbLine
 10
733619.5862142574
 20
-497012.4585525124
 30
-0.0000000000000284
 11
733619.5862142574
 21
-496512.4585525124
 31
-0.0000000000000284
  0
INSERT
  5
F101702
330
F101077
100
AcDbEntity
  8
DIM
440
 16777216
 48
10.0
100
AcDbBlockReference
  2
_ArchTick
 10
733619.5862142574
 20
-497012.4585525124
 30
-0.0000000000000284
 41
75.0
 42
75.0
 43
75.0
 50
90.0
  0
INSERT
  5
F101703
330
F101077
100
AcDbEntity
  8
DIM
440
 16777216
 48
10.0
100
AcDbBlockReference
  2
_ArchTick
 10
733619.5862142574
 20
-496512.4585525124
 30
-0.0000000000000284
 41
75.0
 42
75.0
 43
75.0
 50
270.0
  0
MTEXT
  5
F101704
330
F101077
100
AcDbEntity
  8
DIM
 62
     6
440
 16777216
 48
10.0
100
AcDbMText
 10
733479.7072920197
 20
-496762.4585525125
 30
-0.0000000000000284
 40
225.0
 41
0.0
 46
0.0
 71
     5
 72
     1
  1
\A1;125
  7
ARIAL
 11
6.123233995736766E-17
 21
1.0
 31
0.0
 73
     1
 44
1.0
  0
POINT
  5
F101705
330
F101077
100
AcDbEntity
  8
Defpoints
 62
     0
440
 16777216
 48
10.0
100
AcDbPoint
 10
734069.586214252
 20
-497012.4585525124
 30
-0.0000000000000284
  0
POINT
  5
F101706
330
F101077
100
AcDbEntity
  8
Defpoints
 62
     0
440
 16777216
 48
10.0
100
AcDbPoint
 10
734069.586214252
 20
-496512.4585525124
 30
-0.0000000000000284
  0
POINT
  5
F101707
330
F101077
100
AcDbEntity
  8
Defpoints
 62
     0
440
 16777216
 48
10.0
100
AcDbPoint
 10
733619.5862142574
 20
-496512.4585525124
 30
-0.0000000000000284
  0
ENDBLK
  5
F101079
330
F101077
100
AcDbEntity
  8
0
100
AcDbBlockEnd
  0
ENDSEC
  0
SECTION
  2
ENTITIES
  0
MTEXT
  5
9096A33
330
2
100
AcDbEntity
  8
DIM
 62
     6
100
AcDbMText
 10
409627.469720229
 20
-552964.5828375785
 30
0.0
 40
100.0
 41
0.0
 46
0.0
 71
     7
 72
     1
  1

  7
ARIAL
 73
     1
 44
1.0
  0
MTEXT
  5
9097129
330
2
100
AcDbEntity
  8
DIM
 62
     6
100
AcDbMText
 10
414880.4447996672
 20
-552182.3225843767
 30
0.0
 40
100.0
 41
0.0
 46
0.0
 71
     7
 72
     1
  1

  7
ARIAL
 73
     1
 44
1.0
  0
LINE
  5
F0FE345
330
2
100
AcDbEntity
  8
RETAINING WALL
100
AcDbLine
 10
701584.9256193906
 20
-493902.8205552747
 30
0.0000000001542603
 11
701584.9256193906
 21
-497852.8205552747
 31
0.0000000001542603
  0
HATCH
  5
F0FE347
330
2
100
AcDbEntity
  8
STEEL
100
AcDbHatch
 10
0.0
 20
0.0
 30
0.0
210
-2.199054251738767E-16
220
0.0
230
1.0
  2
SOLID
 70
     1
 71
     1
 91
        1
 92
        1
 93
        1
 72
     2
 10
694951.7767021279
 20
-497977.8205552747
 40
25.0
 50
0.0
 51
360.0
 73
     1
 97
        1
330
F0FE34B
 75
     1
 76
     1
 98
        1
 10
-611.8601966458373
 20
-944720.8964370178
450
        0
451
        0
460
0.0
461
0.0
452
        0
462
1.0
453
        2
463
0.0
 63
     5
421
      255
463
1.0
 63
     2
421
 16776960
470
LINEAR
  0
CIRCLE
  5
F0FE34B
102
{ACAD_REACTORS
330
F0FE347
102
}
330
2
100
AcDbEntity
  8
STEEL
100
AcDbCircle
 10
694951.7767021279
 20
-497977.8205552747
 30
0.0
 40
25.0
  0
HATCH
  5
F0FE34D
330
2
100
AcDbEntity
  8
STEEL
100
AcDbHatch
 10
0.0
 20
0.0
 30
0.0
210
-2.199054251738767E-16
220
0.0
230
1.0
  2
SOLID
 70
     1
 71
     1
 91
        1
 92
        1
 93
        1
 72
     2
 10
702701.7767021279
 20
-497977.8205552747
 40
25.0
 50
0.0
 51
360.0
 73
     1
 97
        1
330
F0FE351
 75
     1
 76
     1
 98
        1
 10
7138.139803354163
 20
-944720.8964370178
450
        0
451
        0
460
0.0
461
0.0
452
        0
462
1.0
453
        2
463
0.0
 63
     5
421
      255
463
1.0
 63
     2
421
 16776960
470
LINEAR
  0
CIRCLE
  5
F0FE351
102
{ACAD_REACTORS
330
F0FE34D
102
}
330
2
100
AcDbEntity
  8
STEEL
100
AcDbCircle
 10
702701.7767021279
 20
-497977.8205552747
 30
0.0
 40
25.0
  0
HATCH
  5
F0FE353
330
2
100
AcDbEntity
  8
STEEL
100
AcDbHatch
 10
0.0
 20
0.0
 30
0.0
210
-2.199054251738767E-16
220
0.0
230
1.0
  2
SOLID
 70
     1
 71
     1
 91
        1
 92
        1
 93
        1
 72
     2
 10
702451.7767021279
 20
-497977.8205552747
 40
25.0
 50
0.0
 51
360.0
 73
     1
 97
        1
330
F0FE357
 75
     1
 76
     1
 98
        1
 10
6888.139803354163
 20
-944720.8964370178
450
        0
451
        0
460
0.0
461
0.0
452
        0
462
1.0
453
        2
463
0.0
 63
     5
421
      255
463
1.0
 63
     2
421
 16776960
470
LINEAR
  0
CIRCLE
  5
F0FE357
102
{ACAD_REACTORS
330
F0FE353
102
}
330
2
100
AcDbEntity
  8
STEEL
100
AcDbCircle
 10
702451.7767021279
 20
-497977.8205552747
 30
0.0
 40
25.0
  0
HATCH
  5
F0FE359
330
2
100
AcDbEntity
  8
STEEL
100
AcDbHatch
 10
0.0
 20
0.0
 30
0.0
210
-2.199054251738767E-16
220
0.0
230
1.0
  2
SOLID
 70
     1
 71
     1
 91
        1
 92
        1
 93
        1
 72
     2
 10
702201.7767021279
 20
-497977.8205552747
 40
25.0
 50
0.0
 51
360.0
 73
     1
 97
        1
330
F0FE35D
 75
     1
 76
     1
 98
        1
 10
6638.139803354163
 20
-944720.8964370178
450
        0
451
        0
460
0.0
461
0.0
452
        0
462
1.0
453
        2
463
0.0
 63
     5
421
      255
463
1.0
 63
     2
421
 16776960
470
LINEAR
  0
CIRCLE
  5
F0FE35D
102
{ACAD_REACTORS
330
F0FE359
102
}
330
2
100
AcDbEntity
  8
STEEL
100
AcDbCircle
 10
702201.7767021279
 20
-497977.8205552747
 30
0.0
 40
25.0
  0
HATCH
  5
F0FE35F
330
2
100
AcDbEntity
  8
STEEL
100
AcDbHatch
 10
0.0
 20
0.0
 30
0.0
210
-2.199054251738767E-16
220
0.0
230
1.0
  2
SOLID
 70
     1
 71
     1
 91
        1
 92
        1
 93
        1
 72
     2
 10
701951.7767021279
 20
-497977.8205552747
 40
25.0
 50
0.0
 51
360.0
 73
     1
 97
        1
330
F0FE363
 75
     1
 76
     1
 98
        1
 10
6388.139803354163
 20
-944720.8964370178
450
        0
451
        0
460
0.0
461
0.0
452
        0
462
1.0
453
        2
463
0.0
 63
     5
421
      255
463
1.0
 63
     2
421
 16776960
470
LINEAR
  0
CIRCLE
  5
F0FE363
102
{ACAD_REACTORS
330
F0FE35F
102
}
330
2
100
AcDbEntity
  8
STEEL
100
AcDbCircle
 10
701951.7767021279
 20
-497977.8205552747
 30
0.0
 40
25.0
  0
HATCH
  5
F0FE365
330
2
100
AcDbEntity
  8
STEEL
100
AcDbHatch
 10
0.0
 20
0.0
 30
0.0
210
-2.199054251738767E-16
220
0.0
230
1.0
  2
SOLID
 70
     1
 71
     1
 91
        1
 92
        1
 93
        1
 72
     2
 10
701701.7767021279
 20
-497977.8205552747
 40
25.0
 50
0.0
 51
360.0
 73
     1
 97
        1
330
F0FE369
 75
     1
 76
     1
 98
        1
 10
6138.139803354163
 20
-944720.8964370178
450
        0
451
        0
460
0.0
461
0.0
452
        0
462
1.0
453
        2
463
0.0
 63
     5
421
      255
463
1.0
 63
     2
421
 16776960
470
LINEAR
  0
CIRCLE
  5
F0FE369
102
{ACAD_REACTORS
330
F0FE365
102
}
330
2
100
AcDbEntity
  8
STEEL
100
AcDbCircle
 10
701701.7767021279
 20
-497977.8205552747
 30
0.0
 40
25.0
  0
HATCH
  5
F0FE36B
330
2
100
AcDbEntity
  8
STEEL
100
AcDbHatch
 10
0.0
 20
0.0
 30
0.0
210
-2.199054251738767E-16
220
0.0
230
1.0
  2
SOLID
 70
     1
 71
     1
 91
        1
 92
        1
 93
        1
 72
     2
 10
701451.7767021279
 20
-497977.8205552747
 40
25.0
 50
0.0
 51
360.0
 73
     1
 97
        1
330
F0FE36F
 75
     1
 76
     1
 98
        1
 10
5888.139803354163
 20
-944720.8964370178
450
        0
451
        0
460
0.0
461
0.0
452
        0
462
1.0
453
        2
463
0.0
 63
     5
421
      255
463
1.0
 63
     2
421
 16776960
470
LINEAR
  0
CIRCLE
  5
F0FE36F
102
{ACAD_REACTORS
330
F0FE36B
102
}
330
2
100
AcDbEntity
  8
STEEL
100
AcDbCircle
 10
701451.7767021279
 20
-497977.8205552747
 30
0.0
 40
25.0
  0
HATCH
  5
F0FE371
330
2
100
AcDbEntity
  8
STEEL
100
AcDbHatch
 10
0.0
 20
0.0
 30
0.0
210
-2.199054251738767E-16
220
0.0
230
1.0
  2
SOLID
 70
     1
 71
     1
 91
        1
 92
        1
 93
        1
 72
     2
 10
701201.7767021279
 20
-497977.8205552747
 40
25.0
 50
0.0
 51
360.0
 73
     1
 97
        1
330
F0FE375
 75
     1
 76
     1
 98
        1
 10
5638.139803354163
 20
-944720.8964370178
450
        0
451
        0
460
0.0
461
0.0
452
        0
462
1.0
453
        2
463
0.0
 63
     5
421
      255
463
1.0
 63
     2
421
 16776960
470
LINEAR
  0
CIRCLE
  5
F0FE375
102
{ACAD_REACTORS
330
F0FE371
102
}
330
2
100
AcDbEntity
  8
STEEL
100
AcDbCircle
 10
701201.7767021279
 20
-497977.8205552747
 30
0.0
 40
25.0
  0
HATCH
  5
F0FE377
330
2
100
AcDbEntity
  8
STEEL
100
AcDbHatch
 10
0.0
 20
0.0
 30
0.0
210
-2.199054251738767E-16
220
0.0
230
1.0
  2
SOLID
 70
     1
 71
     1
 91
        1
 92
        1
 93
        1
 72
     2
 10
700951.7767021279
 20
-497977.8205552747
 40
25.0
 50
0.0
 51
360.0
 73
     1
 97
        1
330
F0FE37B
 75
     1
 76
     1
 98
        1
 10
5388.139803354163
 20
-944720.8964370178
450
        0
451
        0
460
0.0
461
0.0
452
        0
462
1.0
453
        2
463
0.0
 63
     5
421
      255
463
1.0
 63
     2
421
 16776960
470
LINEAR
  0
CIRCLE
  5
F0FE37B
102
{ACAD_REACTORS
330
F0FE377
102
}
330
2
100
AcDbEntity
  8
STEEL
100
AcDbCircle
 10
700951.7767021279
 20
-497977.8205552747
 30
0.0
 40
25.0
  0
HATCH
  5
F0FE37D
330
2
100
AcDbEntity
  8
STEEL
100
AcDbHatch
 10
0.0
 20
0.0
 30
0.0
210
-2.199054251738767E-16
220
0.0
230
1.0
  2
SOLID
 70
     1
 71
     1
 91
        1
 92
        1
 93
        1
 72
     2
 10
700701.7767021279
 20
-497977.8205552747
 40
25.0
 50
0.0
 51
360.0
 73
     1
 97
        1
330
F0FE381
 75
     1
 76
     1
 98
        1
 10
5138.139803354163
 20
-944720.8964370178
450
        0
451
        0
460
0.0
461
0.0
452
        0
462
1.0
453
        2
463
0.0
 63
     5
421
      255
463
1.0
 63
     2
421
 16776960
470
LINEAR
  0
CIRCLE
  5
F0FE381
102
{ACAD_REACTORS
330
F0FE37D
102
}
330
2
100
AcDbEntity
  8
STEEL
100
AcDbCircle
 10
700701.7767021279
 20
-497977.8205552747
 30
0.0
 40
25.0
  0
HATCH
  5
F0FE383
330
2
100
AcDbEntity
  8
STEEL
100
AcDbHatch
 10
0.0
 20
0.0
 30
0.0
210
-2.199054251738767E-16
220
0.0
230
1.0
  2
SOLID
 70
     1
 71
     1
 91
        1
 92
        1
 93
        1
 72
     2
 10
700451.7767021279
 20
-497977.8205552747
 40
25.0
 50
0.0
 51
360.0
 73
     1
 97
        1
330
F0FE387
 75
     1
 76
     1
 98
        1
 10
4888.139803354163
 20
-944720.8964370178
450
        0
451
        0
460
0.0
461
0.0
452
        0
462
1.0
453
        2
463
0.0
 63
     5
421
      255
463
1.0
 63
     2
421
 16776960
470
LINEAR
  0
CIRCLE
  5
F0FE387
102
{ACAD_REACTORS
330
F0FE383
102
}
330
2
100
AcDbEntity
  8
STEEL
100
AcDbCircle
 10
700451.7767021279
 20
-497977.8205552747
 30
0.0
 40
25.0
  0
HATCH
  5
F0FE389
330
2
100
AcDbEntity
  8
STEEL
100
AcDbHatch
 10
0.0
 20
0.0
 30
0.0
210
-2.199054251738767E-16
220
0.0
230
1.0
  2
SOLID
 70
     1
 71
     1
 91
        1
 92
        1
 93
        1
 72
     2
 10
700201.7767021279
 20
-497977.8205552747
 40
25.0
 50
0.0
 51
360.0
 73
     1
 97
        1
330
F0FE38D
 75
     1
 76
     1
 98
        1
 10
4638.139803354163
 20
-944720.8964370178
450
        0
451
        0
460
0.0
461
0.0
452
        0
462
1.0
453
        2
463
0.0
 63
     5
421
      255
463
1.0
 63
     2
421
 16776960
470
LINEAR
  0
CIRCLE
  5
F0FE38D
102
{ACAD_REACTORS
330
F0FE389
102
}
330
2
100
AcDbEntity
  8
STEEL
100
AcDbCircle
 10
700201.7767021279
 20
-497977.8205552747
 30
0.0
 40
25.0
  0
HATCH
  5
F0FE38F
330
2
100
AcDbEntity
  8
STEEL
100
AcDbHatch
 10
0.0
 20
0.0
 30
0.0
210
-2.199054251738767E-16
220
0.0
230
1.0
  2
SOLID
 70
     1
 71
     1
 91
        1
 92
        1
 93
        1
 72
     2
 10
699951.7767021279
 20
-497977.8205552747
 40
25.0
 50
0.0
 51
360.0
 73
     1
 97
        1
330
F0FE393
 75
     1
 76
     1
 98
        1
 10
4388.139803354163
 20
-944720.8964370178
450
        0
451
        0
460
0.0
461
0.0
452
        0
462
1.0
453
        2
463
0.0
 63
     5
421
      255
463
1.0
 63
     2
421
 16776960
470
LINEAR
  0
CIRCLE
  5
F0FE393
102
{ACAD_REACTORS
330
F0FE38F
102
}
330
2
100
AcDbEntity
  8
STEEL
100
AcDbCircle
 10
699951.7767021279
 20
-497977.8205552747
 30
0.0
 40
25.0
  0
HATCH
  5
F0FE395
330
2
100
AcDbEntity
  8
STEEL
100
AcDbHatch
 10
0.0
 20
0.0
 30
0.0
210
-2.199054251738767E-16
220
0.0
230
1.0
  2
SOLID
 70
     1
 71
     1
 91
        1
 92
        1
 93
        1
 72
     2
 10
699701.7767021279
 20
-497977.8205552747
 40
25.0
 50
0.0
 51
360.0
 73
     1
 97
        1
330
F0FE399
 75
     1
 76
     1
 98
        1
 10
4138.139803354163
 20
-944720.8964370178
450
        0
451
        0
460
0.0
461
0.0
452
        0
462
1.0
453
        2
463
0.0
 63
     5
421
      255
463
1.0
 63
     2
421
 16776960
470
LINEAR
  0
CIRCLE
  5
F0FE399
102
{ACAD_REACTORS
330
F0FE395
102
}
330
2
100
AcDbEntity
  8
STEEL
100
AcDbCircle
 10
699701.7767021279
 20
-497977.8205552747
 30
0.0
 40
25.0
  0
HATCH
  5
F0FE39B
330
2
100
AcDbEntity
  8
STEEL
100
AcDbHatch
 10
0.0
 20
0.0
 30
0.0
210
-2.199054251738767E-16
220
0.0
230
1.0
  2
SOLID
 70
     1
 71
     1
 91
        1
 92
        1
 93
        1
 72
     2
 10
699451.7767021279
 20
-497977.8205552747
 40
25.0
 50
0.0
 51
360.0
 73
     1
 97
        1
330
F0FE39F
 75
     1
 76
     1
 98
        1
 10
3888.139803354163
 20
-944720.8964370178
450
        0
451
        0
460
0.0
461
0.0
452
        0
462
1.0
453
        2
463
0.0
 63
     5
421
      255
463
1.0
 63
     2
421
 16776960
470
LINEAR
  0
CIRCLE
  5
F0FE39F
102
{ACAD_REACTORS
330
F0FE39B
102
}
330
2
100
AcDbEntity
  8
STEEL
100
AcDbCircle
 10
699451.7767021279
 20
-497977.8205552747
 30
0.0
 40
25.0
  0
HATCH
  5
F0FE3A1
330
2
100
AcDbEntity
  8
STEEL
100
AcDbHatch
 10
0.0
 20
0.0
 30
0.0
210
-2.199054251738767E-16
220
0.0
230
1.0
  2
SOLID
 70
     1
 71
     1
 91
        1
 92
        1
 93
        1
 72
     2
 10
699201.7767021279
 20
-497977.8205552747
 40
25.0
 50
0.0
 51
360.0
 73
     1
 97
        1
330
F0FE3A5
 75
     1
 76
     1
 98
        1
 10
3638.139803354163
 20
-944720.8964370178
450
        0
451
        0
460
0.0
461
0.0
452
        0
462
1.0
453
        2
463
0.0
 63
     5
421
      255
463
1.0
 63
     2
421
 16776960
470
LINEAR
  0
CIRCLE
  5
F0FE3A5
102
{ACAD_REACTORS
330
F0FE3A1
102
}
330
2
100
AcDbEntity
  8
STEEL
100
AcDbCircle
 10
699201.7767021279
 20
-497977.8205552747
 30
0.0
 40
25.0
  0
HATCH
  5
F0FE3A7
330
2
100
AcDbEntity
  8
STEEL
100
AcDbHatch
 10
0.0
 20
0.0
 30
0.0
210
-2.199054251738767E-16
220
0.0
230
1.0
  2
SOLID
 70
     1
 71
     1
 91
        1
 92
        1
 93
        1
 72
     2
 10
698951.7767021279
 20
-497977.8205552747
 40
25.0
 50
0.0
 51
360.0
 73
     1
 97
        1
330
F0FE3AB
 75
     1
 76
     1
 98
        1
 10
3388.139803354163
 20
-944720.8964370178
450
        0
451
        0
460
0.0
461
0.0
452
        0
462
1.0
453
        2
463
0.0
 63
     5
421
      255
463
1.0
 63
     2
421
 16776960
470
LINEAR
  0
CIRCLE
  5
F0FE3AB
102
{ACAD_REACTORS
330
F0FE3A7
102
}
330
2
100
AcDbEntity
  8
STEEL
100
AcDbCircle
 10
698951.7767021279
 20
-497977.8205552747
 30
0.0
 40
25.0
  0
HATCH
  5
F0FE3AD
330
2
100
AcDbEntity
  8
STEEL
100
AcDbHatch
 10
0.0
 20
0.0
 30
0.0
210
-2.199054251738767E-16
220
0.0
230
1.0
  2
SOLID
 70
     1
 71
     1
 91
        1
 92
        1
 93
        1
 72
     2
 10
698701.7767021279
 20
-497977.8205552747
 40
25.0
 50
0.0
 51
360.0
 73
     1
 97
        1
330
F0FE3B1
 75
     1
 76
     1
 98
        1
 10
3138.139803354163
 20
-944720.8964370178
450
        0
451
        0
460
0.0
461
0.0
452
        0
462
1.0
453
        2
463
0.0
 63
     5
421
      255
463
1.0
 63
     2
421
 16776960
470
LINEAR
  0
CIRCLE
  5
F0FE3B1
102
{ACAD_REACTORS
330
F0FE3AD
102
}
330
2
100
AcDbEntity
  8
STEEL
100
AcDbCircle
 10
698701.7767021279
 20
-497977.8205552747
 30
0.0
 40
25.0
  0
HATCH
  5
F0FE3B3
330
2
100
AcDbEntity
  8
STEEL
100
AcDbHatch
 10
0.0
 20
0.0
 30
0.0
210
-2.199054251738767E-16
220
0.0
230
1.0
  2
SOLID
 70
     1
 71
     1
 91
        1
 92
        1
 93
        1
 72
     2
 10
698451.7767021279
 20
-497977.8205552747
 40
25.0
 50
0.0
 51
360.0
 73
     1
 97
        1
330
F0FE3B7
 75
     1
 76
     1
 98
        1
 10
2888.139803354163
 20
-944720.8964370178
450
        0
451
        0
460
0.0
461
0.0
452
        0
462
1.0
453
        2
463
0.0
 63
     5
421
      255
463
1.0
 63
     2
421
 16776960
470
LINEAR
  0
CIRCLE
  5
F0FE3B7
102
{ACAD_REACTORS
330
F0FE3B3
102
}
330
2
100
AcDbEntity
  8
STEEL
100
AcDbCircle
 10
698451.7767021279
 20
-497977.8205552747
 30
0.0
 40
25.0
  0
HATCH
  5
F0FE3B9
330
2
100
AcDbEntity
  8
STEEL
100
AcDbHatch
 10
0.0
 20
0.0
 30
0.0
210
-2.199054251738767E-16
220
0.0
230
1.0
  2
SOLID
 70
     1
 71
     1
 91
        1
 92
        1
 93
        1
 72
     2
 10
698201.7767021279
 20
-497977.8205552747
 40
25.0
 50
0.0
 51
360.0
 73
     1
 97
        1
330
F0FE3BD
 75
     1
 76
     1
 98
        1
 10
2638.139803354163
 20
-944720.8964370178
450
        0
451
        0
460
0.0
461
0.0
452
        0
462
1.0
453
        2
463
0.0
 63
     5
421
      255
463
1.0
 63
     2
421
 16776960
470
LINEAR
  0
CIRCLE
  5
F0FE3BD
102
{ACAD_REACTORS
330
F0FE3B9
102
}
330
2
100
AcDbEntity
  8
STEEL
100
AcDbCircle
 10
698201.7767021279
 20
-497977.8205552747
 30
0.0
 40
25.0
  0
HATCH
  5
F0FE3BF
330
2
100
AcDbEntity
  8
STEEL
100
AcDbHatch
 10
0.0
 20
0.0
 30
0.0
210
-2.199054251738767E-16
220
0.0
230
1.0
  2
SOLID
 70
     1
 71
     1
 91
        1
 92
        1
 93
        1
 72
     2
 10
697951.7767021279
 20
-497977.8205552747
 40
25.0
 50
0.0
 51
360.0
 73
     1
 97
        1
330
F0FE3C3
 75
     1
 76
     1
 98
        1
 10
2388.139803354163
 20
-944720.8964370178
450
        0
451
        0
460
0.0
461
0.0
452
        0
462
1.0
453
        2
463
0.0
 63
     5
421
      255
463
1.0
 63
     2
421
 16776960
470
LINEAR
  0
CIRCLE
  5
F0FE3C3
102
{ACAD_REACTORS
330
F0FE3BF
102
}
330
2
100
AcDbEntity
  8
STEEL
100
AcDbCircle
 10
697951.7767021279
 20
-497977.8205552747
 30
0.0
 40
25.0
  0
HATCH
  5
F0FE3C5
330
2
100
AcDbEntity
  8
STEEL
100
AcDbHatch
 10
0.0
 20
0.0
 30
0.0
210
-2.199054251738767E-16
220
0.0
230
1.0
  2
SOLID
 70
     1
 71
     1
 91
        1
 92
        1
 93
        1
 72
     2
 10
697701.7767021279
 20
-497977.8205552747
 40
25.0
 50
0.0
 51
360.0
 73
     1
 97
        1
330
F0FE3C9
 75
     1
 76
     1
 98
        1
 10
2138.139803354163
 20
-944720.8964370178
450
        0
451
        0
460
0.0
461
0.0
452
        0
462
1.0
453
        2
463
0.0
 63
     5
421
      255
463
1.0
 63
     2
421
 16776960
470
LINEAR
  0
CIRCLE
  5
F0FE3C9
102
{ACAD_REACTORS
330
F0FE3C5
102
}
330
2
100
AcDbEntity
  8
STEEL
100
AcDbCircle
 10
697701.7767021279
 20
-497977.8205552747
 30
0.0
 40
25.0
  0
HATCH
  5
F0FE3CB
330
2
100
AcDbEntity
  8
STEEL
100
AcDbHatch
 10
0.0
 20
0.0
 30
0.0
210
-2.199054251738767E-16
220
0.0
230
1.0
  2
SOLID
 70
     1
 71
     1
 91
        1
 92
        1
 93
        1
 72
     2
 10
697451.7767021279
 20
-497977.8205552747
 40
25.0
 50
0.0
 51
360.0
 73
     1
 97
        1
330
F0FE3CF
 75
     1
 76
     1
 98
        1
 10
1888.139803354163
 20
-944720.8964370178
450
        0
451
        0
460
0.0
461
0.0
452
        0
462
1.0
453
        2
463
0.0
 63
     5
421
      255
463
1.0
 63
     2
421
 16776960
470
LINEAR
  0
CIRCLE
  5
F0FE3CF
102
{ACAD_REACTORS
330
F0FE3CB
102
}
330
2
100
AcDbEntity
  8
STEEL
100
AcDbCircle
 10
697451.7767021279
 20
-497977.8205552747
 30
0.0
 40
25.0
  0
HATCH
  5
F0FE3D1
330
2
100
AcDbEntity
  8
STEEL
100
AcDbHatch
 10
0.0
 20
0.0
 30
0.0
210
-2.199054251738767E-16
220
0.0
230
1.0
  2
SOLID
 70
     1
 71
     1
 91
        1
 92
        1
 93
        1
 72
     2
 10
697201.7767021279
 20
-497977.8205552747
 40
25.0
 50
0.0
 51
360.0
 73
     1
 97
        1
330
F0FE3D5
 75
     1
 76
     1
 98
        1
 10
1638.139803354163
 20
-944720.8964370178
450
        0
451
        0
460
0.0
461
0.0
452
        0
462
1.0
453
        2
463
0.0
 63
     5
421
      255
463
1.0
 63
     2
421
 16776960
470
LINEAR
  0
CIRCLE
  5
F0FE3D5
102
{ACAD_REACTORS
330
F0FE3D1
102
}
330
2
100
AcDbEntity
  8
STEEL
100
AcDbCircle
 10
697201.7767021279
 20
-497977.8205552747
 30
0.0
 40
25.0
  0
HATCH
  5
F0FE3D7
330
2
100
AcDbEntity
  8
STEEL
100
AcDbHatch
 10
0.0
 20
0.0
 30
0.0
210
-2.199054251738767E-16
220
0.0
230
1.0
  2
SOLID
 70
     1
 71
     1
 91
        1
 92
        1
 93
        1
 72
     2
 10
696951.7767021279
 20
-497977.8205552747
 40
25.0
 50
0.0
 51
360.0
 73
     1
 97
        1
330
F0FE3DB
 75
     1
 76
     1
 98
        1
 10
1388.139803354163
 20
-944720.8964370178
450
        0
451
        0
460
0.0
461
0.0
452
        0
462
1.0
453
        2
463
0.0
 63
     5
421
      255
463
1.0
 63
     2
421
 16776960
470
LINEAR
  0
CIRCLE
  5
F0FE3DB
102
{ACAD_REACTORS
330
F0FE3D7
102
}
330
2
100
AcDbEntity
  8
STEEL
100
AcDbCircle
 10
696951.7767021279
 20
-497977.8205552747
 30
0.0
 40
25.0
  0
HATCH
  5
F0FE3DD
330
2
100
AcDbEntity
  8
STEEL
100
AcDbHatch
 10
0.0
 20
0.0
 30
0.0
210
-2.199054251738767E-16
220
0.0
230
1.0
  2
SOLID
 70
     1
 71
     1
 91
        1
 92
        1
 93
        1
 72
     2
 10
696701.7767021279
 20
-497977.8205552747
 40
25.0
 50
0.0
 51
360.0
 73
     1
 97
        1
330
F0FE3E1
 75
     1
 76
     1
 98
        1
 10
1138.139803354163
 20
-944720.8964370178
450
        0
451
        0
460
0.0
461
0.0
452
        0
462
1.0
453
        2
463
0.0
 63
     5
421
      255
463
1.0
 63
     2
421
 16776960
470
LINEAR
  0
CIRCLE
  5
F0FE3E1
102
{ACAD_REACTORS
330
F0FE3DD
102
}
330
2
100
AcDbEntity
  8
STEEL
100
AcDbCircle
 10
696701.7767021279
 20
-497977.8205552747
 30
0.0
 40
25.0
  0
HATCH
  5
F0FE3E3
330
2
100
AcDbEntity
  8
STEEL
100
AcDbHatch
 10
0.0
 20
0.0
 30
0.0
210
-2.199054251738767E-16
220
0.0
230
1.0
  2
SOLID
 70
     1
 71
     1
 91
        1
 92
        1
 93
        1
 72
     2
 10
696451.7767021279
 20
-497977.8205552747
 40
25.0
 50
0.0
 51
360.0
 73
     1
 97
        1
330
F0FE3E7
 75
     1
 76
     1
 98
        1
 10
888.1398033541627
 20
-944720.8964370178
450
        0
451
        0
460
0.0
461
0.0
452
        0
462
1.0
453
        2
463
0.0
 63
     5
421
      255
463
1.0
 63
     2
421
 16776960
470
LINEAR
  0
CIRCLE
  5
F0FE3E7
102
{ACAD_REACTORS
330
F0FE3E3
102
}
330
2
100
AcDbEntity
  8
STEEL
100
AcDbCircle
 10
696451.7767021279
 20
-497977.8205552747
 30
0.0
 40
25.0
  0
HATCH
  5
F0FE3E9
330
2
100
AcDbEntity
  8
STEEL
100
AcDbHatch
 10
0.0
 20
0.0
 30
0.0
210
-2.199054251738767E-16
220
0.0
230
1.0
  2
SOLID
 70
     1
 71
     1
 91
        1
 92
        1
 93
        1
 72
     2
 10
696201.7767021279
 20
-497977.8205552747
 40
25.0
 50
0.0
 51
360.0
 73
     1
 97
        1
330
F0FE3ED
 75
     1
 76
     1
 98
        1
 10
638.1398033541627
 20
-944720.8964370178
450
        0
451
        0
460
0.0
461
0.0
452
        0
462
1.0
453
        2
463
0.0
 63
     5
421
      255
463
1.0
 63
     2
421
 16776960
470
LINEAR
  0
CIRCLE
  5
F0FE3ED
102
{ACAD_REACTORS
330
F0FE3E9
102
}
330
2
100
AcDbEntity
  8
STEEL
100
AcDbCircle
 10
696201.7767021279
 20
-497977.8205552747
 30
0.0
 40
25.0
  0
HATCH
  5
F0FE3EF
330
2
100
AcDbEntity
  8
STEEL
100
AcDbHatch
 10
0.0
 20
0.0
 30
0.0
210
-2.199054251738767E-16
220
0.0
230
1.0
  2
SOLID
 70
     1
 71
     1
 91
        1
 92
        1
 93
        1
 72
     2
 10
695951.7767021279
 20
-497977.8205552747
 40
25.0
 50
0.0
 51
360.0
 73
     1
 97
        1
330
F0FE3F3
 75
     1
 76
     1
 98
        1
 10
388.1398033541627
 20
-944720.8964370178
450
        0
451
        0
460
0.0
461
0.0
452
        0
462
1.0
453
        2
463
0.0
 63
     5
421
      255
463
1.0
 63
     2
421
 16776960
470
LINEAR
  0
CIRCLE
  5
F0FE3F3
102
{ACAD_REACTORS
330
F0FE3EF
102
}
330
2
100
AcDbEntity
  8
STEEL
100
AcDbCircle
 10
695951.7767021279
 20
-497977.8205552747
 30
0.0
 40
25.0
  0
HATCH
  5
F0FE3F5
330
2
100
AcDbEntity
  8
STEEL
100
AcDbHatch
 10
0.0
 20
0.0
 30
0.0
210
-2.199054251738767E-16
220
0.0
230
1.0
  2
SOLID
 70
     1
 71
     1
 91
        1
 92
        1
 93
        1
 72
     2
 10
695701.7767021279
 20
-497977.8205552747
 40
25.0
 50
0.0
 51
360.0
 73
     1
 97
        1
330
F0FE3F9
 75
     1
 76
     1
 98
        1
 10
138.1398033541627
 20
-944720.8964370178
450
        0
451
        0
460
0.0
461
0.0
452
        0
462
1.0
453
        2
463
0.0
 63
     5
421
      255
463
1.0
 63
     2
421
 16776960
470
LINEAR
  0
CIRCLE
  5
F0FE3F9
102
{ACAD_REACTORS
330
F0FE3F5
102
}
330
2
100
AcDbEntity
  8
STEEL
100
AcDbCircle
 10
695701.7767021279
 20
-497977.8205552747
 30
0.0
 40
25.0
  0
HATCH
  5
F0FE3FB
330
2
100
AcDbEntity
  8
STEEL
100
AcDbHatch
 10
0.0
 20
0.0
 30
0.0
210
-2.199054251738767E-16
220
0.0
230
1.0
  2
SOLID
 70
     1
 71
     1
 91
        1
 92
        1
 93
        1
 72
     2
 10
695451.7767021279
 20
-497977.8205552747
 40
25.0
 50
0.0
 51
360.0
 73
     1
 97
        1
330
F0FE3FF
 75
     1
 76
     1
 98
        1
 10
-111.8601966458373
 20
-944720.8964370178
450
        0
451
        0
460
0.0
461
0.0
452
        0
462
1.0
453
        2
463
0.0
 63
     5
421
      255
463
1.0
 63
     2
421
 16776960
470
LINEAR
  0
CIRCLE
  5
F0FE3FF
102
{ACAD_REACTORS
330
F0FE3FB
102
}
330
2
100
AcDbEntity
  8
STEEL
100
AcDbCircle
 10
695451.7767021279
 20
-497977.8205552747
 30
0.0
 40
25.0
  0
HATCH
  5
F0FE401
330
2
100
AcDbEntity
  8
STEEL
100
AcDbHatch
 10
0.0
 20
0.0
 30
0.0
210
-2.199054251738767E-16
220
0.0
230
1.0
  2
SOLID
 70
     1
 71
     1
 91
        1
 92
        1
 93
        1
 72
     2
 10
695201.7767021279
 20
-497977.8205552747
 40
25.0
 50
0.0
 51
360.0
 73
     1
 97
        1
330
F0FE405
 75
     1
 76
     1
 98
        1
 10
-361.8601966458373
 20
-944720.8964370178
450
        0
451
        0
460
0.0
461
0.0
452
        0
462
1.0
453
        2
463
0.0
 63
     5
421
      255
463
1.0
 63
     2
421
 16776960
470
LINEAR
  0
CIRCLE
  5
F0FE405
102
{ACAD_REACTORS
330
F0FE401
102
}
330
2
100
AcDbEntity
  8
STEEL
100
AcDbCircle
 10
695201.7767021279
 20
-497977.8205552747
 30
0.0
 40
25.0
  0
HATCH
  5
F0FE407
330
2
100
AcDbEntity
  8
STEEL
100
AcDbHatch
 10
0.0
 20
0.0
 30
0.0
210
-2.199054251738767E-16
220
0.0
230
1.0
  2
SOLID
 70
     1
 71
     1
 91
        1
 92
        1
 93
        1
 72
     2
 10
702576.7767021279
 20
-498627.8205552747
 40
25.0
 50
0.0
 51
360.0
 73
     1
 97
        1
330
F0FE40B
 75
     1
 76
     1
 98
        1
 10
7013.139803354163
 20
-51884.7446735315
450
        0
451
        0
460
0.0
461
0.0
452
        0
462
1.0
453
        2
463
0.0
 63
     5
421
      255
463
1.0
 63
     2
421
 16776960
470
LINEAR
  0
CIRCLE
  5
F0FE40B
102
{ACAD_REACTORS
330
F0FE407
102
}
330
2
100
AcDbEntity
  8
STEEL
100
AcDbCircle
 10
702576.7767021279
 20
-498627.8205552747
 30
0.0
 40
25.0
  0
HATCH
  5
F0FE40D
330
2
100
AcDbEntity
  8
STEEL
100
AcDbHatch
 10
0.0
 20
0.0
 30
0.0
210
-2.199054251738767E-16
220
0.0
230
1.0
  2
SOLID
 70
     1
 71
     1
 91
        1
 92
        1
 93
        1
 72
     2
 10
702326.7767021279
 20
-498627.8205552747
 40
25.0
 50
0.0
 51
360.0
 73
     1
 97
        1
330
F0FE411
 75
     1
 76
     1
 98
        1
 10
6763.139803354163
 20
-51884.7446735315
450
        0
451
        0
460
0.0
461
0.0
452
        0
462
1.0
453
        2
463
0.0
 63
     5
421
      255
463
1.0
 63
     2
421
 16776960
470
LINEAR
  0
CIRCLE
  5
F0FE411
102
{ACAD_REACTORS
330
F0FE40D
102
}
330
2
100
AcDbEntity
  8
STEEL
100
AcDbCircle
 10
702326.7767021279
 20
-498627.8205552747
 30
0.0
 40
25.0
  0
HATCH
  5
F0FE413
330
2
100
AcDbEntity
  8
STEEL
100
AcDbHatch
 10
0.0
 20
0.0
 30
0.0
210
-2.199054251738767E-16
220
0.0
230
1.0
  2
SOLID
 70
     1
 71
     1
 91
        1
 92
        1
 93
        1
 72
     2
 10
702076.7767021279
 20
-498627.8205552747
 40
25.0
 50
0.0
 51
360.0
 73
     1
 97
        1
330
F0FE417
 75
     1
 76
     1
 98
        1
 10
6513.139803354163
 20
-51884.7446735315
450
        0
451
        0
460
0.0
461
0.0
452
        0
462
1.0
453
        2
463
0.0
 63
     5
421
      255
463
1.0
 63
     2
421
 16776960
470
LINEAR
  0
CIRCLE
  5
F0FE417
102
{ACAD_REACTORS
330
F0FE413
102
}
330
2
100
AcDbEntity
  8
STEEL
100
AcDbCircle
 10
702076.7767021279
 20
-498627.8205552747
 30
0.0
 40
25.0
  0
HATCH
  5
F0FE419
330
2
100
AcDbEntity
  8
STEEL
100
AcDbHatch
 10
0.0
 20
0.0
 30
0.0
210
-2.199054251738767E-16
220
0.0
230
1.0
  2
SOLID
 70
     1
 71
     1
 91
        1
 92
        1
 93
        1
 72
     2
 10
701826.7767021279
 20
-498627.8205552747
 40
25.0
 50
0.0
 51
360.0
 73
     1
 97
        1
330
F0FE41D
 75
     1
 76
     1
 98
        1
 10
6263.139803354163
 20
-51884.7446735315
450
        0
451
        0
460
0.0
461
0.0
452
        0
462
1.0
453
        2
463
0.0
 63
     5
421
      255
463
1.0
 63
     2
421
 16776960
470
LINEAR
  0
CIRCLE
  5
F0FE41D
102
{ACAD_REACTORS
330
F0FE419
102
}
330
2
100
AcDbEntity
  8
STEEL
100
AcDbCircle
 10
701826.7767021279
 20
-498627.8205552747
 30
0.0
 40
25.0
  0
HATCH
  5
F0FE41F
330
2
100
AcDbEntity
  8
STEEL
100
AcDbHatch
 10
0.0
 20
0.0
 30
0.0
210
-2.199054251738767E-16
220
0.0
230
1.0
  2
SOLID
 70
     1
 71
     1
 91
        1
 92
        1
 93
        1
 72
     2
 10
701576.7767021279
 20
-498627.8205552747
 40
25.0
 50
0.0
 51
360.0
 73
     1
 97
        1
330
F0FE423
 75
     1
 76
     1
 98
        1
 10
6013.139803354163
 20
-51884.7446735315
450
        0
451
        0
460
0.0
461
0.0
452
        0
462
1.0
453
        2
463
0.0
 63
     5
421
      255
463
1.0
 63
     2
421
 16776960
470
LINEAR
  0
CIRCLE
  5
F0FE423
102
{ACAD_REACTORS
330
F0FE41F
102
}
330
2
100
AcDbEntity
  8
STEEL
100
AcDbCircle
 10
701576.7767021279
 20
-498627.8205552747
 30
0.0
 40
25.0
  0
HATCH
  5
F0FE425
330
2
100
AcDbEntity
  8
STEEL
100
AcDbHatch
 10
0.0
 20
0.0
 30
0.0
210
-2.199054251738767E-16
220
0.0
230
1.0
  2
SOLID
 70
     1
 71
     1
 91
        1
 92
        1
 93
        1
 72
     2
 10
701326.7767021279
 20
-498627.8205552747
 40
25.0
 50
0.0
 51
360.0
 73
     1
 97
        1
330
F0FE429
 75
     1
 76
     1
 98
        1
 10
5763.139803354163
 20
-51884.7446735315
450
        0
451
        0
460
0.0
461
0.0
452
        0
462
1.0
453
        2
463
0.0
 63
     5
421
      255
463
1.0
 63
     2
421
 16776960
470
LINEAR
  0
CIRCLE
  5
F0FE429
102
{ACAD_REACTORS
330
F0FE425
102
}
330
2
100
AcDbEntity
  8
STEEL
100
AcDbCircle
 10
701326.7767021279
 20
-498627.8205552747
 30
0.0
 40
25.0
  0
HATCH
  5
F0FE42B
330
2
100
AcDbEntity
  8
STEEL
100
AcDbHatch
 10
0.0
 20
0.0
 30
0.0
210
-2.199054251738767E-16
220
0.0
230
1.0
  2
SOLID
 70
     1
 71
     1
 91
        1
 92
        1
 93
        1
 72
     2
 10
701076.7767021279
 20
-498627.8205552747
 40
25.0
 50
0.0
 51
360.0
 73
     1
 97
        1
330
F0FE42F
 75
     1
 76
     1
 98
        1
 10
5513.139803354163
 20
-51884.7446735315
450
        0
451
        0
460
0.0
461
0.0
452
        0
462
1.0
453
        2
463
0.0
 63
     5
421
      255
463
1.0
 63
     2
421
 16776960
470
LINEAR
  0
CIRCLE
  5
F0FE42F
102
{ACAD_REACTORS
330
F0FE42B
102
}
330
2
100
AcDbEntity
  8
STEEL
100
AcDbCircle
 10
701076.7767021279
 20
-498627.8205552747
 30
0.0
 40
25.0
  0
HATCH
  5
F0FE431
330
2
100
AcDbEntity
  8
STEEL
100
AcDbHatch
 10
0.0
 20
0.0
 30
0.0
210
-2.199054251738767E-16
220
0.0
230
1.0
  2
SOLID
 70
     1
 71
     1
 91
        1
 92
        1
 93
        1
 72
     2
 10
700826.7767021279
 20
-498627.8205552747
 40
25.0
 50
0.0
 51
360.0
 73
     1
 97
        1
330
F0FE435
 75
     1
 76
     1
 98
        1
 10
5263.139803354163
 20
-51884.7446735315
450
        0
451
        0
460
0.0
461
0.0
452
        0
462
1.0
453
        2
463
0.0
 63
     5
421
      255
463
1.0
 63
     2
421
 16776960
470
LINEAR
  0
CIRCLE
  5
F0FE435
102
{ACAD_REACTORS
330
F0FE431
102
}
330
2
100
AcDbEntity
  8
STEEL
100
AcDbCircle
 10
700826.7767021279
 20
-498627.8205552747
 30
0.0
 40
25.0
  0
HATCH
  5
F0FE437
330
2
100
AcDbEntity
  8
STEEL
100
AcDbHatch
 10
0.0
 20
0.0
 30
0.0
210
-2.199054251738767E-16
220
0.0
230
1.0
  2
SOLID
 70
     1
 71
     1
 91
        1
 92
        1
 93
        1
 72
     2
 10
700576.7767021279
 20
-498627.8205552747
 40
25.0
 50
0.0
 51
360.0
 73
     1
 97
        1
330
F0FE43B
 75
     1
 76
     1
 98
        1
 10
5013.139803354163
 20
-51884.7446735315
450
        0
451
        0
460
0.0
461
0.0
452
        0
462
1.0
453
        2
463
0.0
 63
     5
421
      255
463
1.0
 63
     2
421
 16776960
470
LINEAR
  0
CIRCLE
  5
F0FE43B
102
{ACAD_REACTORS
330
F0FE437
102
}
330
2
100
AcDbEntity
  8
STEEL
100
AcDbCircle
 10
700576.7767021279
 20
-498627.8205552747
 30
0.0
 40
25.0
  0
HATCH
  5
F0FE43D
330
2
100
AcDbEntity
  8
STEEL
100
AcDbHatch
 10
0.0
 20
0.0
 30
0.0
210
-2.199054251738767E-16
220
0.0
230
1.0
  2
SOLID
 70
     1
 71
     1
 91
        1
 92
        1
 93
        1
 72
     2
 10
700326.7767021279
 20
-498627.8205552747
 40
25.0
 50
0.0
 51
360.0
 73
     1
 97
        1
330
F0FE441
 75
     1
 76
     1
 98
        1
 10
4763.139803354163
 20
-51884.7446735315
450
        0
451
        0
460
0.0
461
0.0
452
        0
462
1.0
453
        2
463
0.0
 63
     5
421
      255
463
1.0
 63
     2
421
 16776960
470
LINEAR
  0
CIRCLE
  5
F0FE441
102
{ACAD_REACTORS
330
F0FE43D
102
}
330
2
100
AcDbEntity
  8
STEEL
100
AcDbCircle
 10
700326.7767021279
 20
-498627.8205552747
 30
0.0
 40
25.0
  0
HATCH
  5
F0FE443
330
2
100
AcDbEntity
  8
STEEL
100
AcDbHatch
 10
0.0
 20
0.0
 30
0.0
210
-2.199054251738767E-16
220
0.0
230
1.0
  2
SOLID
 70
     1
 71
     1
 91
        1
 92
        1
 93
        1
 72
     2
 10
700076.7767021279
 20
-498627.8205552747
 40
25.0
 50
0.0
 51
360.0
 73
     1
 97
        1
330
F0FE447
 75
     1
 76
     1
 98
        1
 10
4513.139803354163
 20
-51884.7446735315
450
        0
451
        0
460
0.0
461
0.0
452
        0
462
1.0
453
        2
463
0.0
 63
     5
421
      255
463
1.0
 63
     2
421
 16776960
470
LINEAR
  0
CIRCLE
  5
F0FE447
102
{ACAD_REACTORS
330
F0FE443
102
}
330
2
100
AcDbEntity
  8
STEEL
100
AcDbCircle
 10
700076.7767021279
 20
-498627.8205552747
 30
0.0
 40
25.0
  0
HATCH
  5
F0FE449
330
2
100
AcDbEntity
  8
STEEL
100
AcDbHatch
 10
0.0
 20
0.0
 30
0.0
210
-2.199054251738767E-16
220
0.0
230
1.0
  2
SOLID
 70
     1
 71
     1
 91
        1
 92
        1
 93
        1
 72
     2
 10
699826.7767021279
 20
-498627.8205552747
 40
25.0
 50
0.0
 51
360.0
 73
     1
 97
        1
330
F0FE44D
 75
     1
 76
     1
 98
        1
 10
4263.139803354163
 20
-51884.7446735315
450
        0
451
        0
460
0.0
461
0.0
452
        0
462
1.0
453
        2
463
0.0
 63
     5
421
      255
463
1.0
 63
     2
421
 16776960
470
LINEAR
  0
CIRCLE
  5
F0FE44D
102
{ACAD_REACTORS
330
F0FE449
102
}
330
2
100
AcDbEntity
  8
STEEL
100
AcDbCircle
 10
699826.7767021279
 20
-498627.8205552747
 30
0.0
 40
25.0
  0
HATCH
  5
F0FE44F
330
2
100
AcDbEntity
  8
STEEL
100
AcDbHatch
 10
0.0
 20
0.0
 30
0.0
210
-2.199054251738767E-16
220
0.0
230
1.0
  2
SOLID
 70
     1
 71
     1
 91
        1
 92
        1
 93
        1
 72
     2
 10
699576.7767021279
 20
-498627.8205552747
 40
25.0
 50
0.0
 51
360.0
 73
     1
 97
        1
330
F0FE453
 75
     1
 76
     1
 98
        1
 10
4013.139803354163
 20
-51884.7446735315
450
        0
451
        0
460
0.0
461
0.0
452
        0
462
1.0
453
        2
463
0.0
 63
     5
421
      255
463
1.0
 63
     2
421
 16776960
470
LINEAR
  0
CIRCLE
  5
F0FE453
102
{ACAD_REACTORS
330
F0FE44F
102
}
330
2
100
AcDbEntity
  8
STEEL
100
AcDbCircle
 10
699576.7767021279
 20
-498627.8205552747
 30
0.0
 40
25.0
  0
HATCH
  5
F0FE455
330
2
100
AcDbEntity
  8
STEEL
100
AcDbHatch
 10
0.0
 20
0.0
 30
0.0
210
-2.199054251738767E-16
220
0.0
230
1.0
  2
SOLID
 70
     1
 71
     1
 91
        1
 92
        1
 93
        1
 72
     2
 10
699326.7767021279
 20
-498627.8205552747
 40
25.0
 50
0.0
 51
360.0
 73
     1
 97
        1
330
F0FE459
 75
     1
 76
     1
 98
        1
 10
3763.139803354163
 20
-51884.7446735315
450
        0
451
        0
460
0.0
461
0.0
452
        0
462
1.0
453
        2
463
0.0
 63
     5
421
      255
463
1.0
 63
     2
421
 16776960
470
LINEAR
  0
CIRCLE
  5
F0FE459
102
{ACAD_REACTORS
330
F0FE455
102
}
330
2
100
AcDbEntity
  8
STEEL
100
AcDbCircle
 10
699326.7767021279
 20
-498627.8205552747
 30
0.0
 40
25.0
  0
HATCH
  5
F0FE45B
330
2
100
AcDbEntity
  8
STEEL
100
AcDbHatch
 10
0.0
 20
0.0
 30
0.0
210
-2.199054251738767E-16
220
0.0
230
1.0
  2
SOLID
 70
     1
 71
     1
 91
        1
 92
        1
 93
        1
 72
     2
 10
699076.7767021279
 20
-498627.8205552747
 40
25.0
 50
0.0
 51
360.0
 73
     1
 97
        1
330
F0FE45F
 75
     1
 76
     1
 98
        1
 10
3513.139803354163
 20
-51884.7446735315
450
        0
451
        0
460
0.0
461
0.0
452
        0
462
1.0
453
        2
463
0.0
 63
     5
421
      255
463
1.0
 63
     2
421
 16776960
470
LINEAR
  0
CIRCLE
  5
F0FE45F
102
{ACAD_REACTORS
330
F0FE45B
102
}
330
2
100
AcDbEntity
  8
STEEL
100
AcDbCircle
 10
699076.7767021279
 20
-498627.8205552747
 30
0.0
 40
25.0
  0
HATCH
  5
F0FE461
330
2
100
AcDbEntity
  8
STEEL
100
AcDbHatch
 10
0.0
 20
0.0
 30
0.0
210
-2.199054251738767E-16
220
0.0
230
1.0
  2
SOLID
 70
     1
 71
     1
 91
        1
 92
        1
 93
        1
 72
     2
 10
698826.7767021279
 20
-498627.8205552747
 40
25.0
 50
0.0
 51
360.0
 73
     1
 97
        1
330
F0FE465
 75
     1
 76
     1
 98
        1
 10
3263.139803354163
 20
-51884.7446735315
450
        0
451
        0
460
0.0
461
0.0
452
        0
462
1.0
453
        2
463
0.0
 63
     5
421
      255
463
1.0
 63
     2
421
 16776960
470
LINEAR
  0
CIRCLE
  5
F0FE465
102
{ACAD_REACTORS
330
F0FE461
102
}
330
2
100
AcDbEntity
  8
STEEL
100
AcDbCircle
 10
698826.7767021279
 20
-498627.8205552747
 30
0.0
 40
25.0
  0
HATCH
  5
F0FE467
330
2
100
AcDbEntity
  8
STEEL
100
AcDbHatch
 10
0.0
 20
0.0
 30
0.0
210
-2.199054251738767E-16
220
0.0
230
1.0
  2
SOLID
 70
     1
 71
     1
 91
        1
 92
        1
 93
        1
 72
     2
 10
698576.7767021279
 20
-498627.8205552747
 40
25.0
 50
0.0
 51
360.0
 73
     1
 97
        1
330
F0FE46B
 75
     1
 76
     1
 98
        1
 10
3013.139803354163
 20
-51884.7446735315
450
        0
451
        0
460
0.0
461
0.0
452
        0
462
1.0
453
        2
463
0.0
 63
     5
421
      255
463
1.0
 63
     2
421
 16776960
470
LINEAR
  0
CIRCLE
  5
F0FE46B
102
{ACAD_REACTORS
330
F0FE467
102
}
330
2
100
AcDbEntity
  8
STEEL
100
AcDbCircle
 10
698576.7767021279
 20
-498627.8205552747
 30
0.0
 40
25.0
  0
HATCH
  5
F0FE46D
330
2
100
AcDbEntity
  8
STEEL
100
AcDbHatch
 10
0.0
 20
0.0
 30
0.0
210
-2.199054251738767E-16
220
0.0
230
1.0
  2
SOLID
 70
     1
 71
     1
 91
        1
 92
        1
 93
        1
 72
     2
 10
698326.7767021279
 20
-498627.8205552747
 40
25.0
 50
0.0
 51
360.0
 73
     1
 97
        1
330
F0FE471
 75
     1
 76
     1
 98
        1
 10
2763.139803354163
 20
-51884.7446735315
450
        0
451
        0
460
0.0
461
0.0
452
        0
462
1.0
453
        2
463
0.0
 63
     5
421
      255
463
1.0
 63
     2
421
 16776960
470
LINEAR
  0
CIRCLE
  5
F0FE471
102
{ACAD_REACTORS
330
F0FE46D
102
}
330
2
100
AcDbEntity
  8
STEEL
100
AcDbCircle
 10
698326.7767021279
 20
-498627.8205552747
 30
0.0
 40
25.0
  0
HATCH
  5
F0FE473
330
2
100
AcDbEntity
  8
STEEL
100
AcDbHatch
 10
0.0
 20
0.0
 30
0.0
210
-2.199054251738767E-16
220
0.0
230
1.0
  2
SOLID
 70
     1
 71
     1
 91
        1
 92
        1
 93
        1
 72
     2
 10
698076.7767021279
 20
-498627.8205552747
 40
25.0
 50
0.0
 51
360.0
 73
     1
 97
        1
330
F0FE477
 75
     1
 76
     1
 98
        1
 10
2513.139803354163
 20
-51884.7446735315
450
        0
451
        0
460
0.0
461
0.0
452
        0
462
1.0
453
        2
463
0.0
 63
     5
421
      255
463
1.0
 63
     2
421
 16776960
470
LINEAR
  0
CIRCLE
  5
F0FE477
102
{ACAD_REACTORS
330
F0FE473
102
}
330
2
100
AcDbEntity
  8
STEEL
100
AcDbCircle
 10
698076.7767021279
 20
-498627.8205552747
 30
0.0
 40
25.0
  0
HATCH
  5
F0FE479
330
2
100
AcDbEntity
  8
STEEL
100
AcDbHatch
 10
0.0
 20
0.0
 30
0.0
210
-2.199054251738767E-16
220
0.0
230
1.0
  2
SOLID
 70
     1
 71
     1
 91
        1
 92
        1
 93
        1
 72
     2
 10
697826.7767021279
 20
-498627.8205552747
 40
25.0
 50
0.0
 51
360.0
 73
     1
 97
        1
330
F0FE47D
 75
     1
 76
     1
 98
        1
 10
2263.139803354163
 20
-51884.7446735315
450
        0
451
        0
460
0.0
461
0.0
452
        0
462
1.0
453
        2
463
0.0
 63
     5
421
      255
463
1.0
 63
     2
421
 16776960
470
LINEAR
  0
CIRCLE
  5
F0FE47D
102
{ACAD_REACTORS
330
F0FE479
102
}
330
2
100
AcDbEntity
  8
STEEL
100
AcDbCircle
 10
697826.7767021279
 20
-498627.8205552747
 30
0.0
 40
25.0
  0
HATCH
  5
F0FE47F
330
2
100
AcDbEntity
  8
STEEL
100
AcDbHatch
 10
0.0
 20
0.0
 30
0.0
210
-2.199054251738767E-16
220
0.0
230
1.0
  2
SOLID
 70
     1
 71
     1
 91
        1
 92
        1
 93
        1
 72
     2
 10
697576.7767021279
 20
-498627.8205552747
 40
25.0
 50
0.0
 51
360.0
 73
     1
 97
        1
330
F0FE483
 75
     1
 76
     1
 98
        1
 10
2013.139803354163
 20
-51884.7446735315
450
        0
451
        0
460
0.0
461
0.0
452
        0
462
1.0
453
        2
463
0.0
 63
     5
421
      255
463
1.0
 63
     2
421
 16776960
470
LINEAR
  0
CIRCLE
  5
F0FE483
102
{ACAD_REACTORS
330
F0FE47F
102
}
330
2
100
AcDbEntity
  8
STEEL
100
AcDbCircle
 10
697576.7767021279
 20
-498627.8205552747
 30
0.0
 40
25.0
  0
HATCH
  5
F0FE485
330
2
100
AcDbEntity
  8
STEEL
100
AcDbHatch
 10
0.0
 20
0.0
 30
0.0
210
-2.199054251738767E-16
220
0.0
230
1.0
  2
SOLID
 70
     1
 71
     1
 91
        1
 92
        1
 93
        1
 72
     2
 10
697326.7767021279
 20
-498627.8205552747
 40
25.0
 50
0.0
 51
360.0
 73
     1
 97
        1
330
F0FE489
 75
     1
 76
     1
 98
        1
 10
1763.139803354163
 20
-51884.7446735315
450
        0
451
        0
460
0.0
461
0.0
452
        0
462
1.0
453
        2
463
0.0
 63
     5
421
      255
463
1.0
 63
     2
421
 16776960
470
LINEAR
  0
CIRCLE
  5
F0FE489
102
{ACAD_REACTORS
330
F0FE485
102
}
330
2
100
AcDbEntity
  8
STEEL
100
AcDbCircle
 10
697326.7767021279
 20
-498627.8205552747
 30
0.0
 40
25.0
  0
HATCH
  5
F0FE48B
330
2
100
AcDbEntity
  8
STEEL
100
AcDbHatch
 10
0.0
 20
0.0
 30
0.0
210
-2.199054251738767E-16
220
0.0
230
1.0
  2
SOLID
 70
     1
 71
     1
 91
        1
 92
        1
 93
        1
 72
     2
 10
697076.7767021279
 20
-498627.8205552747
 40
25.0
 50
0.0
 51
360.0
 73
     1
 97
        1
330
F0FE48F
 75
     1
 76
     1
 98
        1
 10
1513.139803354163
 20
-51884.7446735315
450
        0
451
        0
460
0.0
461
0.0
452
        0
462
1.0
453
        2
463
0.0
 63
     5
421
      255
463
1.0
 63
     2
421
 16776960
470
LINEAR
  0
CIRCLE
  5
F0FE48F
102
{ACAD_REACTORS
330
F0FE48B
102
}
330
2
100
AcDbEntity
  8
STEEL
100
AcDbCircle
 10
697076.7767021279
 20
-498627.8205552747
 30
0.0
 40
25.0
  0
HATCH
  5
F0FE491
330
2
100
AcDbEntity
  8
STEEL
100
AcDbHatch
 10
0.0
 20
0.0
 30
0.0
210
-2.199054251738767E-16
220
0.0
230
1.0
  2
SOLID
 70
     1
 71
     1
 91
        1
 92
        1
 93
        1
 72
     2
 10
696826.7767021279
 20
-498627.8205552747
 40
25.0
 50
0.0
 51
360.0
 73
     1
 97
        1
330
F0FE495
 75
     1
 76
     1
 98
        1
 10
1263.139803354163
 20
-51884.7446735315
450
        0
451
        0
460
0.0
461
0.0
452
        0
462
1.0
453
        2
463
0.0
 63
     5
421
      255
463
1.0
 63
     2
421
 16776960
470
LINEAR
  0
CIRCLE
  5
F0FE495
102
{ACAD_REACTORS
330
F0FE491
102
}
330
2
100
AcDbEntity
  8
STEEL
100
AcDbCircle
 10
696826.7767021279
 20
-498627.8205552747
 30
0.0
 40
25.0
  0
HATCH
  5
F0FE497
330
2
100
AcDbEntity
  8
STEEL
100
AcDbHatch
 10
0.0
 20
0.0
 30
0.0
210
-2.199054251738767E-16
220
0.0
230
1.0
  2
SOLID
 70
     1
 71
     1
 91
        1
 92
        1
 93
        1
 72
     2
 10
696576.7767021279
 20
-498627.8205552747
 40
25.0
 50
0.0
 51
360.0
 73
     1
 97
        1
330
F0FE49B
 75
     1
 76
     1
 98
        1
 10
1013.139803354163
 20
-51884.7446735315
450
        0
451
        0
460
0.0
461
0.0
452
        0
462
1.0
453
        2
463
0.0
 63
     5
421
      255
463
1.0
 63
     2
421
 16776960
470
LINEAR
  0
CIRCLE
  5
F0FE49B
102
{ACAD_REACTORS
330
F0FE497
102
}
330
2
100
AcDbEntity
  8
STEEL
100
AcDbCircle
 10
696576.7767021279
 20
-498627.8205552747
 30
0.0
 40
25.0
  0
HATCH
  5
F0FE49D
330
2
100
AcDbEntity
  8
STEEL
100
AcDbHatch
 10
0.0
 20
0.0
 30
0.0
210
-2.199054251738767E-16
220
0.0
230
1.0
  2
SOLID
 70
     1
 71
     1
 91
        1
 92
        1
 93
        1
 72
     2
 10
696326.7767021279
 20
-498627.8205552747
 40
25.0
 50
0.0
 51
360.0
 73
     1
 97
        1
330
F0FE4A1
 75
     1
 76
     1
 98
        1
 10
763.1398033541627
 20
-51884.7446735315
450
        0
451
        0
460
0.0
461
0.0
452
        0
462
1.0
453
        2
463
0.0
 63
     5
421
      255
463
1.0
 63
     2
421
 16776960
470
LINEAR
  0
CIRCLE
  5
F0FE4A1
102
{ACAD_REACTORS
330
F0FE49D
102
}
330
2
100
AcDbEntity
  8
STEEL
100
AcDbCircle
 10
696326.7767021279
 20
-498627.8205552747
 30
0.0
 40
25.0
  0
HATCH
  5
F0FE4A3
330
2
100
AcDbEntity
  8
STEEL
100
AcDbHatch
 10
0.0
 20
0.0
 30
0.0
210
-2.199054251738767E-16
220
0.0
230
1.0
  2
SOLID
 70
     1
 71
     1
 91
        1
 92
        1
 93
        1
 72
     2
 10
696076.7767021279
 20
-498627.8205552747
 40
25.0
 50
0.0
 51
360.0
 73
     1
 97
        1
330
F0FE4A7
 75
     1
 76
     1
 98
        1
 10
513.1398033541627
 20
-51884.7446735315
450
        0
451
        0
460
0.0
461
0.0
452
        0
462
1.0
453
        2
463
0.0
 63
     5
421
      255
463
1.0
 63
     2
421
 16776960
470
LINEAR
  0
CIRCLE
  5
F0FE4A7
102
{ACAD_REACTORS
330
F0FE4A3
102
}
330
2
100
AcDbEntity
  8
STEEL
100
AcDbCircle
 10
696076.7767021279
 20
-498627.8205552747
 30
0.0
 40
25.0
  0
HATCH
  5
F0FE4A9
330
2
100
AcDbEntity
  8
STEEL
100
AcDbHatch
 10
0.0
 20
0.0
 30
0.0
210
-2.199054251738767E-16
220
0.0
230
1.0
  2
SOLID
 70
     1
 71
     1
 91
        1
 92
        1
 93
        1
 72
     2
 10
695826.7767021279
 20
-498627.8205552747
 40
25.0
 50
0.0
 51
360.0
 73
     1
 97
        1
330
F0FE4AD
 75
     1
 76
     1
 98
        1
 10
263.1398033541627
 20
-51884.7446735315
450
        0
451
        0
460
0.0
461
0.0
452
        0
462
1.0
453
        2
463
0.0
 63
     5
421
      255
463
1.0
 63
     2
421
 16776960
470
LINEAR
  0
CIRCLE
  5
F0FE4AD
102
{ACAD_REACTORS
330
F0FE4A9
102
}
330
2
100
AcDbEntity
  8
STEEL
100
AcDbCircle
 10
695826.7767021279
 20
-498627.8205552747
 30
0.0
 40
25.0
  0
HATCH
  5
F0FE4AF
330
2
100
AcDbEntity
  8
STEEL
100
AcDbHatch
 10
0.0
 20
0.0
 30
0.0
210
-2.199054251738767E-16
220
0.0
230
1.0
  2
SOLID
 70
     1
 71
     1
 91
        1
 92
        1
 93
        1
 72
     2
 10
695576.7767021279
 20
-498627.8205552747
 40
25.0
 50
0.0
 51
360.0
 73
     1
 97
        1
330
F0FE4B3
 75
     1
 76
     1
 98
        1
 10
13.13980335416272
 20
-51884.7446735315
450
        0
451
        0
460
0.0
461
0.0
452
        0
462
1.0
453
        2
463
0.0
 63
     5
421
      255
463
1.0
 63
     2
421
 16776960
470
LINEAR
  0
CIRCLE
  5
F0FE4B3
102
{ACAD_REACTORS
330
F0FE4AF
102
}
330
2
100
AcDbEntity
  8
STEEL
100
AcDbCircle
 10
695576.7767021279
 20
-498627.8205552747
 30
0.0
 40
25.0
  0
HATCH
  5
F0FE4B5
330
2
100
AcDbEntity
  8
STEEL
100
AcDbHatch
 10
0.0
 20
0.0
 30
0.0
210
-2.199054251738767E-16
220
0.0
230
1.0
  2
SOLID
 70
     1
 71
     1
 91
        1
 92
        1
 93
        1
 72
     2
 10
695326.7767021279
 20
-498627.8205552747
 40
25.0
 50
0.0
 51
360.0
 73
     1
 97
        1
330
F0FE4B9
 75
     1
 76
     1
 98
        1
 10
-236.8601966458373
 20
-51884.7446735315
450
        0
451
        0
460
0.0
461
0.0
452
        0
462
1.0
453
        2
463
0.0
 63
     5
421
      255
463
1.0
 63
     2
421
 16776960
470
LINEAR
  0
CIRCLE
  5
F0FE4B9
102
{ACAD_REACTORS
330
F0FE4B5
102
}
330
2
100
AcDbEntity
  8
STEEL
100
AcDbCircle
 10
695326.7767021279
 20
-498627.8205552747
 30
0.0
 40
25.0
  0
HATCH
  5
F0FE4BB
330
2
100
AcDbEntity
  8
STEEL
100
AcDbHatch
 10
0.0
 20
0.0
 30
0.0
210
-2.199054251738767E-16
220
0.0
230
1.0
  2
SOLID
 70
     1
 71
     1
 91
        1
 92
        1
 93
        1
 72
     2
 10
695076.7767021279
 20
-498627.8205552747
 40
25.0
 50
0.0
 51
360.0
 73
     1
 97
        1
330
F0FE4BF
 75
     1
 76
     1
 98
        1
 10
-486.8601966458373
 20
-51884.7446735315
450
        0
451
        0
460
0.0
461
0.0
452
        0
462
1.0
453
        2
463
0.0
 63
     5
421
      255
463
1.0
 63
     2
421
 16776960
470
LINEAR
  0
CIRCLE
  5
F0FE4BF
102
{ACAD_REACTORS
330
F0FE4BB
102
}
330
2
100
AcDbEntity
  8
STEEL
100
AcDbCircle
 10
695076.7767021279
 20
-498627.8205552747
 30
0.0
 40
25.0
  0
LWPOLYLINE
  5
F0FE4C0
330
2
100
AcDbEntity
  8
HATCH
100
AcDbPolyline
 90
       14
 70
     0
 43
0.0
 38
0.0000000001528974
 10
695186.9195919682
 20
-493902.8205552734
 10
695722.3869180258
 20
-493902.8205552734
 10
695756.8085295383
 20
-493819.3271655192
 10
695756.8085295383
 20
-494000.1444550504
 10
695786.9202044394
 20
-493902.8205552734
 10
698528.5373445775
 20
-493902.8205552734
 10
698562.95895609
 20
-493819.3271655192
 10
698562.95895609
 20
-494000.1444550504
 10
698593.0706309911
 20
-493902.8205552734
 10
701786.4798420228
 20
-493902.8205552734
 10
701820.9014535353
 20
-493819.3271655192
 10
701820.9014535353
 20
-494000.1444550504
 10
701851.0131284364
 20
-493902.8205552734
 10
702347.8847049924
 20
-493902.8205552734
  0
MTEXT
  5
F0FE4C1
330
2
100
AcDbEntity
  8
TXT
100
AcDbMText
 10
697387.1245879652
 20
-499874.2139674326
 30
0.0000000001531955
 40
300.0
 41
0.0
 46
0.0
 71
     4
 72
     1
  1
{\LSECTION 1-1}
  7
ARIAL
 73
     1
 44
1.0
  0
MTEXT
  5
F0FE4C2
330
2
100
AcDbEntity
  8
TXT
100
AcDbMText
 10
699661.1450572442
 20
-499348.0760594432
 30
0.0000000001538593
 40
200.0
 41
0.0
 46
0.0
 71
     4
 72
     1
  1
\A1;#10@125 c/c
  7
ARIAL
 73
     1
 44
1.0
  0
LEADER
  5
F0FE4C3
330
2
100
AcDbEntity
  8
DIM
 48
10.0
100
AcDbLeader
  3
FOOTING
 76
     2
 10
699178.2804467524
 20
-498652.8205552747
 30
0.0000000001537531
 10
699088.5865067886
 20
-499323.9136199032
 30
0.0000000001537531
1001
ACAD
1000
DSTYLE
1002
{
1070
    41
1040
125.0
1070
    77
1070
     0
1070
   147
1040
0.05
1002
}
  0
LEADER
  5
F0FE4C4
330
2
100
AcDbEntity
  8
DIM
 48
10.0
100
AcDbLeader
  3
FOOTING
 76
     3
 10
698826.7767021279
 20
-498627.8205552747
 30
0.0000000001536758
 10
699088.5865067886
 20
-499323.9136199032
 30
0.0000000001536758
 10
699587.2622454697
 20
-499323.9136199032
 30
0.0000000001536758
1001
ACAD
1000
DSTYLE
1002
{
1070
    41
1040
125.0
1070
    77
1070
     0
1070
   147
1040
0.05
1002
}
  0
LEADER
  5
F0FE4C5
330
2
100
AcDbEntity
  8
DIM
 48
10.0
100
AcDbLeader
  3
FOOTING
 76
     3
 10
696298.2706494916
 20
-498912.785434698
 30
0.0000000001531198
 10
696298.2706494916
 20
-499397.1614869203
 30
0.0000000001531198
 10
695879.6024959672
 20
-499397.1614869203
 30
0.0000000001531198
1001
ACAD
1000
DSTYLE
1002
{
1070
    41
1040
125.0
1070
    77
1070
     0
1070
   147
1040
0.05
1002
}
  0
MTEXT
  5
F0FE4C6
330
2
100
AcDbEntity
  8
TXT
100
AcDbMText
 10
694221.3186625482
 20
-499399.4620803113
 30
0.0000000001526257
 40
200.0
 41
0.0
 46
0.0
 71
     4
 72
     1
  1
\A1;P.C.C.(1:4:8)
  7
ARIAL
 73
     1
 44
1.0
  0
LEADER
  5
F0FE4C7
330
2
100
AcDbEntity
  8
DIM
 48
10.0
100
AcDbLeader
  3
FOOTING
 76
     2
 10
702451.7767021279
 20
-497977.8205552747
 30
0.0000000001553169
 10
702375.5675517311
 20
-497405.6464974433
 30
0.0000000001553169
1001
ACAD
1000
DSTYLE
1002
{
1070
    41
1040
125.0
1070
    77
1070
     0
1070
   147
1040
0.05
1002
}
  0
MTEXT
  5
F0FE4C8
330
2
100
AcDbEntity
  8
TXT
100
AcDbMText
 10
702806.3322554482
 20
-497429.8089369758
 30
0.0000000001553701
 40
200.0
 41
0.0
 46
0.0
 71
     4
 72
     1
  1
\A1;#10@125 c/c
  7
ARIAL
 73
     1
 44
1.0
  0
LEADER
  5
F0FE4C9
330
2
100
AcDbEntity
  8
DIM
 48
10.0
100
AcDbLeader
  3
FOOTING
 76
     3
 10
702307.7925719193
 20
-497953.0015523385
 30
0.0000000001552604
 10
702375.5675517311
 20
-497405.6464974433
 30
0.0000000001552604
 10
702758.5675517311
 20
-497405.6464974433
 30
0.0000000001552604
1001
ACAD
1000
DSTYLE
1002
{
1070
    41
1040
125.0
1070
    77
1070
     0
1070
   147
1040
0.05
1002
}
  0
LWPOLYLINE
  5
F0FE4CA
330
2
100
AcDbEntity
  8
STEEL
100
AcDbPolyline
 90
        6
 70
     0
 43
0.0
 38
0.0000000001535948
 10
697838.825992225
 20
-498587.2792510799
 10
697589.2544978245
 20
-498587.2792510799
 10
697589.2544978245
 20
-498105.209939615
 10
697182.003257273
 20
-498105.209939615
 10
697182.003257273
 20
-498587.2792510799
 10
696932.4317628725
 20
-498587.2792510799
  0
MTEXT
  5
F0FE4CD
102
{ACAD_XDICTIONARY
360
F0FEC93
102
}
330
2
100
AcDbEntity
  8
TXT
100
AcDbMText
 10
697977.6946655171
 20
-497508.5172575448
 30
0.0000000001535096
 40
200.0
 41
1650.021828103684
 46
0.0
 71
     4
 72
     1
  1
\A1;\pxqc;CHAIRS #12@600 c/c
  7
ARIAL
 73
     1
 44
1.0
  0
MTEXT
  5
F0FE4CE
330
2
100
AcDbEntity
  8
TXT
100
AcDbMText
 10
697970.4444834851
 20
-496994.2392367641
 30
0.0000000001534875
 40
200.0
 41
0.0
 46
0.0
 71
     4
 72
     1
  1
\A1;#8@150 c/c
  7
ARIAL
 73
     1
 44
1.0
  0
LEADER
  5
F0FE4CF
330
2
100
AcDbEntity
  8
DIM
 48
10.0
100
AcDbLeader
  3
FOOTING
 76
     3
 10
701659.9256193906
 20
-497124.815189395
 30
0.0000000001542768
 10
701162.5808918567
 20
-496974.8151893949
 30
0.0000000001542768
 10
699643.0164350367
 20
-496974.8151893949
 30
0.0000000001542768
211
-1.0
221
0.0
231
0.0
1001
ACAD
1000
DSTYLE
1002
{
1070
    41
1040
125.0
1070
    77
1070
     0
1070
   147
1040
0.05
1002
}
  0
LEADER
  5
F0FE4D0
330
2
100
AcDbEntity
  8
DIM
 48
10.0
100
AcDbLeader
  3
FOOTING
 76
     3
 10
701659.9256193906
 20
-496824.815189395
 30
0.0000000001542768
 10
701162.5808918567
 20
-496974.8151893949
 30
0.0000000001542768
 10
699643.0164350367
 20
-496974.8151893949
 30
0.0000000001542768
211
-1.0
221
0.0
231
0.0
1001
ACAD
1000
DSTYLE
1002
{
1070
    41
1040
125.0
1070
    77
1070
     0
1070
   147
1040
0.05
1002
}
  0
LEADER
  5
F0FE4D1
330
2
100
AcDbEntity
  8
DIM
 48
10.0
100
AcDbLeader
  3
FOOTING
 76
     2
 10
701969.9256193906
 20
-496974.815189395
 30
0.000000000154345
 10
699643.0164350367
 20
-496974.8151893949
 30
0.000000000154345
211
-1.0
221
0.0
231
0.0
1001
ACAD
1000
DSTYLE
1002
{
1070
    41
1040
125.0
1070
    77
1070
     0
1070
   147
1040
0.05
1002
}
  0
LEADER
  5
F0FE4D2
330
2
100
AcDbEntity
  8
DIM
 48
10.0
100
AcDbLeader
  3
FOOTING
 76
     3
 10
695599.9256193908
 20
-496824.8151893949
 30
0.0000000001529882
 10
696407.2703469247
 20
-496974.8151893949
 30
0.0000000001529882
 10
697822.1995841358
 20
-496974.8151893949
 30
0.0000000001529882
1001
ACAD
1000
DSTYLE
1002
{
1070
    41
1040
125.0
1070
    77
1070
     0
1070
   147
1040
0.05
1002
}
  0
LEADER
  5
F0FE4D3
330
2
100
AcDbEntity
  8
DIM
 48
10.0
100
AcDbLeader
  3
FOOTING
 76
     3
 10
695909.9256193908
 20
-496674.8151893949
 30
0.0000000001530564
 10
696407.2703469247
 20
-496974.8151893949
 30
0.0000000001530564
 10
697822.1995841358
 20
-496974.8151893949
 30
0.0000000001530564
1001
ACAD
1000
DSTYLE
1002
{
1070
    41
1040
125.0
1070
    77
1070
     0
1070
   147
1040
0.05
1002
}
  0
LEADER
  5
F0FE4D4
330
2
100
AcDbEntity
  8
DIM
 48
10.0
100
AcDbLeader
  3
FOOTING
 76
     2
 10
695909.9256193908
 20
-496974.8151893949
 30
0.0000000001530564
 10
697822.1995841358
 20
-496974.8151893949
 30
0.0000000001530564
1001
ACAD
1000
DSTYLE
1002
{
1070
    41
1040
125.0
1070
    77
1070
     0
1070
   147
1040
0.05
1002
}
  0
LEADER
  5
F0FE4D5
330
2
100
AcDbEntity
  8
DIM
 48
10.0
100
AcDbLeader
  3
FOOTING
 76
     2
 10
695564.9256193908
 20
-496446.978451443
 30
0.0000000001529805
 10
697770.1950756209
 20
-496446.978451443
 30
0.0000000001529805
1001
ACAD
1000
DSTYLE
1002
{
1070
    41
1040
125.0
1070
    77
1070
     0
1070
   147
1040
0.05
1002
}
  0
LEADER
  5
F0FE4D6
330
2
100
AcDbEntity
  8
DIM
 48
10.0
100
AcDbLeader
  3
FOOTING
 76
     2
 10
695944.9256193908
 20
-496446.978451443
 30
0.0000000001530641
 10
697770.1950756209
 20
-496446.978451443
 30
0.0000000001530641
1001
ACAD
1000
DSTYLE
1002
{
1070
    41
1040
125.0
1070
    77
1070
     0
1070
   147
1040
0.05
1002
}
  0
LEADER
  5
F0FE4D7
330
2
100
AcDbEntity
  8
DIM
 48
10.0
100
AcDbLeader
  3
FOOTING
 76
     2
 10
702004.9256193908
 20
-496446.978451443
 30
0.0000000001543527
 10
699619.9672391533
 20
-496446.978451443
 30
0.0000000001543527
211
-1.0
221
0.0
231
0.0
1001
ACAD
1000
DSTYLE
1002
{
1070
    41
1040
125.0
1070
    77
1070
     0
1070
   147
1040
0.05
1002
}
  0
MTEXT
  5
F0FE4D8
330
2
100
AcDbEntity
  8
TXT
100
AcDbMText
 10
697915.0798016549
 20
-496471.6380768377
 30
0.0000000001534753
 40
200.0
 41
0.0
 46
0.0
 71
     4
 72
     1
  1
\A1;#10@125 c/c
  7
ARIAL
 73
     1
 44
1.0
  0
LEADER
  5
F0FE4D9
330
2
100
AcDbEntity
  8
DIM
 48
10.0
100
AcDbLeader
  3
FOOTING
 76
     2
 10
701624.9256193906
 20
-496446.978451443
 30
0.0000000001542691
 10
699619.9672391533
 20
-496446.978451443
 30
0.0000000001542691
211
-1.0
221
0.0
231
0.0
1001
ACAD
1000
DSTYLE
1002
{
1070
    41
1040
125.0
1070
    77
1070
     0
1070
   147
1040
0.05
1002
}
  0
MTEXT
  5
F0FE4DA
330
2
100
AcDbEntity
  8
TXT
100
AcDbMText
 10
697745.2656696406
 20
-495983.4122518647
 30
0.000000000153438
 40
200.0
 41
0.0
 46
0.0
 71
     4
 72
     1
  1
\A1;230 THK. WALL
  7
ARIAL
 73
     1
 44
1.0
  0
LEADER
  5
F0FE4DB
330
2
100
AcDbEntity
  8
DIM
 48
10.0
100
AcDbLeader
  3
FOOTING
 76
     2
 10
701584.9256193906
 20
-496007.9409320051
 30
0.0000000001542603
 10
699969.4702951747
 20
-496007.9409320051
 30
0.0000000001542603
211
-1.0
221
0.0
231
0.0
1001
ACAD
1000
DSTYLE
1002
{
1070
    41
1040
125.0
1070
    77
1070
     0
1070
   147
1040
0.05
1002
}
  0
LEADER
  5
F0FE4DC
330
2
100
AcDbEntity
  8
DIM
 48
10.0
100
AcDbLeader
  3
FOOTING
 76
     2
 10
695984.9256193908
 20
-496007.9409320051
 30
0.0000000001530729
 10
697600.3809436066
 20
-496007.9409320051
 30
0.0000000001530729
1001
ACAD
1000
DSTYLE
1002
{
1070
    41
1040
125.0
1070
    77
1070
     0
1070
   147
1040
0.05
1002
}
  0
MTEXT
  5
F0FE4DD
102
{ACAD_XDICTIONARY
360
F101732
102
}
330
2
100
AcDbEntity
  8
TXT
100
AcDbMText
 10
697876.412732611
 20
-495359.57722632
 30
0.0000000001534668
 40
200.0
 41
1923.604971647219
 46
0.0
 71
     4
 72
     1
  1
\A1;\pxqc;PLINTH BEAM\P(230x380)
  7
ARIAL
 73
     1
 44
1.0
  0
LEADER
  5
F0FE4DE
330
2
100
AcDbEntity
  8
DIM
 48
10.0
100
AcDbLeader
  3
FOOTING
 76
     2
 10
701584.9256193906
 20
-495302.8205552747
 30
0.0000000001542603
 10
699914.7838003689
 20
-495302.8205552747
 30
0.0000000001542603
211
-1.0
221
0.0
231
0.0
1001
ACAD
1000
DSTYLE
1002
{
1070
    41
1040
125.0
1070
    77
1070
     0
1070
   147
1040
0.05
1002
}
  0
LEADER
  5
F0FE4DF
330
2
100
AcDbEntity
  8
DIM
 48
10.0
100
AcDbLeader
  3
FOOTING
 76
     2
 10
695984.9256193908
 20
-495302.8205552747
 30
0.0000000001530729
 10
697795.0674384125
 20
-495302.8205552747
 30
0.0000000001530729
1001
ACAD
1000
DSTYLE
1002
{
1070
    41
1040
125.0
1070
    77
1070
     0
1070
   147
1040
0.05
1002
}
  0
LINE
  5
F0FE4E0
330
2
100
AcDbEntity
  8
HATCH
100
AcDbLine
 10
703055.2883215584
 20
-494852.8205552293
 30
0.0000000001545837
 11
703389.005888585
 21
-495186.5381224273
 31
0.0000000001546571
  0
TEXT
  5
F0FE4E1
330
2
100
AcDbEntity
  8
TXT
100
AcDbText
 10
702195.7583599533
 20
-494803.9124194054
 30
0.0
 40
220.2423577704898
  1
CELLAR.FFL.
  7
TIMES
100
AcDbText
  0
LINE
  5
F0FE4E2
330
2
100
AcDbEntity
  8
HATCH
100
AcDbLine
 10
702976.630336646
 20
-494852.8205552293
 30
0.0000000001545664
 11
703310.347903911
 21
-495186.5381224273
 31
0.0000000001546398
  0
LINE
  5
F0FE4E3
330
2
100
AcDbEntity
  8
HATCH
100
AcDbLine
 10
702897.9723517336
 20
-494852.8205552293
 30
0.0000000001545491
 11
703231.6899189986
 21
-495186.5381224273
 31
0.0000000001546225
  0
LINE
  5
F0FE4E4
330
2
100
AcDbEntity
  8
HATCH
100
AcDbLine
 10
702897.9723517336
 20
-494852.8205552293
 30
0.0000000001545491
 11
702564.2547846474
 21
-495186.5381224273
 31
0.0000000001544757
  0
LINE
  5
F0FE4E5
330
2
100
AcDbEntity
  8
HATCH
100
AcDbLine
 10
702819.3143667616
 20
-494852.8205552293
 30
0.0000000001545318
 11
703153.0319340266
 21
-495186.5381224273
 31
0.0000000001546052
  0
LINE
  5
F0FE4E6
330
2
100
AcDbEntity
  8
HATCH
100
AcDbLine
 10
703055.2883215584
 20
-494852.8205552293
 30
0.0000000001545837
 11
702721.5707545318
 21
-495186.5381224273
 31
0.0000000001545103
  0
LINE
  5
F0FE4E7
330
2
100
AcDbEntity
  8
HATCH
100
AcDbLine
 10
702976.630336646
 20
-494852.8205552293
 30
0.0000000001545664
 11
702642.9127695598
 21
-495186.5381224273
 31
0.000000000154493
  0
LINE
  5
F0FE4E8
330
2
100
AcDbEntity
  8
HATCH
100
AcDbLine
 10
702819.3143667616
 20
-494852.8205552293
 30
0.0000000001545318
 11
702485.596799735
 21
-495186.5381224273
 31
0.0000000001544584
  0
HATCH
  5
F0FE4FC
330
2
100
AcDbEntity
  8
STEEL
100
AcDbHatch
 10
0.0
 20
0.0
 30
-0.000000000000022
210
-2.199054251738767E-16
220
0.0
230
1.0
  2
SOLID
 70
     1
 71
     1
 91
        1
 92
        1
 93
        1
 72
     2
 10
701969.9256193906
 20
-497874.815189395
 40
25.0
 50
0.0
 51
360.0
 73
     1
 97
        1
330
F0FE500
 75
     1
 76
     1
 98
        1
 10
6406.288720616838
 20
-51131.73930765182
450
        0
451
        0
460
0.0
461
0.0
452
        0
462
1.0
453
        2
463
0.0
 63
     5
421
      255
463
1.0
 63
     2
421
 16776960
470
LINEAR
  0
CIRCLE
  5
F0FE500
102
{ACAD_REACTORS
330
F0FE4FC
102
}
330
2
100
AcDbEntity
  8
STEEL
100
AcDbCircle
 10
701969.9256193906
 20
-497874.815189395
 30
0.0
 40
25.0
  0
HATCH
  5
F0FE502
330
2
100
AcDbEntity
  8
STEEL
100
AcDbHatch
 10
0.0
 20
0.0
 30
-0.000000000000022
210
-2.199054251738767E-16
220
0.0
230
1.0
  2
SOLID
 70
     1
 71
     1
 91
        1
 92
        1
 93
        1
 72
     2
 10
701969.9256193906
 20
-497574.815189395
 40
25.0
 50
0.0
 51
360.0
 73
     1
 97
        1
330
F0FE506
 75
     1
 76
     1
 98
        1
 10
6406.288720616838
 20
-50831.73930765182
450
        0
451
        0
460
0.0
461
0.0
452
        0
462
1.0
453
        2
463
0.0
 63
     5
421
      255
463
1.0
 63
     2
421
 16776960
470
LINEAR
  0
CIRCLE
  5
F0FE506
102
{ACAD_REACTORS
330
F0FE502
102
}
330
2
100
AcDbEntity
  8
STEEL
100
AcDbCircle
 10
701969.9256193906
 20
-497574.815189395
 30
0.0
 40
25.0
  0
HATCH
  5
F0FE508
330
2
100
AcDbEntity
  8
STEEL
100
AcDbHatch
 10
0.0
 20
0.0
 30
-0.000000000000022
210
-2.199054251738767E-16
220
0.0
230
1.0
  2
SOLID
 70
     1
 71
     1
 91
        1
 92
        1
 93
        1
 72
     2
 10
701969.9256193906
 20
-497274.815189395
 40
25.0
 50
0.0
 51
360.0
 73
     1
 97
        1
330
F0FE50C
 75
     1
 76
     1
 98
        1
 10
6406.288720616838
 20
-50531.73930765182
450
        0
451
        0
460
0.0
461
0.0
452
        0
462
1.0
453
        2
463
0.0
 63
     5
421
      255
463
1.0
 63
     2
421
 16776960
470
LINEAR
  0
CIRCLE
  5
F0FE50C
102
{ACAD_REACTORS
330
F0FE508
102
}
330
2
100
AcDbEntity
  8
STEEL
100
AcDbCircle
 10
701969.9256193906
 20
-497274.815189395
 30
0.0
 40
25.0
  0
HATCH
  5
F0FE50E
330
2
100
AcDbEntity
  8
STEEL
100
AcDbHatch
 10
0.0
 20
0.0
 30
-0.000000000000022
210
-2.199054251738767E-16
220
0.0
230
1.0
  2
SOLID
 70
     1
 71
     1
 91
        1
 92
        1
 93
        1
 72
     2
 10
701969.9256193906
 20
-496974.815189395
 40
25.0
 50
0.0
 51
360.0
 73
     1
 97
        1
330
F0FE512
 75
     1
 76
     1
 98
        1
 10
6406.288720616838
 20
-50231.73930765182
450
        0
451
        0
460
0.0
461
0.0
452
        0
462
1.0
453
        2
463
0.0
 63
     5
421
      255
463
1.0
 63
     2
421
 16776960
470
LINEAR
  0
CIRCLE
  5
F0FE512
102
{ACAD_REACTORS
330
F0FE50E
102
}
330
2
100
AcDbEntity
  8
STEEL
100
AcDbCircle
 10
701969.9256193906
 20
-496974.815189395
 30
0.0
 40
25.0
  0
HATCH
  5
F0FE514
330
2
100
AcDbEntity
  8
STEEL
100
AcDbHatch
 10
0.0
 20
0.0
 30
-0.000000000000022
210
-2.199054251738767E-16
220
0.0
230
1.0
  2
SOLID
 70
     1
 71
     1
 91
        1
 92
        1
 93
        1
 72
     2
 10
701969.9256193906
 20
-496674.815189395
 40
25.0
 50
0.0
 51
360.0
 73
     1
 97
        1
330
F0FE518
 75
     1
 76
     1
 98
        1
 10
6406.288720616838
 20
-49931.73930765182
450
        0
451
        0
460
0.0
461
0.0
452
        0
462
1.0
453
        2
463
0.0
 63
     5
421
      255
463
1.0
 63
     2
421
 16776960
470
LINEAR
  0
CIRCLE
  5
F0FE518
102
{ACAD_REACTORS
330
F0FE514
102
}
330
2
100
AcDbEntity
  8
STEEL
100
AcDbCircle
 10
701969.9256193906
 20
-496674.815189395
 30
0.0
 40
25.0
  0
HATCH
  5
F0FE51A
330
2
100
AcDbEntity
  8
STEEL
100
AcDbHatch
 10
0.0
 20
0.0
 30
-0.000000000000022
210
-2.199054251738767E-16
220
0.0
230
1.0
  2
SOLID
 70
     1
 71
     1
 91
        1
 92
        1
 93
        1
 72
     2
 10
701969.9256193906
 20
-496374.815189395
 40
25.0
 50
0.0
 51
360.0
 73
     1
 97
        1
330
F0FE51E
 75
     1
 76
     1
 98
        1
 10
6406.288720616838
 20
-49631.73930765182
450
        0
451
        0
460
0.0
461
0.0
452
        0
462
1.0
453
        2
463
0.0
 63
     5
421
      255
463
1.0
 63
     2
421
 16776960
470
LINEAR
  0
CIRCLE
  5
F0FE51E
102
{ACAD_REACTORS
330
F0FE51A
102
}
330
2
100
AcDbEntity
  8
STEEL
100
AcDbCircle
 10
701969.9256193906
 20
-496374.815189395
 30
0.0
 40
25.0
  0
HATCH
  5
F0FE520
330
2
100
AcDbEntity
  8
STEEL
100
AcDbHatch
 10
0.0
 20
0.0
 30
-0.000000000000022
210
-2.199054251738767E-16
220
0.0
230
1.0
  2
SOLID
 70
     1
 71
     1
 91
        1
 92
        1
 93
        1
 72
     2
 10
701969.9256193906
 20
-496074.815189395
 40
25.0
 50
0.0
 51
360.0
 73
     1
 97
        1
330
F0FE524
 75
     1
 76
     1
 98
        1
 10
6406.288720616838
 20
-49331.73930765182
450
        0
451
        0
460
0.0
461
0.0
452
        0
462
1.0
453
        2
463
0.0
 63
     5
421
      255
463
1.0
 63
     2
421
 16776960
470
LINEAR
  0
CIRCLE
  5
F0FE524
102
{ACAD_REACTORS
330
F0FE520
102
}
330
2
100
AcDbEntity
  8
STEEL
100
AcDbCircle
 10
701969.9256193906
 20
-496074.815189395
 30
0.0
 40
25.0
  0
HATCH
  5
F0FE526
330
2
100
AcDbEntity
  8
STEEL
100
AcDbHatch
 10
0.0
 20
0.0
 30
-0.000000000000022
210
-2.199054251738767E-16
220
0.0
230
1.0
  2
SOLID
 70
     1
 71
     1
 91
        1
 92
        1
 93
        1
 72
     2
 10
701969.9256193906
 20
-495774.815189395
 40
25.0
 50
0.0
 51
360.0
 73
     1
 97
        1
330
F0FE52A
 75
     1
 76
     1
 98
        1
 10
6406.288720616838
 20
-49031.73930765182
450
        0
451
        0
460
0.0
461
0.0
452
        0
462
1.0
453
        2
463
0.0
 63
     5
421
      255
463
1.0
 63
     2
421
 16776960
470
LINEAR
  0
CIRCLE
  5
F0FE52A
102
{ACAD_REACTORS
330
F0FE526
102
}
330
2
100
AcDbEntity
  8
STEEL
100
AcDbCircle
 10
701969.9256193906
 20
-495774.815189395
 30
0.0
 40
25.0
  0
HATCH
  5
F0FE532
330
2
100
AcDbEntity
  8
STEEL
100
AcDbHatch
 10
0.0
 20
0.0
 30
-0.000000000000022
210
-2.199054251738767E-16
220
0.0
230
1.0
  2
SOLID
 70
     1
 71
     1
 91
        1
 92
        1
 93
        1
 72
     2
 10
701659.9256193906
 20
-497724.815189395
 40
25.0
 50
0.0
 51
360.0
 73
     1
 97
        1
330
F0FE536
 75
     1
 76
     1
 98
        1
 10
1397223.562518164
 20
-50981.73930765182
450
        0
451
        0
460
0.0
461
0.0
452
        0
462
1.0
453
        2
463
0.0
 63
     5
421
      255
463
1.0
 63
     2
421
 16776960
470
LINEAR
  0
CIRCLE
  5
F0FE536
102
{ACAD_REACTORS
330
F0FE532
102
}
330
2
100
AcDbEntity
  8
STEEL
100
AcDbCircle
 10
701659.9256193906
 20
-497724.815189395
 30
0.0
 40
25.0
  0
HATCH
  5
F0FE538
330
2
100
AcDbEntity
  8
STEEL
100
AcDbHatch
 10
0.0
 20
0.0
 30
-0.000000000000022
210
-2.199054251738767E-16
220
0.0
230
1.0
  2
SOLID
 70
     1
 71
     1
 91
        1
 92
        1
 93
        1
 72
     2
 10
701659.9256193906
 20
-497424.815189395
 40
25.0
 50
0.0
 51
360.0
 73
     1
 97
        1
330
F0FE53C
 75
     1
 76
     1
 98
        1
 10
1397223.562518164
 20
-50681.73930765182
450
        0
451
        0
460
0.0
461
0.0
452
        0
462
1.0
453
        2
463
0.0
 63
     5
421
      255
463
1.0
 63
     2
421
 16776960
470
LINEAR
  0
CIRCLE
  5
F0FE53C
102
{ACAD_REACTORS
330
F0FE538
102
}
330
2
100
AcDbEntity
  8
STEEL
100
AcDbCircle
 10
701659.9256193906
 20
-497424.815189395
 30
0.0
 40
25.0
  0
HATCH
  5
F0FE53E
330
2
100
AcDbEntity
  8
STEEL
100
AcDbHatch
 10
0.0
 20
0.0
 30
-0.000000000000022
210
-2.199054251738767E-16
220
0.0
230
1.0
  2
SOLID
 70
     1
 71
     1
 91
        1
 92
        1
 93
        1
 72
     2
 10
701659.9256193906
 20
-497124.815189395
 40
25.0
 50
0.0
 51
360.0
 73
     1
 97
        1
330
F0FE542
 75
     1
 76
     1
 98
        1
 10
1397223.562518164
 20
-50381.73930765182
450
        0
451
        0
460
0.0
461
0.0
452
        0
462
1.0
453
        2
463
0.0
 63
     5
421
      255
463
1.0
 63
     2
421
 16776960
470
LINEAR
  0
CIRCLE
  5
F0FE542
102
{ACAD_REACTORS
330
F0FE53E
102
}
330
2
100
AcDbEntity
  8
STEEL
100
AcDbCircle
 10
701659.9256193906
 20
-497124.815189395
 30
0.0
 40
25.0
  0
HATCH
  5
F0FE544
330
2
100
AcDbEntity
  8
STEEL
100
AcDbHatch
 10
0.0
 20
0.0
 30
-0.000000000000022
210
-2.199054251738767E-16
220
0.0
230
1.0
  2
SOLID
 70
     1
 71
     1
 91
        1
 92
        1
 93
        1
 72
     2
 10
701659.9256193906
 20
-496824.815189395
 40
25.0
 50
0.0
 51
360.0
 73
     1
 97
        1
330
F0FE548
 75
     1
 76
     1
 98
        1
 10
1397223.562518164
 20
-50081.73930765182
450
        0
451
        0
460
0.0
461
0.0
452
        0
462
1.0
453
        2
463
0.0
 63
     5
421
      255
463
1.0
 63
     2
421
 16776960
470
LINEAR
  0
CIRCLE
  5
F0FE548
102
{ACAD_REACTORS
330
F0FE544
102
}
330
2
100
AcDbEntity
  8
STEEL
100
AcDbCircle
 10
701659.9256193906
 20
-496824.815189395
 30
0.0
 40
25.0
  0
HATCH
  5
F0FE54A
330
2
100
AcDbEntity
  8
STEEL
100
AcDbHatch
 10
0.0
 20
0.0
 30
-0.000000000000022
210
-2.199054251738767E-16
220
0.0
230
1.0
  2
SOLID
 70
     1
 71
     1
 91
        1
 92
        1
 93
        1
 72
     2
 10
701659.9256193906
 20
-496524.815189395
 40
25.0
 50
0.0
 51
360.0
 73
     1
 97
        1
330
F0FE54E
 75
     1
 76
     1
 98
        1
 10
1397223.562518164
 20
-49781.73930765182
450
        0
451
        0
460
0.0
461
0.0
452
        0
462
1.0
453
        2
463
0.0
 63
     5
421
      255
463
1.0
 63
     2
421
 16776960
470
LINEAR
  0
CIRCLE
  5
F0FE54E
102
{ACAD_REACTORS
330
F0FE54A
102
}
330
2
100
AcDbEntity
  8
STEEL
100
AcDbCircle
 10
701659.9256193906
 20
-496524.815189395
 30
0.0
 40
25.0
  0
HATCH
  5
F0FE550
330
2
100
AcDbEntity
  8
STEEL
100
AcDbHatch
 10
0.0
 20
0.0
 30
-0.000000000000022
210
-2.199054251738767E-16
220
0.0
230
1.0
  2
SOLID
 70
     1
 71
     1
 91
        1
 92
        1
 93
        1
 72
     2
 10
701659.9256193906
 20
-496224.815189395
 40
25.0
 50
0.0
 51
360.0
 73
     1
 97
        1
330
F0FE554
 75
     1
 76
     1
 98
        1
 10
1397223.562518164
 20
-49481.73930765182
450
        0
451
        0
460
0.0
461
0.0
452
        0
462
1.0
453
        2
463
0.0
 63
     5
421
      255
463
1.0
 63
     2
421
 16776960
470
LINEAR
  0
CIRCLE
  5
F0FE554
102
{ACAD_REACTORS
330
F0FE550
102
}
330
2
100
AcDbEntity
  8
STEEL
100
AcDbCircle
 10
701659.9256193906
 20
-496224.815189395
 30
0.0
 40
25.0
  0
HATCH
  5
F0FE556
330
2
100
AcDbEntity
  8
STEEL
100
AcDbHatch
 10
0.0
 20
0.0
 30
-0.000000000000022
210
-2.199054251738767E-16
220
0.0
230
1.0
  2
SOLID
 70
     1
 71
     1
 91
        1
 92
        1
 93
        1
 72
     2
 10
701659.9256193906
 20
-495924.815189395
 40
25.0
 50
0.0
 51
360.0
 73
     1
 97
        1
330
F0FE55A
 75
     1
 76
     1
 98
        1
 10
1397223.562518164
 20
-49181.73930765182
450
        0
451
        0
460
0.0
461
0.0
452
        0
462
1.0
453
        2
463
0.0
 63
     5
421
      255
463
1.0
 63
     2
421
 16776960
470
LINEAR
  0
CIRCLE
  5
F0FE55A
102
{ACAD_REACTORS
330
F0FE556
102
}
330
2
100
AcDbEntity
  8
STEEL
100
AcDbCircle
 10
701659.9256193906
 20
-495924.815189395
 30
0.0
 40
25.0
  0
LINE
  5
F0FE55B
330
2
100
AcDbEntity
  8
STEEL
100
AcDbLine
 10
700724.9256193908
 20
-498569.6456488936
 30
0.0000000001540712
 11
701599.9256193908
 21
-498569.6456488935
 31
0.0000000001542636
  0
LINE
  5
F0FE55C
330
2
100
AcDbEntity
  8
STEEL
100
AcDbLine
 10
702029.9256193908
 20
-498569.6456488935
 30
0.0000000001543582
 11
702804.9256193908
 21
-498569.6456488935
 31
0.0000000001545286
  0
LINE
  5
F0FE55D
330
2
100
AcDbEntity
  8
STEEL
100
AcDbLine
 10
702004.9256193908
 20
-493902.8205552734
 30
0.0000000001543527
 11
702004.9256193908
 21
-498544.6456488935
 31
0.0000000001543527
  0
ARC
  5
F0FE55E
330
2
100
AcDbEntity
  8
STEEL
100
AcDbCircle
 10
702029.9256193908
 20
-498544.6456488935
 30
0.0
 40
25.0
100
AcDbArc
 50
180.0
 51
270.0
  0
LINE
  5
F0FE55F
330
2
100
AcDbEntity
  8
STEEL
100
AcDbLine
 10
701624.9256193904
 20
-493902.8205552734
 30
0.0000000001542691
 11
701624.9256193908
 21
-498544.6456488935
 31
0.0000000001542691
  0
ARC
  5
F0FE560
330
2
100
AcDbEntity
  8
STEEL
100
AcDbCircle
 10
701599.9256193908
 20
-498544.6456488935
 30
0.0
 40
25.0
100
AcDbArc
 50
270.0
 51
0.0
  0
LWPOLYLINE
  5
F0FE561
330
2
100
AcDbEntity
  8
STEEL
100
AcDbPolyline
 90
        8
 70
     1
 43
0.0
 38
0.0000000001542768
 10
701659.9256193906
 20
-494902.8205552747
 10
701969.9256193906
 20
-494902.8205552747
 42
-0.414213562373095
 10
701994.9256193906
 20
-494927.8205552747
 10
701994.9256193906
 20
-495537.8205552747
 42
-0.414213562373095
 10
701969.9256193906
 20
-495562.8205552747
 10
701659.9256193906
 20
-495562.8205552747
 42
-0.414213562373095
 10
701634.9256193906
 20
-495537.8205552747
 10
701634.9256193906
 20
-494927.8205552747
 42
-0.414213562373095
  0
HATCH
  5
F0FE563
330
2
100
AcDbEntity
  8
STEEL
100
AcDbHatch
 10
0.0
 20
0.0
 30
-0.000000000000022
210
-2.199054251738767E-16
220
0.0
230
1.0
  2
SOLID
 70
     1
 71
     1
 91
        1
 92
        1
 93
        1
 72
     2
 10
701959.9256193906
 20
-495527.8205552747
 40
25.0
 50
0.0
 51
360.0
 73
     1
 97
        1
330
F0FE567
 75
     1
 76
     1
 98
        1
 10
6396.288720616838
 20
-48784.74467353156
450
        0
451
        0
460
0.0
461
0.0
452
        0
462
1.0
453
        2
463
0.0
 63
     5
421
      255
463
1.0
 63
     2
421
 16776960
470
LINEAR
  0
CIRCLE
  5
F0FE567
102
{ACAD_REACTORS
330
F0FE563
102
}
330
2
100
AcDbEntity
  8
STEEL
100
AcDbCircle
 10
701959.9256193906
 20
-495527.8205552747
 30
0.0
 40
25.0
  0
HATCH
  5
F0FE569
330
2
100
AcDbEntity
  8
STEEL
100
AcDbHatch
 10
0.0
 20
0.0
 30
-0.000000000000022
210
-2.199054251738767E-16
220
0.0
230
1.0
  2
SOLID
 70
     1
 71
     1
 91
        1
 92
        1
 93
        1
 72
     2
 10
701669.9256193906
 20
-495527.8205552747
 40
25.0
 50
0.0
 51
360.0
 73
     1
 97
        1
330
F0FE56D
 75
     1
 76
     1
 98
        1
 10
1397233.562518164
 20
-48784.74467353156
450
        0
451
        0
460
0.0
461
0.0
452
        0
462
1.0
453
        2
463
0.0
 63
     5
421
      255
463
1.0
 63
     2
421
 16776960
470
LINEAR
  0
CIRCLE
  5
F0FE56D
102
{ACAD_REACTORS
330
F0FE569
102
}
330
2
100
AcDbEntity
  8
STEEL
100
AcDbCircle
 10
701669.9256193906
 20
-495527.8205552747
 30
0.0
 40
25.0
  0
HATCH
  5
F0FE56F
330
2
100
AcDbEntity
  8
STEEL
100
AcDbHatch
 10
0.0
 20
0.0
 30
-0.000000000000022
210
-2.199054251738767E-16
220
0.0
230
1.0
  2
SOLID
 70
     1
 71
     1
 91
        1
 92
        1
 93
        1
 72
     2
 10
701959.9256193906
 20
-494937.8205552747
 40
25.0
 50
0.0
 51
360.0
 73
     1
 97
        1
330
F0FE573
 75
     1
 76
     1
 98
        1
 10
6396.288720616838
 20
-941680.896437018
450
        0
451
        0
460
0.0
461
0.0
452
        0
462
1.0
453
        2
463
0.0
 63
     5
421
      255
463
1.0
 63
     2
421
 16776960
470
LINEAR
  0
CIRCLE
  5
F0FE573
102
{ACAD_REACTORS
330
F0FE56F
102
}
330
2
100
AcDbEntity
  8
STEEL
100
AcDbCircle
 10
701959.9256193906
 20
-494937.8205552747
 30
0.0
 40
25.0
  0
HATCH
  5
F0FE575
330
2
100
AcDbEntity
  8
STEEL
100
AcDbHatch
 10
0.0
 20
0.0
 30
-0.000000000000022
210
-2.199054251738767E-16
220
0.0
230
1.0
  2
SOLID
 70
     1
 71
     1
 91
        1
 92
        1
 93
        1
 72
     2
 10
701669.9256193906
 20
-494937.8205552747
 40
25.0
 50
0.0
 51
360.0
 73
     1
 97
        1
330
F0FE579
 75
     1
 76
     1
 98
        1
 10
1397233.562518164
 20
-941680.896437018
450
        0
451
        0
460
0.0
461
0.0
452
        0
462
1.0
453
        2
463
0.0
 63
     5
421
      255
463
1.0
 63
     2
421
 16776960
470
LINEAR
  0
CIRCLE
  5
F0FE579
102
{ACAD_REACTORS
330
F0FE575
102
}
330
2
100
AcDbEntity
  8
STEEL
100
AcDbCircle
 10
701669.9256193906
 20
-494937.8205552747
 30
0.0
 40
25.0
  0
HATCH
  5
F0FE58D
330
2
100
AcDbEntity
  8
STEEL
100
AcDbHatch
 10
0.0
 20
0.0
 30
0.000000000000022
210
-2.199054251738767E-16
220
0.0
230
1.0
  2
SOLID
 70
     1
 71
     1
 91
        1
 92
        1
 93
        1
 72
     2
 10
695909.9256193908
 20
-497874.8151893949
 40
25.0
 50
0.0
 51
360.0
 73
     1
 97
        1
330
F0FE591
 75
     1
 76
     1
 98
        1
 10
346.2887206170708
 20
-51131.73930765176
450
        0
451
        0
460
0.0
461
0.0
452
        0
462
1.0
453
        2
463
0.0
 63
     5
421
      255
463
1.0
 63
     2
421
 16776960
470
LINEAR
  0
CIRCLE
  5
F0FE591
102
{ACAD_REACTORS
330
F0FE58D
102
}
330
2
100
AcDbEntity
  8
STEEL
100
AcDbCircle
 10
695909.9256193908
 20
-497874.8151893949
 30
0.0
 40
25.0
  0
HATCH
  5
F0FE593
330
2
100
AcDbEntity
  8
STEEL
100
AcDbHatch
 10
0.0
 20
0.0
 30
0.000000000000022
210
-2.199054251738767E-16
220
0.0
230
1.0
  2
SOLID
 70
     1
 71
     1
 91
        1
 92
        1
 93
        1
 72
     2
 10
695909.9256193908
 20
-497574.8151893949
 40
25.0
 50
0.0
 51
360.0
 73
     1
 97
        1
330
F0FE597
 75
     1
 76
     1
 98
        1
 10
346.2887206170708
 20
-50831.73930765176
450
        0
451
        0
460
0.0
461
0.0
452
        0
462
1.0
453
        2
463
0.0
 63
     5
421
      255
463
1.0
 63
     2
421
 16776960
470
LINEAR
  0
CIRCLE
  5
F0FE597
102
{ACAD_REACTORS
330
F0FE593
102
}
330
2
100
AcDbEntity
  8
STEEL
100
AcDbCircle
 10
695909.9256193908
 20
-497574.8151893949
 30
0.0
 40
25.0
  0
HATCH
  5
F0FE599
330
2
100
AcDbEntity
  8
STEEL
100
AcDbHatch
 10
0.0
 20
0.0
 30
0.000000000000022
210
-2.199054251738767E-16
220
0.0
230
1.0
  2
SOLID
 70
     1
 71
     1
 91
        1
 92
        1
 93
        1
 72
     2
 10
695909.9256193908
 20
-497274.8151893949
 40
25.0
 50
0.0
 51
360.0
 73
     1
 97
        1
330
F0FE59D
 75
     1
 76
     1
 98
        1
 10
346.2887206170708
 20
-50531.73930765176
450
        0
451
        0
460
0.0
461
0.0
452
        0
462
1.0
453
        2
463
0.0
 63
     5
421
      255
463
1.0
 63
     2
421
 16776960
470
LINEAR
  0
CIRCLE
  5
F0FE59D
102
{ACAD_REACTORS
330
F0FE599
102
}
330
2
100
AcDbEntity
  8
STEEL
100
AcDbCircle
 10
695909.9256193908
 20
-497274.8151893949
 30
0.0
 40
25.0
  0
HATCH
  5
F0FE59F
330
2
100
AcDbEntity
  8
STEEL
100
AcDbHatch
 10
0.0
 20
0.0
 30
0.000000000000022
210
-2.199054251738767E-16
220
0.0
230
1.0
  2
SOLID
 70
     1
 71
     1
 91
        1
 92
        1
 93
        1
 72
     2
 10
695909.9256193908
 20
-496974.8151893949
 40
25.0
 50
0.0
 51
360.0
 73
     1
 97
        1
330
F0FE5A3
 75
     1
 76
     1
 98
        1
 10
346.2887206170708
 20
-50231.73930765176
450
        0
451
        0
460
0.0
461
0.0
452
        0
462
1.0
453
        2
463
0.0
 63
     5
421
      255
463
1.0
 63
     2
421
 16776960
470
LINEAR
  0
CIRCLE
  5
F0FE5A3
102
{ACAD_REACTORS
330
F0FE59F
102
}
330
2
100
AcDbEntity
  8
STEEL
100
AcDbCircle
 10
695909.9256193908
 20
-496974.8151893949
 30
0.0
 40
25.0
  0
HATCH
  5
F0FE5A5
330
2
100
AcDbEntity
  8
STEEL
100
AcDbHatch
 10
0.0
 20
0.0
 30
0.000000000000022
210
-2.199054251738767E-16
220
0.0
230
1.0
  2
SOLID
 70
     1
 71
     1
 91
        1
 92
        1
 93
        1
 72
     2
 10
695909.9256193908
 20
-496674.8151893949
 40
25.0
 50
0.0
 51
360.0
 73
     1
 97
        1
330
F0FE5A9
 75
     1
 76
     1
 98
        1
 10
346.2887206170708
 20
-49931.73930765176
450
        0
451
        0
460
0.0
461
0.0
452
        0
462
1.0
453
        2
463
0.0
 63
     5
421
      255
463
1.0
 63
     2
421
 16776960
470
LINEAR
  0
CIRCLE
  5
F0FE5A9
102
{ACAD_REACTORS
330
F0FE5A5
102
}
330
2
100
AcDbEntity
  8
STEEL
100
AcDbCircle
 10
695909.9256193908
 20
-496674.8151893949
 30
0.0
 40
25.0
  0
HATCH
  5
F0FE5AB
330
2
100
AcDbEntity
  8
STEEL
100
AcDbHatch
 10
0.0
 20
0.0
 30
0.000000000000022
210
-2.199054251738767E-16
220
0.0
230
1.0
  2
SOLID
 70
     1
 71
     1
 91
        1
 92
        1
 93
        1
 72
     2
 10
695909.9256193908
 20
-496374.8151893949
 40
25.0
 50
0.0
 51
360.0
 73
     1
 97
        1
330
F0FE5AF
 75
     1
 76
     1
 98
        1
 10
346.2887206170708
 20
-49631.73930765176
450
        0
451
        0
460
0.0
461
0.0
452
        0
462
1.0
453
        2
463
0.0
 63
     5
421
      255
463
1.0
 63
     2
421
 16776960
470
LINEAR
  0
CIRCLE
  5
F0FE5AF
102
{ACAD_REACTORS
330
F0FE5AB
102
}
330
2
100
AcDbEntity
  8
STEEL
100
AcDbCircle
 10
695909.9256193908
 20
-496374.8151893949
 30
0.0
 40
25.0
  0
HATCH
  5
F0FE5B1
330
2
100
AcDbEntity
  8
STEEL
100
AcDbHatch
 10
0.0
 20
0.0
 30
0.000000000000022
210
-2.199054251738767E-16
220
0.0
230
1.0
  2
SOLID
 70
     1
 71
     1
 91
        1
 92
        1
 93
        1
 72
     2
 10
695909.9256193908
 20
-496074.8151893949
 40
25.0
 50
0.0
 51
360.0
 73
     1
 97
        1
330
F0FE5B5
 75
     1
 76
     1
 98
        1
 10
346.2887206170708
 20
-49331.73930765176
450
        0
451
        0
460
0.0
461
0.0
452
        0
462
1.0
453
        2
463
0.0
 63
     5
421
      255
463
1.0
 63
     2
421
 16776960
470
LINEAR
  0
CIRCLE
  5
F0FE5B5
102
{ACAD_REACTORS
330
F0FE5B1
102
}
330
2
100
AcDbEntity
  8
STEEL
100
AcDbCircle
 10
695909.9256193908
 20
-496074.8151893949
 30
0.0
 40
25.0
  0
HATCH
  5
F0FE5B7
330
2
100
AcDbEntity
  8
STEEL
100
AcDbHatch
 10
0.0
 20
0.0
 30
0.000000000000022
210
-2.199054251738767E-16
220
0.0
230
1.0
  2
SOLID
 70
     1
 71
     1
 91
        1
 92
        1
 93
        1
 72
     2
 10
695909.9256193908
 20
-495774.8151893949
 40
25.0
 50
0.0
 51
360.0
 73
     1
 97
        1
330
F0FE5BB
 75
     1
 76
     1
 98
        1
 10
346.2887206170708
 20
-49031.73930765176
450
        0
451
        0
460
0.0
461
0.0
452
        0
462
1.0
453
        2
463
0.0
 63
     5
421
      255
463
1.0
 63
     2
421
 16776960
470
LINEAR
  0
CIRCLE
  5
F0FE5BB
102
{ACAD_REACTORS
330
F0FE5B7
102
}
330
2
100
AcDbEntity
  8
STEEL
100
AcDbCircle
 10
695909.9256193908
 20
-495774.8151893949
 30
0.0
 40
25.0
  0
HATCH
  5
F0FE5C3
330
2
100
AcDbEntity
  8
STEEL
100
AcDbHatch
 10
0.0
 20
0.0
 30
0.000000000000022
210
-2.199054251738767E-16
220
0.0
230
1.0
  2
SOLID
 70
     1
 71
     1
 91
        1
 92
        1
 93
        1
 72
     2
 10
695599.9256193908
 20
-497724.8151893949
 40
25.0
 50
0.0
 51
360.0
 73
     1
 97
        1
330
F0FE5C7
 75
     1
 76
     1
 98
        1
 10
1391163.562518165
 20
-50981.73930765176
450
        0
451
        0
460
0.0
461
0.0
452
        0
462
1.0
453
        2
463
0.0
 63
     5
421
      255
463
1.0
 63
     2
421
 16776960
470
LINEAR
  0
CIRCLE
  5
F0FE5C7
102
{ACAD_REACTORS
330
F0FE5C3
102
}
330
2
100
AcDbEntity
  8
STEEL
100
AcDbCircle
 10
695599.9256193908
 20
-497724.8151893949
 30
0.0
 40
25.0
  0
HATCH
  5
F0FE5C9
330
2
100
AcDbEntity
  8
STEEL
100
AcDbHatch
 10
0.0
 20
0.0
 30
0.000000000000022
210
-2.199054251738767E-16
220
0.0
230
1.0
  2
SOLID
 70
     1
 71
     1
 91
        1
 92
        1
 93
        1
 72
     2
 10
695599.9256193908
 20
-497424.8151893949
 40
25.0
 50
0.0
 51
360.0
 73
     1
 97
        1
330
F0FE5CD
 75
     1
 76
     1
 98
        1
 10
1391163.562518165
 20
-50681.73930765176
450
        0
451
        0
460
0.0
461
0.0
452
        0
462
1.0
453
        2
463
0.0
 63
     5
421
      255
463
1.0
 63
     2
421
 16776960
470
LINEAR
  0
CIRCLE
  5
F0FE5CD
102
{ACAD_REACTORS
330
F0FE5C9
102
}
330
2
100
AcDbEntity
  8
STEEL
100
AcDbCircle
 10
695599.9256193908
 20
-497424.8151893949
 30
0.0
 40
25.0
  0
HATCH
  5
F0FE5CF
330
2
100
AcDbEntity
  8
STEEL
100
AcDbHatch
 10
0.0
 20
0.0
 30
0.000000000000022
210
-2.199054251738767E-16
220
0.0
230
1.0
  2
SOLID
 70
     1
 71
     1
 91
        1
 92
        1
 93
        1
 72
     2
 10
695599.9256193908
 20
-497124.8151893949
 40
25.0
 50
0.0
 51
360.0
 73
     1
 97
        1
330
F0FE5D3
 75
     1
 76
     1
 98
        1
 10
1391163.562518165
 20
-50381.73930765176
450
        0
451
        0
460
0.0
461
0.0
452
        0
462
1.0
453
        2
463
0.0
 63
     5
421
      255
463
1.0
 63
     2
421
 16776960
470
LINEAR
  0
CIRCLE
  5
F0FE5D3
102
{ACAD_REACTORS
330
F0FE5CF
102
}
330
2
100
AcDbEntity
  8
STEEL
100
AcDbCircle
 10
695599.9256193908
 20
-497124.8151893949
 30
0.0
 40
25.0
  0
HATCH
  5
F0FE5D5
330
2
100
AcDbEntity
  8
STEEL
100
AcDbHatch
 10
0.0
 20
0.0
 30
0.000000000000022
210
-2.199054251738767E-16
220
0.0
230
1.0
  2
SOLID
 70
     1
 71
     1
 91
        1
 92
        1
 93
        1
 72
     2
 10
695599.9256193908
 20
-496824.8151893949
 40
25.0
 50
0.0
 51
360.0
 73
     1
 97
        1
330
F0FE5D9
 75
     1
 76
     1
 98
        1
 10
1391163.562518165
 20
-50081.73930765176
450
        0
451
        0
460
0.0
461
0.0
452
        0
462
1.0
453
        2
463
0.0
 63
     5
421
      255
463
1.0
 63
     2
421
 16776960
470
LINEAR
  0
CIRCLE
  5
F0FE5D9
102
{ACAD_REACTORS
330
F0FE5D5
102
}
330
2
100
AcDbEntity
  8
STEEL
100
AcDbCircle
 10
695599.9256193908
 20
-496824.8151893949
 30
0.0
 40
25.0
  0
HATCH
  5
F0FE5DB
330
2
100
AcDbEntity
  8
STEEL
100
AcDbHatch
 10
0.0
 20
0.0
 30
0.000000000000022
210
-2.199054251738767E-16
220
0.0
230
1.0
  2
SOLID
 70
     1
 71
     1
 91
        1
 92
        1
 93
        1
 72
     2
 10
695599.9256193908
 20
-496524.8151893949
 40
25.0
 50
0.0
 51
360.0
 73
     1
 97
        1
330
F0FE5DF
 75
     1
 76
     1
 98
        1
 10
1391163.562518165
 20
-49781.73930765176
450
        0
451
        0
460
0.0
461
0.0
452
        0
462
1.0
453
        2
463
0.0
 63
     5
421
      255
463
1.0
 63
     2
421
 16776960
470
LINEAR
  0
CIRCLE
  5
F0FE5DF
102
{ACAD_REACTORS
330
F0FE5DB
102
}
330
2
100
AcDbEntity
  8
STEEL
100
AcDbCircle
 10
695599.9256193908
 20
-496524.8151893949
 30
0.0
 40
25.0
  0
HATCH
  5
F0FE5E1
330
2
100
AcDbEntity
  8
STEEL
100
AcDbHatch
 10
0.0
 20
0.0
 30
0.000000000000022
210
-2.199054251738767E-16
220
0.0
230
1.0
  2
SOLID
 70
     1
 71
     1
 91
        1
 92
        1
 93
        1
 72
     2
 10
695599.9256193908
 20
-496224.8151893949
 40
25.0
 50
0.0
 51
360.0
 73
     1
 97
        1
330
F0FE5E5
 75
     1
 76
     1
 98
        1
 10
1391163.562518165
 20
-49481.73930765176
450
        0
451
        0
460
0.0
461
0.0
452
        0
462
1.0
453
        2
463
0.0
 63
     5
421
      255
463
1.0
 63
     2
421
 16776960
470
LINEAR
  0
CIRCLE
  5
F0FE5E5
102
{ACAD_REACTORS
330
F0FE5E1
102
}
330
2
100
AcDbEntity
  8
STEEL
100
AcDbCircle
 10
695599.9256193908
 20
-496224.8151893949
 30
0.0
 40
25.0
  0
HATCH
  5
F0FE5E7
330
2
100
AcDbEntity
  8
STEEL
100
AcDbHatch
 10
0.0
 20
0.0
 30
0.000000000000022
210
-2.199054251738767E-16
220
0.0
230
1.0
  2
SOLID
 70
     1
 71
     1
 91
        1
 92
        1
 93
        1
 72
     2
 10
695599.9256193908
 20
-495924.8151893949
 40
25.0
 50
0.0
 51
360.0
 73
     1
 97
        1
330
F0FE5EB
 75
     1
 76
     1
 98
        1
 10
1391163.562518165
 20
-49181.73930765176
450
        0
451
        0
460
0.0
461
0.0
452
        0
462
1.0
453
        2
463
0.0
 63
     5
421
      255
463
1.0
 63
     2
421
 16776960
470
LINEAR
  0
CIRCLE
  5
F0FE5EB
102
{ACAD_REACTORS
330
F0FE5E7
102
}
330
2
100
AcDbEntity
  8
STEEL
100
AcDbCircle
 10
695599.9256193908
 20
-495924.8151893949
 30
0.0
 40
25.0
  0
HATCH
  5
F0FE5F0
330
2
100
AcDbEntity
  8
HATCH
 48
10.0
100
AcDbHatch
 10
0.0
 20
0.0
 30
0.0
210
-2.199054251738767E-16
220
0.0
230
1.0
  2
AR-CONC
 70
     0
 71
     1
 91
        1
 92
        1
 93
        4
 72
     1
 10
694284.9256193908
 20
-498752.8205552747
 11
703284.9256193906
 21
-498752.8205552747
 72
     1
 10
703284.9256193906
 20
-498752.8205552747
 11
703284.9256193906
 21
-499052.8205552672
 72
     1
 10
703284.9256193906
 20
-499052.8205552672
 11
694284.9256193908
 21
-499052.8205552672
 72
     1
 10
694284.9256193908
 20
-499052.8205552672
 11
694284.9256193908
 21
-498752.8205552747
 97
        1
330
F0FE5FA
 75
     1
 76
     1
 52
0.0
 41
0.75
 77
     0
 78
    13
 53
49.99999999999999
 43
0.0
 44
-2127.738926014397
 45
136.638501747003
 46
-11.95431415417731
 79
     2
 49
14.2875
 49
-157.1625
 53
355.0
 43
0.0
 44
-2127.738926014397
 45
-26.43256606872701
 46
143.2926339292763
 79
     2
 49
11.43
 49
-125.7304381275
 53
100.4514447
 43
11.38650525
 44
-2128.735116139397
 45
110.205935317765
 46
131.3383139341463
 79
     2
 49
12.1425066
 49
-133.56768345
 53
46.1842
 43
0.0
 44
-2089.638926014398
 45
203.3092806690974
 46
-31.53174594954536
 79
     2
 49
21.43125
 49
-235.74375
 53
96.63555760999995
 43
16.942425
 44
-2092.266551014398
 45
178.0531005386273
 46
185.5695934482911
 79
     2
 49
18.213767355
 49
-200.35170612
 53
351.1841511700001
 43
0.0
 44
-2089.638926014398
 45
178.0531005487328
 46
185.5695934391495
 79
     2
 49
17.1449753025
 49
-188.59479894
 53
21.0
 43
19.05
 44
-2099.163926014398
 45
113.7107934518494
 46
-76.6988986403157
 79
     2
 49
14.2875
 49
-157.1625
 53
326.0000000000001
 43
19.05
 44
-2099.163926014398
 45
46.3515212607353
 46
138.1409745917395
 79
     2
 49
11.43
 49
-125.73
 53
71.45144499999999
 43
28.52589945
 44
-2105.555500939398
 45
160.0623144590371
 46
61.44207666442893
 79
     2
 49
12.1425066
 49
-133.5674532
 53
37.5
 43
0.0
 44
-2127.738926014397
 45
2.316452437943862
 46
63.41627915486483
 79
     6
 49
0.0
 49
-124.206
 49
0.0
 49
-127.635
 49
0.0
 49
-126.20625
 53
7.5
 43
0.0
 44
-2127.738926014397
 45
50.11474688272931
 46
75.13543111358963
 79
     6
 49
0.0
 49
-72.77099999999999
 49
0.0
 49
-121.3485
 49
0.0
 49
-48.10125000000001
 53
327.5
 43
-42.4815
 44
-2127.738926014397
 45
101.6929463751536
 46
-4.296557994505083
 79
     6
 49
0.0
 49
-47.625
 49
0.0
 49
-148.59
 49
0.0
 49
-197.1675
 53
317.5
 43
-61.5315
 44
-2127.738926014397
 45
111.0968860395135
 46
19.06986827499977
 79
     6
 49
0.0
 49
-61.91249999999999
 49
0.0
 49
-98.679
 49
0.0
 49
-140.0175
 98
        1
 10
0.0
 20
-2127.738926014397
1001
GradientColor1ACI
1070
     5
1001
GradientColor2ACI
1070
     2
1001
ACAD
1010
0.0
1020
0.0
1030
0.0
  0
LWPOLYLINE
  5
F0FE5FA
102
{ACAD_REACTORS
330
F0FE5F0
102
}
330
2
100
AcDbEntity
  8
FOOT
100
AcDbPolyline
 90
        4
 70
     1
 43
0.0
 38
0.000000000152699
 10
694284.9256193908
 20
-498752.8205552747
 10
703284.9256193906
 20
-498752.8205552747
 10
703284.9256193906
 20
-499052.8205552672
 10
694284.9256193908
 20
-499052.8205552672
  0
LWPOLYLINE
  5
F0FE5FB
330
2
100
AcDbEntity
  8
FOOT
100
AcDbPolyline
 90
        2
 70
     0
 43
0.0
 38
0.000000000152765
 10
694584.9256193908
 20
-497852.8205552747
 10
695524.9256193908
 20
-497852.8205552747
  0
LWPOLYLINE
  5
F0FE5FC
330
2
100
AcDbEntity
  8
FOOT
100
AcDbPolyline
 90
        2
 70
     0
 43
0.0
 38
0.0000000001530729
 10
695984.9256193908
 20
-497852.8205552747
 10
701584.9256193906
 20
-497852.8205552747
  0
LWPOLYLINE
  5
F0FE5FD
330
2
100
AcDbEntity
  8
FOOT
100
AcDbPolyline
 90
        2
 70
     0
 43
0.0
 38
0.0000000001543615
 10
702044.9256193906
 20
-497852.8205552747
 10
702984.9256193906
 20
-497852.8205552747
  0
LINE
  5
F0FE5FE
330
2
100
AcDbEntity
  8
FOOT
100
AcDbLine
 10
694584.9256193908
 20
-498752.8205552747
 30
0.000000000152765
 11
694584.9256193908
 21
-497852.8205552747
 31
0.000000000152765
  0
DIMENSION
  5
F0FE5FF
330
2
100
AcDbEntity
  8
DIM FOOTING
 48
2.0
100
AcDbDimension
280
     0
  2
*D1
 10
703284.9256193906
 20
-498606.5954972853
 30
0.0000000001546342
 11
703283.5549742847
 21
-498441.7165750538
 31
0.0000000001546342
 70
   160
 71
     5
 42
150.0
 73
     0
 74
     0
 75
     0
  3
FOOTING FOR CF SEC
100
AcDbAlignedDimension
 13
702984.9256193906
 23
-498752.8205552747
 33
0.0000000001546342
 14
703284.9256193906
 24
-498752.8205552747
 34
0.0000000001546342
 50
180.0
100
AcDbRotatedDimension
1001
ACAD
1000
DSTYLE
1002
{
1070
   144
1040
0.5
1002
}
  0
DIMENSION
  5
F0FE615
330
2
100
AcDbEntity
  8
DIM FOOTING
 48
2.0
100
AcDbDimension
280
     0
  2
*D2
 10
693943.1692700027
 20
-497852.8205552749
 30
0.0000000001526239
 11
693775.5260230721
 21
-498302.820555275
 31
0.0000000001526239
 70
    32
  1
<> 
 71
     5
 42
450.0
 73
     0
 74
     0
 75
     0
  3
FOOTING FOR CF SEC
100
AcDbAlignedDimension
 13
694284.9256193908
 23
-498752.8205552747
 33
0.0000000001346139
 14
694584.9256193908
 24
-497852.8205552747
 34
0.0000017037155481
 50
90.0
100
AcDbRotatedDimension
1001
ACAD
1000
DSTYLE
1002
{
1070
   144
1040
0.5
1002
}
  0
LINE
  5
F0FE62B
330
2
100
AcDbEntity
  8
FOOT
100
AcDbLine
 10
702984.9256193906
 20
-498752.8205552747
 30
0.0000000001545682
 11
702984.9256193906
 21
-497852.8205552747
 31
0.0000000001545682
  0
LINE
  5
F0FE62C
330
2
100
AcDbEntity
  8
STEEL
100
AcDbLine
 10
694759.9256193908
 20
-498602.8205552747
 30
0.0000000001528035
 11
694759.925619391
 21
-498118.8112158686
 31
0.0000000001528035
  0
ARC
  5
F0FE62D
330
2
100
AcDbEntity
  8
STEEL
100
AcDbCircle
 10
694809.9256193312
 20
-498602.8205552747
 30
0.0
 40
50.0
100
AcDbArc
 50
180.0
 51
270.0
  0
LINE
  5
F0FE62E
330
2
100
AcDbEntity
  8
STEEL
100
AcDbLine
 10
694809.9256193312
 20
-498652.8205552747
 30
0.0000000001528145
 11
702759.9256194502
 21
-498652.8205552747
 31
0.0000000001545187
  0
LINE
  5
F0FE62F
330
2
100
AcDbEntity
  8
STEEL
100
AcDbLine
 10
694764.925619391
 20
-498569.6456488935
 30
0.0000000001528046
 11
695539.925619391
 21
-498569.6456488934
 31
0.000000000152975
  0
LINE
  5
F0FE630
330
2
100
AcDbEntity
  8
STEEL
100
AcDbLine
 10
695969.925619391
 20
-498569.6456488934
 30
0.0000000001530696
 11
696844.925619391
 21
-498569.6456488934
 31
0.000000000153262
  0
LINE
  5
F0FE631
330
2
100
AcDbEntity
  8
STEEL
100
AcDbLine
 10
702809.9256193906
 20
-498602.8205552747
 30
0.0000000001545297
 11
702809.9256193906
 21
-498118.8112158686
 31
0.0000000001545297
  0
ARC
  5
F0FE632
330
2
100
AcDbEntity
  8
STEEL
100
AcDbCircle
 10
702759.9256194502
 20
-498602.8205552747
 30
0.0
 40
50.0
100
AcDbArc
 50
270.0
 51
0.0
  0
LINE
  5
F0FE633
330
2
100
AcDbEntity
  8
STEEL
100
AcDbLine
 10
694684.9256193312
 20
-498602.8205552747
 30
0.000000000152787
 11
694684.9256193312
 21
-498003.0015523311
 31
0.000000000152787
  0
ARC
  5
F0FE634
330
2
100
AcDbEntity
  8
STEEL
100
AcDbCircle
 10
694734.9256193312
 20
-498003.0015523311
 30
0.0
 40
50.0
100
AcDbArc
 50
90.0
 51
180.0
  0
LINE
  5
F0FE635
330
2
100
AcDbEntity
  8
STEEL
100
AcDbLine
 10
694734.9256193312
 20
-497953.0015523385
 30
0.000000000152798
 11
702834.9247566166
 21
-497953.0015523385
 31
0.0000000001545352
  0
LINE
  5
F0FE636
330
2
100
AcDbEntity
  8
STEEL
100
AcDbLine
 10
702884.9256194502
 20
-498602.8205552747
 30
0.0000000001545462
 11
702884.9256194502
 21
-498003.0015523311
 31
0.0000000001545462
  0
ARC
  5
F0FE637
330
2
100
AcDbEntity
  8
STEEL
100
AcDbCircle
 10
702834.9256194502
 20
-498003.0015523311
 30
0.0
 40
50.0
100
AcDbArc
 50
0.0
 51
90.0
  0
DIMENSION
  5
F0FE638
330
2
100
AcDbEntity
  8
DIM FOOTING
 48
2.0
100
AcDbDimension
280
     0
  2
*D3
 10
693943.1692700037
 20
-499052.8205552674
 30
0.0000000001526239
 11
693775.526023073
 21
-498902.8205552713
 31
0.0000000001526239
 70
    32
  1
<> 
 71
     5
 42
149.9999999962747
 73
     0
 74
     0
 75
     0
  3
FOOTING FOR CF SEC
100
AcDbAlignedDimension
 13
694284.9256193908
 23
-498752.8205552747
 33
0.0000000001346139
 14
694284.9256193908
 24
-499052.8205552672
 34
0.0000000001346139
 50
270.0
100
AcDbRotatedDimension
1001
ACAD
1000
DSTYLE
1002
{
1070
   172
1070
     1
1070
   144
1040
0.5
1002
}
  0
DIMENSION
  5
F0FE650
330
2
100
AcDbEntity
  8
DIM FOOTING
 48
2.0
100
AcDbDimension
280
     0
  2
*D4
 10
693943.1692700032
 20
-497852.8205552749
 30
0.0000000001526239
 11
693775.5260230725
 21
-496352.820555275
 31
0.0000000001526239
 70
    32
  1
<> 
 71
     5
 42
1500.0
 73
     0
 74
     0
 75
     0
  3
FOOTING FOR CF SEC
100
AcDbAlignedDimension
 13
694329.4087914154
 23
-494852.8205552747
 33
0.0000000001346139
 14
694584.9256193908
 24
-497852.8205552747
 34
0.0000017037160011
 50
270.0
100
AcDbRotatedDimension
1001
ACAD
1000
DSTYLE
1002
{
1070
   144
1040
0.5
1002
}
  0
LINE
  5
F0FE666
330
2
100
AcDbEntity
  8
RETAINING WALL
100
AcDbLine
 10
695984.9256193908
 20
-493902.8205552721
 30
0.0000000001530729
 11
695984.9256193908
 21
-497852.8205552747
 31
0.0000000001530729
  0
LINE
  5
F0FE667
330
2
100
AcDbEntity
  8
STEEL
100
AcDbLine
 10
695944.925619391
 20
-493902.8205552734
 30
0.0000000001530641
 11
695944.925619391
 21
-498544.6456488934
 31
0.0000000001530641
  0
ARC
  5
F0FE668
330
2
100
AcDbEntity
  8
STEEL
100
AcDbCircle
 10
695969.925619391
 20
-498544.6456488934
 30
0.0
 40
25.0
100
AcDbArc
 50
180.0
 51
270.0
  0
LINE
  5
F0FE669
330
2
100
AcDbEntity
  8
RETAINING WALL
100
AcDbLine
 10
695524.9256193908
 20
-493902.8205552734
 30
0.0000000001529717
 11
695524.9256193908
 21
-497852.8205552747
 31
0.0000000001529717
  0
LINE
  5
F0FE66A
330
2
100
AcDbEntity
  8
STEEL
100
AcDbLine
 10
695564.9256193907
 20
-493902.8205552734
 30
0.0000000001529805
 11
695564.925619391
 21
-498544.6456488934
 31
0.0000000001529805
  0
ARC
  5
F0FE66B
330
2
100
AcDbEntity
  8
STEEL
100
AcDbCircle
 10
695539.925619391
 20
-498544.6456488934
 30
0.0
 40
25.0
100
AcDbArc
 50
270.0
 51
0.0
  0
LINE
  5
F0FE66C
330
2
100
AcDbEntity
  8
RETAINING WALL
100
AcDbLine
 10
702044.9256193906
 20
-493902.8205552734
 30
0.0000000001543615
 11
702044.9256193906
 21
-497852.8205552747
 31
0.0000000001543615
  0
LINE
  5
F0FE66D
330
2
100
AcDbEntity
  8
HATCH
100
AcDbLine
 10
694329.4087914154
 20
-494852.8205552747
 30
0.0000000001527088
 11
695524.9256193908
 21
-494852.8205552747
 31
0.0000000001529717
  0
LINE
  5
F0FE66E
330
2
100
AcDbEntity
  8
HATCH
100
AcDbLine
 10
702044.9256193906
 20
-494852.8205552745
 30
0.0000000001543615
 11
703578.8570381701
 21
-494852.8205552747
 31
0.0000000001546988
  0
LWPOLYLINE
  5
F0FE66F
330
2
100
AcDbEntity
  8
BEAMS
100
AcDbPolyline
 90
        4
 70
     1
 43
0.0
 38
0.0000000001529717
 10
695524.9256193908
 20
-494852.8205552747
 10
695984.9256193908
 20
-494852.8205552747
 10
695984.9256193908
 20
-495612.8205552747
 10
695524.9256193908
 20
-495612.8205552747
  0
LWPOLYLINE
  5
F0FE670
330
2
100
AcDbEntity
  8
STEEL
100
AcDbPolyline
 90
        8
 70
     1
 43
0.0
 38
0.0000000001529882
 10
695599.9256193908
 20
-494902.8205552747
 10
695909.9256193908
 20
-494902.8205552747
 42
-0.414213562373095
 10
695934.9256193908
 20
-494927.8205552747
 10
695934.9256193908
 20
-495537.8205552747
 42
-0.414213562373095
 10
695909.9256193908
 20
-495562.8205552747
 10
695599.9256193908
 20
-495562.8205552747
 42
-0.414213562373095
 10
695574.9256193908
 20
-495537.8205552747
 10
695574.9256193908
 20
-494927.8205552747
 42
-0.414213562373095
  0
HATCH
  5
F0FE672
330
2
100
AcDbEntity
  8
STEEL
100
AcDbHatch
 10
0.0
 20
0.0
 30
0.000000000000022
210
-2.199054251738767E-16
220
0.0
230
1.0
  2
SOLID
 70
     1
 71
     1
 91
        1
 92
        1
 93
        1
 72
     2
 10
695899.9256193908
 20
-495527.8205552747
 40
25.0
 50
0.0
 51
360.0
 73
     1
 97
        1
330
F0FE676
 75
     1
 76
     1
 98
        1
 10
336.2887206170708
 20
-48784.7446735315
450
        0
451
        0
460
0.0
461
0.0
452
        0
462
1.0
453
        2
463
0.0
 63
     5
421
      255
463
1.0
 63
     2
421
 16776960
470
LINEAR
  0
CIRCLE
  5
F0FE676
102
{ACAD_REACTORS
330
F0FE672
102
}
330
2
100
AcDbEntity
  8
STEEL
100
AcDbCircle
 10
695899.9256193908
 20
-495527.8205552747
 30
0.0
 40
25.0
  0
HATCH
  5
F0FE678
330
2
100
AcDbEntity
  8
STEEL
100
AcDbHatch
 10
0.0
 20
0.0
 30
0.000000000000022
210
-2.199054251738767E-16
220
0.0
230
1.0
  2
SOLID
 70
     1
 71
     1
 91
        1
 92
        1
 93
        1
 72
     2
 10
695609.9256193908
 20
-495527.8205552747
 40
25.0
 50
0.0
 51
360.0
 73
     1
 97
        1
330
F0FE67C
 75
     1
 76
     1
 98
        1
 10
1391173.562518165
 20
-48784.7446735315
450
        0
451
        0
460
0.0
461
0.0
452
        0
462
1.0
453
        2
463
0.0
 63
     5
421
      255
463
1.0
 63
     2
421
 16776960
470
LINEAR
  0
CIRCLE
  5
F0FE67C
102
{ACAD_REACTORS
330
F0FE678
102
}
330
2
100
AcDbEntity
  8
STEEL
100
AcDbCircle
 10
695609.9256193908
 20
-495527.8205552747
 30
0.0
 40
25.0
  0
HATCH
  5
F0FE67E
330
2
100
AcDbEntity
  8
STEEL
100
AcDbHatch
 10
0.0
 20
0.0
 30
0.000000000000022
210
-2.199054251738767E-16
220
0.0
230
1.0
  2
SOLID
 70
     1
 71
     1
 91
        1
 92
        1
 93
        1
 72
     2
 10
695899.9256193908
 20
-494937.8205552747
 40
25.0
 50
0.0
 51
360.0
 73
     1
 97
        1
330
F0FE682
 75
     1
 76
     1
 98
        1
 10
336.2887206170708
 20
-941680.896437018
450
        0
451
        0
460
0.0
461
0.0
452
        0
462
1.0
453
        2
463
0.0
 63
     5
421
      255
463
1.0
 63
     2
421
 16776960
470
LINEAR
  0
CIRCLE
  5
F0FE682
102
{ACAD_REACTORS
330
F0FE67E
102
}
330
2
100
AcDbEntity
  8
STEEL
100
AcDbCircle
 10
695899.9256193908
 20
-494937.8205552747
 30
0.0
 40
25.0
  0
HATCH
  5
F0FE684
330
2
100
AcDbEntity
  8
STEEL
100
AcDbHatch
 10
0.0
 20
0.0
 30
0.000000000000022
210
-2.199054251738767E-16
220
0.0
230
1.0
  2
SOLID
 70
     1
 71
     1
 91
        1
 92
        1
 93
        1
 72
     2
 10
695609.9256193908
 20
-494937.8205552747
 40
25.0
 50
0.0
 51
360.0
 73
     1
 97
        1
330
F0FE688
 75
     1
 76
     1
 98
        1
 10
1391173.562518165
 20
-941680.896437018
450
        0
451
        0
460
0.0
461
0.0
452
        0
462
1.0
453
        2
463
0.0
 63
     5
421
      255
463
1.0
 63
     2
421
 16776960
470
LINEAR
  0
CIRCLE
  5
F0FE688
102
{ACAD_REACTORS
330
F0FE684
102
}
330
2
100
AcDbEntity
  8
STEEL
100
AcDbCircle
 10
695609.9256193908
 20
-494937.8205552747
 30
0.0
 40
25.0
  0
LWPOLYLINE
  5
F0FE689
330
2
100
AcDbEntity
  8
COL
100
AcDbPolyline
 90
        3
 70
     1
 43
0.0
 38
0.0000000001549523
 10
704731.58984299
 20
-507210.3109524433
 10
705086.1865610033
 20
-507210.3109524433
 10
704905.2809801251
 20
-506983.5286093612
  0
HATCH
  5
F0FE68B
330
2
100
AcDbEntity
  8
HATCH
100
AcDbHatch
 10
0.0
 20
0.0
 30
-0.000000000000022
210
-2.199054251738767E-16
220
0.0
230
1.0
  2
SOLID
 70
     1
 71
     0
 91
        1
 92
        7
 72
     0
 73
     1
 93
        3
 10
704905.2809801251
 20
-506983.528609324
 10
704731.58984299
 20
-507210.3109523912
 10
705086.1865610033
 20
-507210.3109523912
 97
        0
 75
     0
 76
     1
 47
0.0064313139612157
 98
        1
 10
704909.2285061032
 20
-507091.0771409604
  0
LWPOLYLINE
  5
F0FE695
330
2
100
AcDbEntity
  8
COL
100
AcDbPolyline
 90
        2
 70
     0
 43
0.0
 38
0.000000000154921
 10
704589.4108518511
 20
-507237.3446092267
 10
705086.1865610033
 20
-507237.3446092267
  0
TEXT
  5
F0FE696
330
2
100
AcDbEntity
  8
TXT
 62
     6
100
AcDbText
 10
704802.2076595505
 20
-506806.5740568821
 30
0.0
 40
194.0889599911586
  1
1
  7
ARIAL
100
AcDbText
  0
LWPOLYLINE
  5
F0FE697
330
2
100
AcDbEntity
  8
COL
100
AcDbPolyline
 90
        3
 70
     1
 43
0.0
 38
0.000000000152352
 10
692707.068732759
 20
-507210.3109524433
 10
692352.4720147457
 20
-507210.3109524433
 10
692533.377595624
 20
-506983.5286093612
  0
HATCH
  5
F0FE699
330
2
100
AcDbEntity
  8
HATCH
100
AcDbHatch
 10
0.0
 20
0.0
 30
0.000000000000022
210
-2.199054251738767E-16
220
0.0
230
1.0
  2
SOLID
 70
     1
 71
     0
 91
        1
 92
        7
 72
     0
 73
     1
 93
        3
 10
692352.4720147457
 20
-507210.3109523912
 10
692707.068732759
 20
-507210.3109523912
 10
692533.377595624
 20
-506983.528609324
 97
        0
 75
     0
 76
     1
 47
0.0064313139612157
 98
        1
 10
692529.4300696459
 20
-507091.0771409604
  0
LWPOLYLINE
  5
F0FE6A3
330
2
100
AcDbEntity
  8
COL
100
AcDbPolyline
 90
        2
 70
     0
 43
0.0
 38
0.0000000001523833
 10
692849.2477238979
 20
-507237.3446092267
 10
692352.4720147457
 20
-507237.3446092267
  0
TEXT
  5
F0FE6A4
330
2
100
AcDbEntity
  8
TXT
 62
     6
100
AcDbText
 10
692430.5927116601
 20
-506806.5740568821
 30
0.0
 40
194.0889599911586
  1
1
  7
ARIAL
100
AcDbText
  0
DIMENSION
  5
F0FE6A5
330
2
100
AcDbEntity
  8
DIM FOOTING
 48
2.0
100
AcDbDimension
280
     0
  2
*D5
 10
696595.4564205457
 20
-503372.1431421418
 30
0.0000000001532071
 11
696427.727907585
 21
-506472.1431421419
 31
0.0000000001532071
 70
    32
 71
     5
 42
3100.000000000029
 73
     0
 74
     0
 75
     0
  3
FOOTING FOR CF SEC
100
AcDbAlignedDimension
 13
696595.4564205441
 23
-509572.1431421416
 33
0.0000000001532071
 14
696595.4564205441
 24
-503372.1431421415
 34
0.0000000001532071
 50
90.0
100
AcDbRotatedDimension
1001
ACAD
1000
DSTYLE
1002
{
1070
   144
1040
0.5
1002
}
  0
DIMENSION
  5
F0FE6BD
330
2
100
AcDbEntity
  8
DIM FOOTING
 48
2.0
100
AcDbDimension
280
     0
  2
*D6
 10
701584.9256193906
 20
-504218.7348927447
 30
0.0000000001542603
 11
698784.9256193906
 21
-504051.0916458143
 31
0.0000000001542603
 70
    32
 71
     5
 42
2799.999999999942
 73
     0
 74
     0
 75
     0
  3
FOOTING FOR CF SEC
100
AcDbAlignedDimension
 13
695984.9256193907
 23
-504218.7348927447
 33
0.0000000001542603
 14
701584.9256193906
 24
-504218.7348927447
 34
0.0000000001542603
100
AcDbRotatedDimension
1001
ACAD
1000
DSTYLE
1002
{
1070
   144
1040
0.5
1002
}
  0
DIMENSION
  5
F0FE6D5
330
2
100
AcDbEntity
  8
DIM FOOTING
 48
2.0
100
AcDbDimension
280
     0
  2
*D7
 10
703884.9256662177
 20
-501972.1431421417
 30
0.0000000001547661
 11
703717.282419287
 21
-506472.1431421419
 31
0.0000000001547661
 70
    32
 71
     5
 42
4500.000000000058
 73
     0
 74
     0
 75
     0
  3
FOOTING FOR CF SEC
100
AcDbAlignedDimension
 13
702984.9256662074
 23
-510972.1431421416
 33
0.0000000001547661
 14
702984.9256662074
 24
-501972.1431421415
 34
0.0000000001547661
 50
270.0
100
AcDbRotatedDimension
1001
ACAD
1000
DSTYLE
1002
{
1070
   144
1040
0.5
1002
}
  0
DIMENSION
  5
F0FE6EB
330
2
100
AcDbEntity
  8
DIM FOOTING
 48
2.0
100
AcDbDimension
280
     0
  2
*D8
 10
702984.9256193906
 20
-511872.1431421416
 30
0.0000000001545682
 11
698784.9256193907
 21
-511704.4998952111
 31
0.0000000001545682
 70
    32
 71
     5
 42
4199.999999999884
 73
     0
 74
     0
 75
     0
  3
FOOTING FOR CF SEC
100
AcDbAlignedDimension
 13
694584.9256193908
 23
-510972.1430604575
 33
0.0000000001545682
 14
702984.9256193906
 24
-510972.1430604562
 34
0.0000000001545682
100
AcDbRotatedDimension
1001
ACAD
1000
DSTYLE
1002
{
1070
   144
1040
0.5
1002
}
  0
DIMENSION
  5
F0FE701
330
2
100
AcDbEntity
  8
DIM FOOTING
 48
2.0
100
AcDbDimension
280
     0
  2
*D9
 10
693984.9256662182
 20
-501972.1431421417
 30
0.000000000152633
 11
693817.2824192875
 21
-502557.1431421422
 31
0.000000000152633
 70
    32
 71
     5
 42
585.0000000004075
 73
     0
 74
     0
 75
     0
  3
FOOTING FOR CF SEC
100
AcDbAlignedDimension
 13
694584.9256662077
 23
-503142.1431421423
 33
0.000000000152633
 14
694584.9256662077
 24
-501972.1431421415
 34
0.000000000152633
 50
90.0
100
AcDbRotatedDimension
1001
ACAD
1000
DSTYLE
1002
{
1070
   144
1040
0.5
1002
}
  0
DIMENSION
  5
F0FE717
330
2
100
AcDbEntity
  8
DIM FOOTING
 48
2.0
100
AcDbDimension
280
     0
  2
*D10
 10
693984.9256662182
 20
-510972.1431421418
 30
0.000000000152633
 11
693817.2824192875
 21
-510387.1431421419
 31
0.000000000152633
 70
    32
 71
     5
 42
585.0
 73
     0
 74
     0
 75
     0
  3
FOOTING FOR CF SEC
100
AcDbAlignedDimension
 13
694584.9256662077
 23
-509802.1431421416
 33
0.000000000152633
 14
694584.9256662077
 24
-510972.1431421416
 34
0.000000000152633
 50
270.0
100
AcDbRotatedDimension
1001
ACAD
1000
DSTYLE
1002
{
1070
   144
1040
0.5
1002
}
  0
DIMENSION
  5
F0FE72D
330
2
100
AcDbEntity
  8
DIM FOOTING
 48
2.0
100
AcDbDimension
280
     0
  2
*D11
 10
693984.9256662168
 20
-509802.1431421418
 30
0.000000000152633
 11
693817.197153256
 21
-506472.1431421418
 31
0.000000000152633
 70
    32
 71
     5
 42
3330.000000000117
 73
     0
 74
     0
 75
     0
  3
FOOTING FOR CF SEC
100
AcDbAlignedDimension
 13
694584.9256662077
 23
-503142.1431421413
 33
0.000000000152633
 14
694584.9256662079
 24
-509802.1431421416
 34
0.000000000152633
 50
270.0
100
AcDbRotatedDimension
1001
ACAD
1000
DSTYLE
1002
{
1070
   144
1040
0.5
1002
}
  0
DIMENSION
  5
F0FE743
330
2
100
AcDbEntity
  8
DIM FOOTING
 48
2.0
100
AcDbDimension
280
     0
  2
*D12
 10
701814.9256193903
 20
-501372.1431421429
 30
0.0000000001543109
 11
702399.9256193904
 21
-501204.4998952124
 31
0.0000000001543109
 70
    32
 71
     5
 42
585.0000000001164
 73
     0
 74
     0
 75
     0
  3
FOOTING FOR CF SEC
100
AcDbAlignedDimension
 13
702984.9256193906
 23
-501972.1431421413
 33
0.0000000001543109
 14
701814.9256193903
 24
-501972.1431421415
 34
0.0000000001543109
 50
180.0
100
AcDbRotatedDimension
1001
ACAD
1000
DSTYLE
1002
{
1070
   144
1040
0.5
1002
}
  0
DIMENSION
  5
F0FE759
330
2
100
AcDbEntity
  8
DIM FOOTING
 48
2.0
100
AcDbDimension
280
     0
  2
*D13
 10
701814.9256193906
 20
-501372.1431421429
 30
0.0000000001543109
 11
698784.9256260323
 21
-501204.4146291824
 31
0.0000000001543109
 70
    32
 71
     5
 42
3029.999993358273
 73
     0
 74
     0
 75
     0
  3
FOOTING FOR CF SEC
100
AcDbAlignedDimension
 13
695754.925632674
 23
-501972.1431421413
 33
0.0000000001543109
 14
701814.9256193906
 24
-501972.1431421418
 34
0.0000000001543109
100
AcDbRotatedDimension
1001
ACAD
1000
DSTYLE
1002
{
1070
   144
1040
0.5
1002
}
  0
DIMENSION
  5
F0FE76F
330
2
100
AcDbEntity
  8
DIM FOOTING
 48
2.0
100
AcDbDimension
280
     0
  2
*D14
 10
695754.925632674
 20
-501372.1431421424
 30
0.0000000001530223
 11
695169.9256260324
 21
-501204.4998952119
 31
0.0000000001530223
 70
    32
 71
     5
 42
585.0000066416105
 73
     0
 74
     0
 75
     0
  3
FOOTING FOR CF SEC
100
AcDbAlignedDimension
 13
694584.9256193908
 23
-501972.1431421415
 33
0.0000000001530223
 14
695754.925632674
 24
-501972.1431421415
 34
0.0000000001530223
100
AcDbRotatedDimension
1001
ACAD
1000
DSTYLE
1002
{
1070
   144
1040
0.5
1002
}
  0
LWPOLYLINE
  5
F0FE785
330
2
100
AcDbEntity
  8
HATCH
  6
HIDDEN
 48
1000.0
100
AcDbPolyline
 90
        4
 70
     1
 43
0.0
 38
0.000000000152699
 10
694284.9256193908
 20
-501672.1431421415
 10
703284.9256193906
 20
-501672.1431421415
 10
703284.9256193906
 20
-511272.1431421416
 10
694284.9256193908
 20
-511272.1431421416
  0
LWPOLYLINE
  5
F0FE786
330
2
100
AcDbEntity
  8
comb foot
100
AcDbPolyline
 90
        4
 70
     1
 43
0.0
 38
0.000000000152765
 10
694584.9256193908
 20
-501972.1431421415
 10
702984.9256193906
 20
-501972.1431421415
 10
702984.9256193906
 20
-510972.1431421416
 10
694584.9256193908
 20
-510972.1431421416
  0
MTEXT
  5
F0FE787
102
{ACAD_XDICTIONARY
360
F0FEC95
102
}
330
2
100
AcDbEntity
  8
TEXT
 48
10.0
100
AcDbMText
 10
697708.3282458112
 20
-505854.4799696333
 30
0.0000000001533326
 40
300.0
 41
2057.160982264666
 46
0.0
 71
     1
 72
     5
  1
\pxqc;LIFT \P2800x3100
  7
ARIAL
 73
     1
 44
1.0
  0
HATCH
  5
F0FE78A
330
2
100
AcDbEntity
  8
RETAINING WALL
100
AcDbHatch
 10
0.0
 20
0.0
 30
0.0
210
-2.199054251738767E-16
220
0.0
230
1.0
  2
AR-CONC
 70
     0
 71
     1
 91
        2
 92
        7
 72
     0
 73
     1
 93
        4
 10
695524.9256193908
 20
-502912.1431421415
 10
695524.9256193908
 20
-510032.1431421416
 10
702044.9256193906
 20
-510032.1431421416
 10
702044.9256193906
 20
-502912.1431421415
 97
        4
330
F0FE7A1
330
F0FE7A2
330
F0FE7A3
330
F0FE7A4
 92
       22
 72
     0
 73
     1
 93
        4
 10
701584.9256193906
 20
-503372.1431421415
 10
701584.9256193906
 20
-509572.1431421416
 10
695984.9256193908
 20
-509572.1431421416
 10
695984.9256193908
 20
-503372.1431421415
 97
        4
330
F0FE7A6
330
F0FE7A7
330
F0FE7A8
330
F0FE7A9
 75
     1
 76
     1
 52
0.0
 41
2.0
 77
     0
 78
    13
 53
49.99999999999999
 43
0.0
 44
0.0
 45
364.369337992008
 46
-31.87817107780617
 79
     2
 49
38.1
 49
-419.1
 53
355.0
 43
0.0
 44
0.0
 45
-70.48684284993868
 46
382.1136904780703
 79
     2
 49
30.48
 49
-335.28116834
 53
100.4514447
 43
30.364014
 44
-2.656507
 45
293.8824941807065
 46
350.2355038243902
 79
     2
 49
32.3800176
 49
-356.1804892
 53
46.1842
 43
0.0
 44
101.6
 45
542.1580817842598
 46
-84.0846558654543
 79
     2
 49
57.15
 49
-628.65
 53
96.63555760999998
 43
45.1798
 44
94.593
 45
474.808268103006
 46
494.8522491954431
 79
     2
 49
48.57004628
 49
-534.27121632
 53
351.1841511700001
 43
0.0
 44
101.6
 45
474.8082681299541
 46
494.8522491710653
 79
     2
 49
45.71993414
 49
-502.91946384
 53
21.0
 43
50.8
 44
76.2
 45
303.228782538265
 46
-204.5303963741752
 79
     2
 49
38.1
 49
-419.1
 53
326.0000000000001
 43
50.8
 44
76.2
 45
123.6040566952941
 46
368.3759322446385
 79
     2
 49
30.48
 49
-335.28
 53
71.45144499999999
 43
76.0690652
 44
59.15580019999999
 45
426.8328385574323
 46
163.8455377718105
 79
     2
 49
32.3800176
 49
-356.1798752
 53
37.5
 43
0.0
 44
0.0
 45
6.177206501183633
 46
169.1100777463062
 79
     6
 49
0.0
 49
-331.216
 49
0.0
 49
-340.36
 49
0.0
 49
-336.55
 53
7.5
 43
0.0
 44
0.0
 45
133.6393250206115
 46
200.361149636239
 79
     6
 49
0.0
 49
-194.056
 49
0.0
 49
-323.596
 49
0.0
 49
-128.27
 53
327.5
 43
-113.284
 44
0.0
 45
271.1811903337428
 46
-11.45748798534689
 79
     6
 49
0.0
 49
-127.0
 49
0.0
 49
-396.24
 49
0.0
 49
-525.78
 53
317.5
 43
-164.084
 44
0.0
 45
296.2583627720361
 46
50.85298206666606
 79
     6
 49
0.0
 49
-165.1
 49
0.0
 49
-263.144
 49
0.0
 49
-373.38
 47
26.79011960834962
 98
        2
 10
696962.6190614961
 20
-503042.0036121242
 10
696962.6190614961
 20
-503042.0036121242
1001
ACAD
1010
0.0
1020
0.0
1030
0.0
  0
LINE
  5
F0FE7A1
102
{ACAD_REACTORS
330
F0FE78A
102
}
330
2
100
AcDbEntity
  8
RETAINING WALL
100
AcDbLine
 10
702044.9256193906
 20
-502912.1431421415
 30
0.0000000001543615
 11
695524.9256193908
 21
-502912.1431421415
 31
0.0000000001529717
  0
LINE
  5
F0FE7A2
102
{ACAD_REACTORS
330
F0FE78A
102
}
330
2
100
AcDbEntity
  8
RETAINING WALL
100
AcDbLine
 10
695524.9256193908
 20
-510032.1431421416
 30
0.0000000001529717
 11
695524.9256193908
 21
-502912.1431421415
 31
0.0000000001529717
  0
LINE
  5
F0FE7A3
102
{ACAD_REACTORS
330
F0FE78A
102
}
330
2
100
AcDbEntity
  8
RETAINING WALL
100
AcDbLine
 10
702044.9256193906
 20
-510032.1431421416
 30
0.0000000001543615
 11
695524.9256193908
 21
-510032.1431421416
 31
0.0000000001529717
  0
LINE
  5
F0FE7A4
102
{ACAD_REACTORS
330
F0FE78A
102
}
330
2
100
AcDbEntity
  8
RETAINING WALL
100
AcDbLine
 10
702044.9256193906
 20
-510032.1431421416
 30
0.0000000001543615
 11
702044.9256193906
 21
-502912.1431421415
 31
0.0000000001543615
  0
LINE
  5
F0FE7A6
102
{ACAD_REACTORS
330
F0FE78A
102
}
330
2
100
AcDbEntity
  8
RETAINING WALL
100
AcDbLine
 10
701584.9256193906
 20
-509572.1431421416
 30
0.0000000001542603
 11
701584.9256193906
 21
-503372.1431421415
 31
0.0000000001542603
  0
LINE
  5
F0FE7A7
102
{ACAD_REACTORS
330
F0FE78A
102
}
330
2
100
AcDbEntity
  8
RETAINING WALL
100
AcDbLine
 10
701584.9256193906
 20
-509572.1431421416
 30
0.0000000001542603
 11
695984.9256193908
 21
-509572.1431421416
 31
0.0000000001530729
  0
LINE
  5
F0FE7A8
102
{ACAD_REACTORS
330
F0FE78A
102
}
330
2
100
AcDbEntity
  8
RETAINING WALL
100
AcDbLine
 10
695984.9256193908
 20
-509572.1431421416
 30
0.0000000001530729
 11
695984.9256193908
 21
-503372.1431421415
 31
0.0000000001530729
  0
LINE
  5
F0FE7A9
102
{ACAD_REACTORS
330
F0FE78A
102
}
330
2
100
AcDbEntity
  8
RETAINING WALL
100
AcDbLine
 10
701584.9256193906
 20
-503372.1431421415
 30
0.0000000001542603
 11
695984.9256193908
 21
-503372.1431421415
 31
0.0000000001530729
  0
LINE
  5
F0FE7AB
330
2
100
AcDbEntity
  8
CENTER LINE
 48
500.0
100
AcDbLine
 10
701814.9256193906
 20
-512472.1431421416
 30
0.0000000001543109
 11
701814.9256193906
 21
-500472.1431421415
 31
0.0000000001543109
  0
LINE
  5
F0FE7AC
330
2
100
AcDbEntity
  8
CENTER LINE
 48
500.0
100
AcDbLine
 10
695754.9256193908
 20
-512472.1431421416
 30
0.0000000001530223
 11
695754.9256193908
 21
-500472.1431421415
 31
0.0000000001530223
  0
LINE
  5
F0FE7AD
330
2
100
AcDbEntity
  8
CENTER LINE
 48
500.0
100
AcDbLine
 10
704484.9256193906
 20
-503142.1431421415
 30
0.0000000001548981
 11
693084.9256193908
 21
-503142.1431421415
 31
0.0000000001524351
  0
LINE
  5
F0FE7AE
330
2
100
AcDbEntity
  8
CENTER LINE
 48
500.0
100
AcDbLine
 10
704484.9256193906
 20
-509802.1431421416
 30
0.0000000001548981
 11
693084.9256193908
 21
-509802.1431421416
 31
0.0000000001524351
  0
LWPOLYLINE
  5
F0FE7AF
330
2
100
AcDbEntity
  8
BEAMS
100
AcDbPolyline
 90
        4
 70
     1
 43
0.0
 38
0.0000000001542603
 10
701584.9256193906
 20
-494852.8205552747
 10
702044.9256193906
 20
-494852.8205552747
 10
702044.9256193906
 20
-495612.8205552747
 10
701584.9256193906
 20
-495612.8205552747
  0
HATCH
  5
F0FE8CA
330
2
100
AcDbEntity
  8
STEEL
100
AcDbHatch
 10
0.0
 20
0.0
 30
-0.000000000000022
210
-2.199054251738767E-16
220
0.0
230
1.0
  2
SOLID
 70
     1
 71
     1
 91
        1
 92
        1
 93
        1
 72
     2
 10
701969.9256193906
 20
-494574.815189395
 40
25.0
 50
0.0
 51
360.0
 73
     1
 97
        1
330
F0FE8CB
 75
     1
 76
     1
 98
        1
 10
6406.288720616838
 20
-47831.73930765182
450
        0
451
        0
460
0.0
461
0.0
452
        0
462
1.0
453
        2
463
0.0
 63
     5
421
      255
463
1.0
 63
     2
421
 16776960
470
LINEAR
  0
CIRCLE
  5
F0FE8CB
102
{ACAD_REACTORS
330
F0FE8CA
102
}
330
2
100
AcDbEntity
  8
STEEL
100
AcDbCircle
 10
701969.9256193906
 20
-494574.815189395
 30
0.0
 40
25.0
  0
HATCH
  5
F0FE8CC
330
2
100
AcDbEntity
  8
STEEL
100
AcDbHatch
 10
0.0
 20
0.0
 30
-0.000000000000022
210
-2.199054251738767E-16
220
0.0
230
1.0
  2
SOLID
 70
     1
 71
     1
 91
        1
 92
        1
 93
        1
 72
     2
 10
701969.9256193906
 20
-494274.815189395
 40
25.0
 50
0.0
 51
360.0
 73
     1
 97
        1
330
F0FE8CD
 75
     1
 76
     1
 98
        1
 10
6406.288720616838
 20
-47531.73930765182
450
        0
451
        0
460
0.0
461
0.0
452
        0
462
1.0
453
        2
463
0.0
 63
     5
421
      255
463
1.0
 63
     2
421
 16776960
470
LINEAR
  0
CIRCLE
  5
F0FE8CD
102
{ACAD_REACTORS
330
F0FE8CC
102
}
330
2
100
AcDbEntity
  8
STEEL
100
AcDbCircle
 10
701969.9256193906
 20
-494274.815189395
 30
0.0
 40
25.0
  0
HATCH
  5
F0FE8D4
330
2
100
AcDbEntity
  8
STEEL
100
AcDbHatch
 10
0.0
 20
0.0
 30
-0.000000000000022
210
-2.199054251738767E-16
220
0.0
230
1.0
  2
SOLID
 70
     1
 71
     1
 91
        1
 92
        1
 93
        1
 72
     2
 10
701659.9256193906
 20
-494724.815189395
 40
25.0
 50
0.0
 51
360.0
 73
     1
 97
        1
330
F0FE8D5
 75
     1
 76
     1
 98
        1
 10
1397223.562518164
 20
-47981.73930765182
450
        0
451
        0
460
0.0
461
0.0
452
        0
462
1.0
453
        2
463
0.0
 63
     5
421
      255
463
1.0
 63
     2
421
 16776960
470
LINEAR
  0
CIRCLE
  5
F0FE8D5
102
{ACAD_REACTORS
330
F0FE8D4
102
}
330
2
100
AcDbEntity
  8
STEEL
100
AcDbCircle
 10
701659.9256193906
 20
-494724.815189395
 30
0.0
 40
25.0
  0
HATCH
  5
F0FE8D6
330
2
100
AcDbEntity
  8
STEEL
100
AcDbHatch
 10
0.0
 20
0.0
 30
-0.000000000000022
210
-2.199054251738767E-16
220
0.0
230
1.0
  2
SOLID
 70
     1
 71
     1
 91
        1
 92
        1
 93
        1
 72
     2
 10
701659.9256193906
 20
-494424.815189395
 40
25.0
 50
0.0
 51
360.0
 73
     1
 97
        1
330
F0FE8D7
 75
     1
 76
     1
 98
        1
 10
1397223.562518164
 20
-47681.73930765182
450
        0
451
        0
460
0.0
461
0.0
452
        0
462
1.0
453
        2
463
0.0
 63
     5
421
      255
463
1.0
 63
     2
421
 16776960
470
LINEAR
  0
CIRCLE
  5
F0FE8D7
102
{ACAD_REACTORS
330
F0FE8D6
102
}
330
2
100
AcDbEntity
  8
STEEL
100
AcDbCircle
 10
701659.9256193906
 20
-494424.815189395
 30
0.0
 40
25.0
  0
HATCH
  5
F0FE8DE
330
2
100
AcDbEntity
  8
STEEL
100
AcDbHatch
 10
0.0
 20
0.0
 30
0.000000000000022
210
-2.199054251738767E-16
220
0.0
230
1.0
  2
SOLID
 70
     1
 71
     1
 91
        1
 92
        1
 93
        1
 72
     2
 10
695909.9256193908
 20
-494574.8151893949
 40
25.0
 50
0.0
 51
360.0
 73
     1
 97
        1
330
F0FE8DF
 75
     1
 76
     1
 98
        1
 10
346.2887206170708
 20
-47831.73930765176
450
        0
451
        0
460
0.0
461
0.0
452
        0
462
1.0
453
        2
463
0.0
 63
     5
421
      255
463
1.0
 63
     2
421
 16776960
470
LINEAR
  0
CIRCLE
  5
F0FE8DF
102
{ACAD_REACTORS
330
F0FE8DE
102
}
330
2
100
AcDbEntity
  8
STEEL
100
AcDbCircle
 10
695909.9256193908
 20
-494574.8151893949
 30
0.0
 40
25.0
  0
HATCH
  5
F0FE8E0
330
2
100
AcDbEntity
  8
STEEL
100
AcDbHatch
 10
0.0
 20
0.0
 30
0.000000000000022
210
-2.199054251738767E-16
220
0.0
230
1.0
  2
SOLID
 70
     1
 71
     1
 91
        1
 92
        1
 93
        1
 72
     2
 10
695909.9256193908
 20
-494274.8151893949
 40
25.0
 50
0.0
 51
360.0
 73
     1
 97
        1
330
F0FE8E1
 75
     1
 76
     1
 98
        1
 10
346.2887206170708
 20
-47531.73930765176
450
        0
451
        0
460
0.0
461
0.0
452
        0
462
1.0
453
        2
463
0.0
 63
     5
421
      255
463
1.0
 63
     2
421
 16776960
470
LINEAR
  0
CIRCLE
  5
F0FE8E1
102
{ACAD_REACTORS
330
F0FE8E0
102
}
330
2
100
AcDbEntity
  8
STEEL
100
AcDbCircle
 10
695909.9256193908
 20
-494274.8151893949
 30
0.0
 40
25.0
  0
HATCH
  5
F0FE8E8
330
2
100
AcDbEntity
  8
STEEL
100
AcDbHatch
 10
0.0
 20
0.0
 30
0.000000000000022
210
-2.199054251738767E-16
220
0.0
230
1.0
  2
SOLID
 70
     1
 71
     1
 91
        1
 92
        1
 93
        1
 72
     2
 10
695599.9256193908
 20
-494724.8151893949
 40
25.0
 50
0.0
 51
360.0
 73
     1
 97
        1
330
F0FE8E9
 75
     1
 76
     1
 98
        1
 10
1391163.562518165
 20
-47981.73930765176
450
        0
451
        0
460
0.0
461
0.0
452
        0
462
1.0
453
        2
463
0.0
 63
     5
421
      255
463
1.0
 63
     2
421
 16776960
470
LINEAR
  0
CIRCLE
  5
F0FE8E9
102
{ACAD_REACTORS
330
F0FE8E8
102
}
330
2
100
AcDbEntity
  8
STEEL
100
AcDbCircle
 10
695599.9256193908
 20
-494724.8151893949
 30
0.0
 40
25.0
  0
HATCH
  5
F0FE8EA
330
2
100
AcDbEntity
  8
STEEL
100
AcDbHatch
 10
0.0
 20
0.0
 30
0.000000000000022
210
-2.199054251738767E-16
220
0.0
230
1.0
  2
SOLID
 70
     1
 71
     1
 91
        1
 92
        1
 93
        1
 72
     2
 10
695599.9256193908
 20
-494424.8151893949
 40
25.0
 50
0.0
 51
360.0
 73
     1
 97
        1
330
F0FE8EB
 75
     1
 76
     1
 98
        1
 10
1391163.562518165
 20
-47681.73930765176
450
        0
451
        0
460
0.0
461
0.0
452
        0
462
1.0
453
        2
463
0.0
 63
     5
421
      255
463
1.0
 63
     2
421
 16776960
470
LINEAR
  0
CIRCLE
  5
F0FE8EB
102
{ACAD_REACTORS
330
F0FE8EA
102
}
330
2
100
AcDbEntity
  8
STEEL
100
AcDbCircle
 10
695599.9256193908
 20
-494424.8151893949
 30
0.0
 40
25.0
  0
HATCH
  5
F0FE8EC
330
2
100
AcDbEntity
  8
STEEL
100
AcDbHatch
 10
0.0
 20
0.0
 30
-0.000000000000022
210
-2.199054251738767E-16
220
0.0
230
1.0
  2
SOLID
 70
     1
 71
     1
 91
        1
 92
        1
 93
        1
 72
     2
 10
701969.9256193906
 20
-493974.815189395
 40
25.0
 50
0.0
 51
360.0
 73
     1
 97
        1
330
F0FE8ED
 75
     1
 76
     1
 98
        1
 10
6406.288720616838
 20
-47231.73930765182
450
        0
451
        0
460
0.0
461
0.0
452
        0
462
1.0
453
        2
463
0.0
 63
     5
421
      255
463
1.0
 63
     2
421
 16776960
470
LINEAR
  0
CIRCLE
  5
F0FE8ED
102
{ACAD_REACTORS
330
F0FE8EC
102
}
330
2
100
AcDbEntity
  8
STEEL
100
AcDbCircle
 10
701969.9256193906
 20
-493974.815189395
 30
0.0
 40
25.0
  0
HATCH
  5
F0FE8EE
330
2
100
AcDbEntity
  8
STEEL
100
AcDbHatch
 10
0.0
 20
0.0
 30
-0.000000000000022
210
-2.199054251738767E-16
220
0.0
230
1.0
  2
SOLID
 70
     1
 71
     1
 91
        1
 92
        1
 93
        1
 72
     2
 10
701659.9256193906
 20
-494124.815189395
 40
25.0
 50
0.0
 51
360.0
 73
     1
 97
        1
330
F0FE8EF
 75
     1
 76
     1
 98
        1
 10
1397223.562518164
 20
-47381.73930765182
450
        0
451
        0
460
0.0
461
0.0
452
        0
462
1.0
453
        2
463
0.0
 63
     5
421
      255
463
1.0
 63
     2
421
 16776960
470
LINEAR
  0
CIRCLE
  5
F0FE8EF
102
{ACAD_REACTORS
330
F0FE8EE
102
}
330
2
100
AcDbEntity
  8
STEEL
100
AcDbCircle
 10
701659.9256193906
 20
-494124.815189395
 30
0.0
 40
25.0
  0
HATCH
  5
F0FE8F0
330
2
100
AcDbEntity
  8
STEEL
100
AcDbHatch
 10
0.0
 20
0.0
 30
0.000000000000022
210
-2.199054251738767E-16
220
0.0
230
1.0
  2
SOLID
 70
     1
 71
     1
 91
        1
 92
        1
 93
        1
 72
     2
 10
695909.9256193908
 20
-493974.8151893949
 40
25.0
 50
0.0
 51
360.0
 73
     1
 97
        1
330
F0FE8F1
 75
     1
 76
     1
 98
        1
 10
346.2887206170708
 20
-47231.73930765176
450
        0
451
        0
460
0.0
461
0.0
452
        0
462
1.0
453
        2
463
0.0
 63
     5
421
      255
463
1.0
 63
     2
421
 16776960
470
LINEAR
  0
CIRCLE
  5
F0FE8F1
102
{ACAD_REACTORS
330
F0FE8F0
102
}
330
2
100
AcDbEntity
  8
STEEL
100
AcDbCircle
 10
695909.9256193908
 20
-493974.8151893949
 30
0.0
 40
25.0
  0
HATCH
  5
F0FE8F2
330
2
100
AcDbEntity
  8
STEEL
100
AcDbHatch
 10
0.0
 20
0.0
 30
0.000000000000022
210
-2.199054251738767E-16
220
0.0
230
1.0
  2
SOLID
 70
     1
 71
     1
 91
        1
 92
        1
 93
        1
 72
     2
 10
695599.9256193908
 20
-494124.8151893949
 40
25.0
 50
0.0
 51
360.0
 73
     1
 97
        1
330
F0FE8F3
 75
     1
 76
     1
 98
        1
 10
1391163.562518165
 20
-47381.73930765176
450
        0
451
        0
460
0.0
461
0.0
452
        0
462
1.0
453
        2
463
0.0
 63
     5
421
      255
463
1.0
 63
     2
421
 16776960
470
LINEAR
  0
CIRCLE
  5
F0FE8F3
102
{ACAD_REACTORS
330
F0FE8F2
102
}
330
2
100
AcDbEntity
  8
STEEL
100
AcDbCircle
 10
695599.9256193908
 20
-494124.8151893949
 30
0.0
 40
25.0
  0
LWPOLYLINE
  5
F0FE9DC
330
2
100
AcDbEntity
  8
STEEL
100
AcDbPolyline
 90
        6
 70
     0
 43
0.0
 38
0.0000000001535948
 10
699731.0252465564
 20
-498587.2792510799
 10
699980.5967409569
 20
-498587.2792510799
 10
699980.5967409569
 20
-498105.209939615
 10
700387.8479815084
 20
-498105.209939615
 10
700387.8479815084
 20
-498587.2792510799
 10
700637.4194759089
 20
-498587.2792510799
  0
LEADER
  5
F0FE9DD
330
2
100
AcDbEntity
  8
DIM
 48
10.0
100
AcDbLeader
  3
FOOTING
 76
     3
 10
700155.5419797581
 20
-498105.209939615
 30
0.0000000001535015
 10
700155.5419797581
 20
-497439.82017632
 30
0.0000000001535015
 10
699334.5319313463
 20
-497439.82017632
 30
0.0000000001535015
1001
ACAD
1000
DSTYLE
1002
{
1070
    41
1040
125.0
1070
    77
1070
     0
1070
   147
1040
0.05
1002
}
  0
LEADER
  5
F0FE9DE
330
2
100
AcDbEntity
  8
DIM
 48
10.0
100
AcDbLeader
  3
FOOTING
 76
     3
 10
697414.3092590233
 20
-498105.209939615
 30
0.0000000001535015
 10
697414.3092590233
 20
-497439.82017632
 30
0.0000000001535015
 10
698235.3193074351
 20
-497439.82017632
 30
0.0000000001535015
211
-1.0
221
0.0
231
0.0
1001
ACAD
1000
DSTYLE
1002
{
1070
    41
1040
125.0
1070
    77
1070
     0
1070
   147
1040
0.05
1002
}
  0
MTEXT
  5
F0FEAD3
102
{ACAD_XDICTIONARY
360
F0FEAD4
102
}
330
2
100
AcDbEntity
  8
TXT
100
AcDbMText
 10
695579.07031264
 20
-513123.8259123228
 30
0.0000000001545682
 40
350.0
 41
6309.707366984993
 46
0.0
 71
     4
 72
     1
  1
\pxqc;{\LPLAN\PLIFT PIT}
  7
ARIAL
 73
     1
 44
1.0
  0
DIMENSION
  5
F0FECF2
330
2
100
AcDbEntity
  8
DIM FOOTING
 48
2.0
100
AcDbDimension
280
     0
  2
*D15
 10
709671.2176502512
 20
-503372.1431421418
 30
0.0000000001532071
 11
709503.4891372905
 21
-506472.1431421419
 31
0.0000000001532071
 70
    32
 71
     5
 42
3100.000000000029
 73
     0
 74
     0
 75
     0
  3
FOOTING FOR CF SEC
100
AcDbAlignedDimension
 13
709671.2176502487
 23
-509572.1431421416
 33
0.0000000001532071
 14
709671.2176502487
 24
-503372.1431421415
 34
0.0000000001532071
 50
90.0
100
AcDbRotatedDimension
1001
ACAD
1000
DSTYLE
1002
{
1070
   144
1040
0.5
1002
}
  0
DIMENSION
  5
F0FECF3
330
2
100
AcDbEntity
  8
DIM FOOTING
 48
2.0
100
AcDbDimension
280
     0
  2
*D16
 10
714660.6868490952
 20
-504218.7348927447
 30
0.0000000001542603
 11
711860.6868490952
 21
-504051.0916458143
 31
0.0000000001542603
 70
    32
 71
     5
 42
2799.999999999942
 73
     0
 74
     0
 75
     0
  3
FOOTING FOR CF SEC
100
AcDbAlignedDimension
 13
709060.6868490953
 23
-504218.7348927447
 33
0.0000000001542603
 14
714660.6868490952
 24
-504218.7348927447
 34
0.0000000001542603
100
AcDbRotatedDimension
1001
ACAD
1000
DSTYLE
1002
{
1070
   144
1040
0.5
1002
}
  0
LINE
  5
F0FED02
330
2
100
AcDbEntity
  8
BEAMS
100
AcDbLine
 10
708600.6868490954
 20
-510032.1431421416
 30
0.0000000001529717
 11
708600.6868490954
 21
-502912.1431421415
 31
0.0000000001529717
  0
LINE
  5
F0FED04
330
2
100
AcDbEntity
  8
BEAMS
100
AcDbLine
 10
715120.6868490952
 20
-510032.1431421416
 30
0.0000000001543615
 11
715120.6868490952
 21
-502912.1431421415
 31
0.0000000001543615
  0
LINE
  5
F0FED05
330
2
100
AcDbEntity
  8
BEAMS
100
AcDbLine
 10
714660.6868490952
 20
-509572.1431421416
 30
0.0000000001542603
 11
714660.6868490952
 21
-503372.1431421415
 31
0.0000000001542603
  0
LINE
  5
F0FED06
330
2
100
AcDbEntity
  8
BEAMS
100
AcDbLine
 10
714660.6868490952
 20
-509572.1431421416
 30
0.0000000001542603
 11
709060.6868490954
 21
-509572.1431421416
 31
0.0000000001530729
  0
LINE
  5
F0FED07
330
2
100
AcDbEntity
  8
BEAMS
100
AcDbLine
 10
709060.6868490954
 20
-509572.1431421416
 30
0.0000000001530729
 11
709060.6868490955
 21
-503372.1431421415
 31
0.0000000001530729
  0
LINE
  5
F0FED08
330
2
100
AcDbEntity
  8
BEAMS
100
AcDbLine
 10
714660.6868490952
 20
-503372.1431421415
 30
0.0000000001542603
 11
709060.6868490955
 21
-503372.1431421415
 31
0.0000000001530729
  0
LINE
  5
F0FED09
330
2
100
AcDbEntity
  8
CENTER LINE
 48
500.0
100
AcDbLine
 10
714890.6868490952
 20
-511722.1431421416
 30
0.0000000001543109
 11
714890.6868490952
 21
-501222.1431421415
 31
0.0000000001543109
  0
LINE
  5
F0FED0A
330
2
100
AcDbEntity
  8
CENTER LINE
 48
500.0
100
AcDbLine
 10
708830.6868490954
 20
-511722.1431421416
 30
0.0000000001530223
 11
708830.6868490954
 21
-501222.1431421415
 31
0.0000000001530223
  0
LINE
  5
F0FED0B
330
2
100
AcDbEntity
  8
CENTER LINE
 48
500.0
100
AcDbLine
 10
716810.6868490952
 20
-503142.1431421415
 30
0.0000000001548981
 11
706910.6868490954
 21
-503142.1431421415
 31
0.0000000001524351
  0
LINE
  5
F0FED0C
330
2
100
AcDbEntity
  8
CENTER LINE
 48
500.0
100
AcDbLine
 10
716810.6868490952
 20
-509802.1431421416
 30
0.0000000001548981
 11
706910.6868490954
 21
-509802.1431421416
 31
0.0000000001524351
  0
MTEXT
  5
F0FED0D
102
{ACAD_XDICTIONARY
360
F0FED0E
102
}
330
2
100
AcDbEntity
  8
TXT
100
AcDbMText
 10
708654.8315423446
 20
-512373.8259123228
 30
0.0000000001545682
 40
350.0
 41
6309.707366984993
 46
0.0
 71
     4
 72
     1
  1
\pxqc;{\LPLINTH BEAM LAYOUT}
  7
ARIAL
 73
     1
 44
1.0
  0
DIMENSION
  5
F0FEDE1
330
2
100
AcDbEntity
  8
DIM FOOTING
 48
2.0
100
AcDbDimension
280
     0
  2
*D17
 10
707741.3033210167
 20
-503142.1431421416
 30
0.0
 11
707573.574808056
 21
-506472.1431421418
 31
0.0
 70
    32
 71
     5
 42
3330.000000000088
 73
     0
 74
     0
 75
     0
  3
FOOTING FOR CF SEC
100
AcDbAlignedDimension
 13
707741.3033210151
 23
-509802.1431421416
 33
0.0000000001526146
 14
707741.3033210151
 24
-503142.1431421414
 34
0.0000000001526146
 50
90.0
100
AcDbRotatedDimension
1001
ACAD
1000
DSTYLE
1002
{
1070
   144
1040
0.5
1002
}
  0
DIMENSION
  5
F0FEDF9
330
2
100
AcDbEntity
  8
DIM FOOTING
 48
2.0
100
AcDbDimension
280
     0
  2
*D18
 10
714890.6868490952
 20
-501806.1355481592
 30
0.0
 11
711860.6868490953
 21
-501638.4070351988
 31
0.0
 70
    32
 71
     5
 42
3029.999999999884
 73
     0
 74
     0
 75
     0
  3
FOOTING FOR CF SEC
100
AcDbAlignedDimension
 13
708830.6868490954
 23
-501806.1355481592
 33
0.0000000001530223
 14
714890.6868490952
 24
-501806.1355481592
 34
0.0000000001543109
100
AcDbRotatedDimension
1001
ACAD
1000
DSTYLE
1002
{
1070
   144
1040
0.5
1002
}
  0
LINE
  5
F0FEE41
330
2
100
AcDbEntity
  8
BEAMS
100
AcDbLine
 10
715120.6868490952
 20
-502912.1431421415
 30
0.0000000001543615
 11
708600.6868490954
 21
-502912.1431421415
 31
0.000000000152975
  0
LINE
  5
F0FEE42
330
2
100
AcDbEntity
  8
BEAMS
100
AcDbLine
 10
715120.6868490952
 20
-510032.1431421416
 30
0.0000000001543579
 11
708600.6868490954
 21
-510032.1431421416
 31
0.0000000001529753
  0
HATCH
  5
F0FEE76
330
2
100
AcDbEntity
  8
STEEL
100
AcDbHatch
 10
0.0
 20
0.0
 30
-0.000000000000022
210
-2.199054251738767E-16
220
0.0
230
1.0
  2
SOLID
 70
     1
 71
     1
 91
        1
 92
        1
 93
        1
 72
     2
 10
701659.9256193906
 20
-495624.815189395
 40
25.0
 50
0.0
 51
360.0
 73
     1
 97
        1
330
F0FEE77
 75
     1
 76
     1
 98
        1
 10
1397223.562518164
 20
-48881.73930765182
450
        0
451
        0
460
0.0
461
0.0
452
        0
462
1.0
453
        2
463
0.0
 63
     5
421
      255
463
1.0
 63
     2
421
 16776960
470
LINEAR
  0
CIRCLE
  5
F0FEE77
102
{ACAD_REACTORS
330
F0FEE76
102
}
330
2
100
AcDbEntity
  8
STEEL
100
AcDbCircle
 10
701659.9256193906
 20
-495624.815189395
 30
0.0
 40
25.0
  0
HATCH
  5
F0FEE78
330
2
100
AcDbEntity
  8
STEEL
100
AcDbHatch
 10
0.0
 20
0.0
 30
0.000000000000022
210
-2.199054251738767E-16
220
0.0
230
1.0
  2
SOLID
 70
     1
 71
     1
 91
        1
 92
        1
 93
        1
 72
     2
 10
695599.9256193908
 20
-495624.8151893949
 40
25.0
 50
0.0
 51
360.0
 73
     1
 97
        1
330
F0FEE79
 75
     1
 76
     1
 98
        1
 10
1391163.562518165
 20
-48881.73930765176
450
        0
451
        0
460
0.0
461
0.0
452
        0
462
1.0
453
        2
463
0.0
 63
     5
421
      255
463
1.0
 63
     2
421
 16776960
470
LINEAR
  0
CIRCLE
  5
F0FEE79
102
{ACAD_REACTORS
330
F0FEE78
102
}
330
2
100
AcDbEntity
  8
STEEL
100
AcDbCircle
 10
695599.9256193908
 20
-495624.8151893949
 30
0.0
 40
25.0
  0
MTEXT
  5
F0FEFA6
102
{ACAD_XDICTIONARY
360
F0FEFA7
102
}
330
2
100
AcDbEntity
  8
TEXT
 48
10.0
100
AcDbMText
 10
711558.5378571237
 20
-502523.967496941
 30
0.000000000306783
 40
300.0
 41
718.2114597544338
 46
0.0
 71
     1
 72
     5
  1
\pxqc;PB1(230x380)
  7
ARIAL
 73
     1
 44
1.0
  0
MTEXT
  5
F0FEFA8
102
{ACAD_XDICTIONARY
360
F0FEFA9
102
}
330
2
100
AcDbEntity
  8
TEXT
 48
10.0
100
AcDbMText
 10
711597.4155525374
 20
-509183.9674969412
 30
0.000000000306783
 40
300.0
 41
718.2114597544338
 46
0.0
 71
     1
 72
     5
  1
\pxqc;PB1(230x380)
  7
ARIAL
 73
     1
 44
1.0
  0
LINE
  5
F0FEFAA
330
2
100
AcDbEntity
  8
HAT
  6
HIDDEN
 48
750.0
100
AcDbLine
 10
709060.6868490954
 20
-509572.1431421416
 30
0.0000000001530729
 11
714660.6868490952
 21
-503372.1431421415
 31
0.0000000001542603
  0
LINE
  5
F0FEFAB
330
2
100
AcDbEntity
  8
HAT
  6
HIDDEN
 48
750.0
100
AcDbLine
 10
714660.6868490952
 20
-509572.1431421416
 30
0.0000000001530729
 11
709060.6868490954
 21
-503372.1431421415
 31
0.0000000001542603
  0
LINE
  5
F0FF19B
330
2
100
AcDbEntity
  8
BEAMS
 48
10.0
100
AcDbLine
 10
711491.9667727766
 20
-496692.458552512
 30
0.0
 11
712411.9667727766
 21
-496692.458552512
 31
0.0
  0
LINE
  5
F0FF19C
330
2
100
AcDbEntity
  8
BEAMS
 48
10.0
100
AcDbLine
 10
711491.9667727766
 20
-498212.458552512
 30
0.0
 11
711491.9667727766
 21
-496692.458552512
 31
0.0
  0
LINE
  5
F0FF19D
330
2
100
AcDbEntity
  8
BEAMS
 48
10.0
100
AcDbLine
 10
711491.9667727766
 20
-498212.458552512
 30
0.0
 11
712411.9667727766
 21
-498212.458552512
 31
0.0
  0
LINE
  5
F0FF19E
330
2
100
AcDbEntity
  8
BEAMS
 48
10.0
100
AcDbLine
 10
712411.9667727766
 20
-498212.458552512
 30
0.0
 11
712411.9667727766
 21
-496692.458552512
 31
0.0
  0
HATCH
  5
F0FF19F
330
2
100
AcDbEntity
  8
STEEL
 48
10.0
100
AcDbHatch
 10
0.0
 20
0.0
 30
0.0
210
0.0
220
0.0
230
1.0
  2
SOLID
 70
     1
 71
     1
 91
        1
 92
        1
 93
        1
 72
     2
 10
711673.9667727766
 20
-496874.458552512
 40
50.0
 50
0.0
 51
360.0
 73
     1
 97
        1
330
F0FF1A0
 75
     1
 76
     1
 98
        1
 10
260404.7608122952
 20
181379.777832646
450
        0
451
        0
460
0.0
461
0.0
452
        0
462
1.0
453
        2
463
0.0
 63
     5
421
      255
463
1.0
 63
     2
421
 16776960
470
LINEAR
1001
GradientColor1ACI
1070
     5
1001
GradientColor2ACI
1070
     2
1001
ACAD
1010
0.0
1020
0.0
1030
0.0
  0
CIRCLE
  5
F0FF1A0
102
{ACAD_REACTORS
330
F0FF19F
102
}
330
2
100
AcDbEntity
  8
STEEL
 48
10.0
100
AcDbCircle
 10
711673.9667727766
 20
-496874.458552512
 30
0.0
 40
50.0
  0
CIRCLE
  5
F0FF1A1
330
2
100
AcDbEntity
  8
STEEL
 48
10.0
100
AcDbCircle
 10
712229.9667727766
 20
-496874.458552512
 30
0.0
 40
50.0
  0
LWPOLYLINE
  5
F0FF1A4
330
2
100
AcDbEntity
  8
STEEL
 48
10.0
100
AcDbPolyline
 90
        8
 70
     1
 43
0.0
 10
711641.9667727766
 20
-496792.458552512
 42
0.414213562373095
 10
711591.9667727766
 20
-496842.458552512
 10
711591.9667727766
 20
-498062.458552512
 42
0.414213562373095
 10
711641.9667727766
 20
-498112.458552512
 10
712261.9667727766
 20
-498112.458552512
 42
0.414213562373095
 10
712311.9667727766
 20
-498062.458552512
 10
712311.9667727766
 20
-496842.458552512
 42
0.414213562373095
 10
712261.9667727766
 20
-496792.458552512
  0
HATCH
  5
F0FF1A5
330
2
100
AcDbEntity
  8
STEEL
 48
10.0
100
AcDbHatch
 10
0.0
 20
0.0
 30
0.0
210
0.0
220
0.0
230
1.0
  2
SOLID
 70
     1
 71
     0
 91
        1
 92
        1
 93
        1
 72
     2
 10
712229.9667727766
 20
-496874.458552512
 40
50.0
 50
0.0
 51
360.0
 73
     1
 97
        0
 75
     1
 76
     1
 98
        1
 10
260960.7608122952
 20
181379.777832646
450
        0
451
        0
460
0.0
461
0.0
452
        0
462
1.0
453
        2
463
0.0
 63
     5
421
      255
463
1.0
 63
     2
421
 16776960
470
LINEAR
1001
GradientColor1ACI
1070
     5
1001
GradientColor2ACI
1070
     2
1001
ACAD
1010
0.0
1020
0.0
1030
0.0
  0
HATCH
  5
F0FF1A8
330
2
100
AcDbEntity
  8
STEEL
 48
10.0
100
AcDbHatch
 10
0.0
 20
0.0
 30
0.0
210
0.0
220
0.0
230
1.0
  2
SOLID
 70
     1
 71
     1
 91
        1
 92
        1
 93
        1
 72
     2
 10
711673.9667727766
 20
-498030.458552512
 40
50.0
 50
0.0
 51
360.0
 73
     1
 97
        1
330
F0FF1A9
 75
     1
 76
     1
 98
        1
 10
260404.7608122952
 20
-1176284.69493767
450
        0
451
        0
460
0.0
461
0.0
452
        0
462
1.0
453
        2
463
0.0
 63
     5
421
      255
463
1.0
 63
     2
421
 16776960
470
LINEAR
1001
GradientColor1ACI
1070
     5
1001
GradientColor2ACI
1070
     2
1001
ACAD
1010
0.0
1020
0.0
1030
0.0
  0
CIRCLE
  5
F0FF1A9
102
{ACAD_REACTORS
330
F0FF1A8
102
}
330
2
100
AcDbEntity
  8
STEEL
 48
10.0
100
AcDbCircle
 10
711673.9667727766
 20
-498030.458552512
 30
0.0
 40
50.0
  0
CIRCLE
  5
F0FF1AA
330
2
100
AcDbEntity
  8
STEEL
 48
10.0
100
AcDbCircle
 10
712229.9667727766
 20
-498030.458552512
 30
0.0
 40
50.0
  0
HATCH
  5
F0FF1AB
330
2
100
AcDbEntity
  8
STEEL
 48
10.0
100
AcDbHatch
 10
0.0
 20
0.0
 30
0.0
210
0.0
220
0.0
230
1.0
  2
SOLID
 70
     1
 71
     0
 91
        1
 92
        1
 93
        1
 72
     2
 10
712229.9667727766
 20
-498030.458552512
 40
50.0
 50
0.0
 51
360.0
 73
     0
 97
        0
 75
     1
 76
     1
 98
        1
 10
260960.7608122952
 20
-1176284.69493767
450
        0
451
        0
460
0.0
461
0.0
452
        0
462
1.0
453
        2
463
0.0
 63
     5
421
      255
463
1.0
 63
     2
421
 16776960
470
LINEAR
1001
GradientColor1ACI
1070
     5
1001
GradientColor2ACI
1070
     2
1001
ACAD
1010
0.0
1020
0.0
1030
0.0
  0
LEADER
  5
F0FF1AC
330
2
100
AcDbEntity
  8
DIM
 48
10.0
100
AcDbLeader
  3
BEAMS
 76
     3
 10
711673.9667727766
 20
-496874.458552512
 30
0.0
 10
711673.9667727766
 20
-495874.458552512
 30
0.0
 10
712873.9667727766
 20
-495874.458552512
 30
0.0
1001
ACAD
1000
DSTYLE
1002
{
1070
    41
1040
150.0
1070
    77
1070
     0
1002
}
  0
LEADER
  5
F0FF1AD
330
2
100
AcDbEntity
  8
DIM
 48
10.0
100
AcDbLeader
  3
BEAMS
 76
     3
 10
711673.9667727766
 20
-498030.458552512
 30
0.0
 10
711673.9667727766
 20
-499030.458552512
 30
0.0
 10
712873.9667727766
 20
-499030.458552512
 30
0.0
1001
ACAD
1000
DSTYLE
1002
{
1070
    41
1040
150.0
1070
    77
1070
     0
1002
}
  0
DIMENSION
  5
F0FF1AE
330
2
100
AcDbEntity
  8
DIM
 48
10.0
100
AcDbDimension
280
     0
  2
*D19
 10
711491.9667727766
 20
-498562.458552512
 30
0.0
 11
711951.9667727766
 21
-498422.5028908477
 31
0.0
 70
    32
 71
     5
 42
230.0
 73
     0
 74
     0
 75
     0
  3
BEAMS
100
AcDbAlignedDimension
 13
712411.9667727766
 23
-498212.458552512
 33
0.0
 14
711491.9667727766
 24
-498212.458552512
 34
0.0
100
AcDbRotatedDimension
1001
ACAD
1000
DSTYLE
1002
{
1070
   144
1040
0.25
1002
}
  0
DIMENSION
  5
F0FF1AF
330
2
100
AcDbEntity
  8
DIM
 48
10.0
100
AcDbDimension
280
     0
  2
*D20
 10
711241.9667727889
 20
-498212.4585525123
 30
0.0
 11
711102.0111111243
 21
-497452.4585525124
 31
0.0
 70
    32
 71
     5
 42
380.0
 73
     0
 74
     0
 75
     0
  3
BEAMS
100
AcDbAlignedDimension
 13
711491.9667727766
 23
-496692.458552512
 33
0.0
 14
711491.9667727766
 24
-498212.458552512
 34
0.0
 50
270.0
100
AcDbRotatedDimension
1001
ACAD
1000
DSTYLE
1002
{
1070
   144
1040
0.25
1002
}
  0
MTEXT
  5
F0FF1B0
102
{ACAD_XDICTIONARY
360
F0FF1B1
102
}
330
2
100
AcDbEntity
  8
TEXT
 48
10.0
100
AcDbMText
 10
712936.098331436
 20
-495751.6896326132
 30
0.0
 40
225.0
 41
1201.533765347885
 46
0.0
 71
     1
 72
     5
  1
\pxsm0.75;2-#12ST
  7
ARIAL
 73
     1
 44
1.0
101
Embedded Object
 70
     1
 10
1.0
 20
0.0
 30
0.0
 11
712936.098331436
 21
-495751.6896326132
 31
0.0
 40
1201.533765347885
 41
0.0
 42
1190.075034106412
 43
284.8471606412006
 71
     2
 72
     1
 44
1201.533765347885
 45
10.0
 73
     0
 74
     0
 46
-284.8471606412006
  0
LEADER
  5
F0FF1B2
330
2
100
AcDbEntity
  8
DIM
 48
10.0
100
AcDbLeader
  3
BEAMS
 76
     2
 10
712229.9667727766
 20
-498030.458552512
 30
0.0
 10
712229.9667727766
 20
-499030.458552512
 30
0.0
1001
ACAD
1000
DSTYLE
1002
{
1070
    41
1040
150.0
1070
    77
1070
     0
1002
}
  0
LEADER
  5
F0FF1B3
330
2
100
AcDbEntity
  8
DIM
 48
10.0
100
AcDbLeader
  3
BEAMS
 76
     2
 10
712229.9667727766
 20
-496874.458552512
 30
0.0
 10
712229.9667727766
 20
-495874.458552512
 30
0.0
1001
ACAD
1000
DSTYLE
1002
{
1070
    41
1040
150.0
1070
    77
1070
     0
1002
}
  0
LEADER
  5
F0FF1B4
330
2
100
AcDbEntity
  8
DIM
 48
10.0
100
AcDbLeader
  3
BEAMS
 76
     2
 10
712311.9667727766
 20
-497252.8364899745
 30
0.0
 10
713061.9667727766
 20
-497252.8364899745
 30
0.0
1001
ACAD
1000
DSTYLE
1002
{
1070
    41
1040
150.0
1070
    77
1070
     0
1002
}
  0
MTEXT
  5
F0FF1B5
102
{ACAD_XDICTIONARY
360
F0FF1B6
102
}
330
2
100
AcDbEntity
  8
TEXT
 48
10.0
100
AcDbMText
 10
713124.098331436
 20
-497139.178423793
 30
0.0
 40
225.0
 41
1811.612210095498
 46
0.0
 71
     1
 72
     5
  1
\A1;\pxsm0.75;{\C6;#8@150 C/C}
  7
ARIAL
 73
     1
 44
1.0
101
Embedded Object
 70
     1
 10
1.0
 20
0.0
 30
0.0
 11
713124.098331436
 21
-497139.178423793
 31
0.0
 40
1811.612210095498
 41
0.0
 42
1806.139154160982
 43
285.1349334924966
 71
     2
 72
     1
 44
1811.612210095498
 45
10.0
 73
     0
 74
     0
 46
-285.1349334924966
  0
MTEXT
  5
F0FF1B7
102
{ACAD_XDICTIONARY
360
F0FF1B8
102
}
330
2
100
AcDbEntity
  8
TEXT
 48
10.0
100
AcDbMText
 10
710293.8284580787
 20
-499394.810390003
 30
0.0
 40
250.0
 41
3648.877611668369
 46
0.0
 71
     1
 72
     5
  1
\pxsm1,qc;{\LC/S OF PLINTH BEAM PB1(230x450)}
  7
ARIAL
 73
     1
 44
1.0
101
Embedded Object
 70
     1
 10
1.0
 20
0.0
 30
0.0
 11
710293.8284580787
 21
-499394.810390003
 31
0.0
 40
3648.877611668369
 41
0.0
 42
3546.214188267395
 43
759.8055934515689
 71
     2
 72
     1
 44
3648.877611668369
 45
10.0
 73
     0
 74
     0
 46
-759.8055934515689
  0
MTEXT
  5
F0FF1BC
102
{ACAD_XDICTIONARY
360
F0FF1BD
102
}
330
2
100
AcDbEntity
  8
TEXT
 48
10.0
100
AcDbMText
 10
712936.098331436
 20
-498907.6896326132
 30
0.0
 40
225.0
 41
1411.18587994543
 46
0.0
 71
     1
 72
     5
  1
\pxsm0.75;2-#12ST
  7
ARIAL
 73
     1
 44
1.0
101
Embedded Object
 70
     1
 10
1.0
 20
0.0
 30
0.0
 11
712936.098331436
 21
-498907.6896326132
 31
0.0
 40
1411.18587994543
 41
0.0
 42
1190.075034106412
 43
284.8471606412006
 71
     2
 72
     1
 44
1411.18587994543
 45
10.0
 73
     0
 74
     0
 46
-284.8471606412006
  0
DIMENSION
  5
F0FF37E
330
2
100
AcDbEntity
  8
DIM FOOTING
 48
2.0
100
AcDbDimension
280
     0
  2
*D21
 10
721232.2845378318
 20
-503372.1431421418
 30
0.0000000001532071
 11
721064.5560248711
 21
-506472.1431421419
 31
0.0000000001532071
 70
    32
 71
     5
 42
3100.000000000029
 73
     0
 74
     0
 75
     0
  3
FOOTING FOR CF SEC
100
AcDbAlignedDimension
 13
721232.2845378285
 23
-509572.1431421416
 33
0.0000000001532071
 14
721232.2845378285
 24
-503372.1431421415
 34
0.0000000001532071
 50
90.0
100
AcDbRotatedDimension
1001
ACAD
1000
DSTYLE
1002
{
1070
   144
1040
0.5
1002
}
  0
DIMENSION
  5
F0FF37F
330
2
100
AcDbEntity
  8
DIM FOOTING
 48
2.0
100
AcDbDimension
280
     0
  2
*D22
 10
726221.753736675
 20
-504218.7348927447
 30
0.0000000001542603
 11
723421.753736675
 21
-504051.0916458143
 31
0.0000000001542603
 70
    32
 71
     5
 42
2799.999999999942
 73
     0
 74
     0
 75
     0
  3
FOOTING FOR CF SEC
100
AcDbAlignedDimension
 13
720621.7537366751
 23
-504218.7348927447
 33
0.0000000001542603
 14
726221.753736675
 24
-504218.7348927447
 34
0.0000000001542603
100
AcDbRotatedDimension
1001
ACAD
1000
DSTYLE
1002
{
1070
   144
1040
0.5
1002
}
  0
HATCH
  5
F0FF382
330
2
100
AcDbEntity
  8
RETAINING WALL
100
AcDbHatch
 10
0.0
 20
0.0
 30
-0.0000000000054178
210
-2.199054251738767E-16
220
0.0
230
1.0
  2
AR-CONC
 70
     0
 71
     0
 91
        2
 92
       22
 72
     0
 73
     1
 93
        4
 10
726221.753736675
 20
-503372.1431421415
 10
726221.753736675
 20
-509572.1431421416
 10
720621.7537366753
 20
-509572.1431421416
 10
720621.7537366753
 20
-503372.1431421415
 97
        0
 92
        5
 93
       12
 72
     1
 10
726221.7537366751
 20
-509572.1431421416
 11
726221.753736675
 21
-510032.1431421416
 72
     1
 10
726221.753736675
 20
-510032.1431421416
 11
726681.753736675
 21
-510032.1431421416
 72
     1
 10
726681.753736675
 20
-510032.1431421416
 11
726681.753736675
 21
-502912.1431421415
 72
     1
 10
726681.753736675
 20
-502912.1431421415
 11
726221.753736675
 21
-502912.1431421415
 72
     1
 10
726221.753736675
 20
-502912.1431421415
 11
726221.753736675
 21
-503372.1431421415
 72
     1
 10
726221.753736675
 20
-503372.1431421415
 11
720621.7537366754
 21
-503372.1431421415
 72
     1
 10
720621.7537366754
 20
-503372.1431421415
 11
720621.7537366754
 21
-502912.1431421415
 72
     1
 10
720621.7537366754
 20
-502912.1431421415
 11
720161.7537366753
 21
-502912.1431421415
 72
     1
 10
720161.7537366753
 20
-502912.1431421415
 11
720161.7537366753
 21
-510032.1431421416
 72
     1
 10
720161.7537366753
 20
-510032.1431421416
 11
720621.7537366754
 21
-510032.1431421416
 72
     1
 10
720621.7537366754
 20
-510032.1431421416
 11
720621.7537366753
 21
-509572.1431421416
 72
     1
 10
720621.7537366753
 20
-509572.1431421416
 11
726221.7537366751
 21
-509572.1431421416
 97
        0
 75
     1
 76
     1
 52
0.0
 41
2.0
 77
     0
 78
    13
 53
49.99999999999999
 43
24636.82811728446
 44
0.0
 45
364.369337992008
 46
-31.87817107780617
 79
     2
 49
38.1
 49
-419.1
 53
355.0
 43
24636.82811728446
 44
0.0
 45
-70.48684284993868
 46
382.1136904780703
 79
     2
 49
30.48
 49
-335.28116834
 53
100.4514447
 43
24667.19213128446
 44
-2.656507
 45
293.8824941807065
 46
350.2355038243902
 79
     2
 49
32.38001759999999
 49
-356.1804891999999
 53
46.1842
 43
24636.82811728446
 44
101.6
 45
542.1580817842598
 46
-84.0846558654543
 79
     2
 49
57.15
 49
-628.65
 53
96.63555760999992
 43
24682.00791728446
 44
94.593
 45
474.808268103006
 46
494.8522491954431
 79
     2
 49
48.57004628
 49
-534.27121632
 53
351.1841511700001
 43
24636.82811728446
 44
101.6
 45
474.8082681299541
 46
494.8522491710653
 79
     2
 49
45.71993414
 49
-502.91946384
 53
21.0
 43
24687.62811728446
 44
76.2
 45
303.228782538265
 46
-204.5303963741752
 79
     2
 49
38.1
 49
-419.1
 53
326.0000000000001
 43
24687.62811728446
 44
76.2
 45
123.6040566952941
 46
368.3759322446385
 79
     2
 49
30.48
 49
-335.28
 53
71.45144499999999
 43
24712.89718248446
 44
59.15580019999999
 45
426.8328385574323
 46
163.8455377718105
 79
     2
 49
32.3800176
 49
-356.1798752
 53
37.5
 43
24636.82811728446
 44
0.0
 45
6.177206501183633
 46
169.1100777463062
 79
     6
 49
0.0
 49
-331.216
 49
0.0
 49
-340.36
 49
0.0
 49
-336.55
 53
7.5
 43
24636.82811728446
 44
0.0
 45
133.6393250206115
 46
200.361149636239
 79
     6
 49
0.0
 49
-194.056
 49
0.0
 49
-323.596
 49
0.0
 49
-128.27
 53
327.5
 43
24523.54411728446
 44
0.0
 45
271.1811903337428
 46
-11.45748798534689
 79
     6
 49
0.0
 49
-127.0
 49
0.0
 49
-396.24
 49
0.0
 49
-525.78
 53
317.5
 43
24472.74411728446
 44
0.0
 45
296.2583627720361
 46
50.85298206666606
 79
     6
 49
0.0
 49
-165.1
 49
0.0
 49
-263.144
 49
0.0
 49
-373.38
 47
26.79011960834962
 98
        2
 10
721599.4471787806
 20
-503042.0036121242
 10
723421.7537366751
 20
-506667.7824648682
1001
ACAD
1010
0.0
1020
0.0
1030
0.0
  0
LINE
  5
F0FF383
330
2
100
AcDbEntity
  8
RETAINING WALL
100
AcDbLine
 10
726681.753736675
 20
-502912.1431421415
 30
0.0000000001543615
 11
726221.753736675
 21
-502912.1431421415
 31
0.0000000001542634
  0
LINE
  5
F0FF384
330
2
100
AcDbEntity
  8
RETAINING WALL
100
AcDbLine
 10
720621.7537366754
 20
-502912.1431421415
 30
0.0000000001530697
 11
720161.7537366753
 21
-502912.1431421415
 31
0.0000000001529717
  0
LINE
  5
F0FF385
330
2
100
AcDbEntity
  8
RETAINING WALL
100
AcDbLine
 10
720161.7537366753
 20
-510032.1431421416
 30
0.0000000001529717
 11
720161.7537366753
 21
-502912.1431421415
 31
0.0000000001529717
  0
LINE
  5
F0FF386
330
2
100
AcDbEntity
  8
RETAINING WALL
100
AcDbLine
 10
726681.753736675
 20
-510032.1431421416
 30
0.0000000001543615
 11
726221.753736675
 21
-510032.1431421416
 31
0.0000000001542634
  0
LINE
  5
F0FF387
330
2
100
AcDbEntity
  8
RETAINING WALL
100
AcDbLine
 10
720621.7537366753
 20
-510032.1431421416
 30
0.0000000001530697
 11
720161.7537366753
 21
-510032.1431421416
 31
0.0000000001529717
  0
LINE
  5
F0FF388
330
2
100
AcDbEntity
  8
RETAINING WALL
100
AcDbLine
 10
726681.753736675
 20
-510032.1431421416
 30
0.0000000001543615
 11
726681.753736675
 21
-502912.1431421415
 31
0.0000000001543615
  0
LINE
  5
F0FF389
330
2
100
AcDbEntity
  8
RETAINING WALL
100
AcDbLine
 10
726221.753736675
 20
-510032.1431421415
 30
0.0000000001542603
 11
726221.753736675
 21
-502912.1431421415
 31
0.0000000001542603
  0
LINE
  5
F0FF38A
330
2
100
AcDbEntity
  8
BEAMS
100
AcDbLine
 10
726221.753736675
 20
-509572.1431421416
 30
0.0000000001542603
 11
720621.7537366753
 21
-509572.1431421416
 31
0.0000000001530729
  0
LINE
  5
F0FF38B
330
2
100
AcDbEntity
  8
BEAMS
100
AcDbLine
 10
726221.753736675
 20
-510032.1431421416
 30
0.0000000001542603
 11
720621.7537366753
 21
-510032.1431421416
 31
0.0000000001530729
  0
LINE
  5
F0FF38C
330
2
100
AcDbEntity
  8
RETAINING WALL
100
AcDbLine
 10
720621.7537366753
 20
-510032.1431421415
 30
0.0000000001530729
 11
720621.7537366754
 21
-502912.1431421415
 31
0.0000000001530729
  0
LINE
  5
F0FF38D
330
2
100
AcDbEntity
  8
BEAMS
100
AcDbLine
 10
726221.753736675
 20
-503372.1431421415
 30
0.0000000001542603
 11
720621.7537366753
 21
-503372.1431421415
 31
0.0000000001530729
  0
LINE
  5
F0FF38E
330
2
100
AcDbEntity
  8
BEAMS
100
AcDbLine
 10
726221.753736675
 20
-502912.1431421415
 30
0.0000000001542603
 11
720621.7537366753
 21
-502912.1431421415
 31
0.0000000001530729
  0
LINE
  5
F0FF38F
330
2
100
AcDbEntity
  8
CENTER LINE
 48
500.0
100
AcDbLine
 10
726451.753736675
 20
-511722.1431421416
 30
0.0000000001543109
 11
726451.753736675
 21
-501222.1431421415
 31
0.0000000001543109
  0
LINE
  5
F0FF390
330
2
100
AcDbEntity
  8
CENTER LINE
 48
500.0
100
AcDbLine
 10
720391.7537366753
 20
-511722.1431421416
 30
0.0000000001530223
 11
720391.7537366753
 21
-501222.1431421415
 31
0.0000000001530223
  0
LINE
  5
F0FF391
330
2
100
AcDbEntity
  8
CENTER LINE
 48
500.0
100
AcDbLine
 10
728371.753736675
 20
-503142.1431421415
 30
0.0000000001548981
 11
718471.7537366753
 21
-503142.1431421415
 31
0.0000000001524351
  0
LINE
  5
F0FF392
330
2
100
AcDbEntity
  8
CENTER LINE
 48
500.0
100
AcDbLine
 10
728371.753736675
 20
-509802.1431421416
 30
0.0000000001548981
 11
718471.7537366753
 21
-509802.1431421416
 31
0.0000000001524351
  0
MTEXT
  5
F0FF393
102
{ACAD_XDICTIONARY
360
F0FF394
102
}
330
2
100
AcDbEntity
  8
TXT
100
AcDbMText
 10
720215.8984299245
 20
-512373.8259123228
 30
0.0000000001545682
 40
350.0
 41
6309.707366984993
 46
0.0
 71
     4
 72
     1
  1
\pxqc;{\LBEAM LAYOUT @ INTERMEDIATE LVL.}
  7
ARIAL
 73
     1
 44
1.0
  0
DIMENSION
  5
F0FF395
330
2
100
AcDbEntity
  8
DIM FOOTING
 48
2.0
100
AcDbDimension
280
     0
  2
*D24
 10
719302.3702085973
 20
-503142.1431421416
 30
0.0
 11
719134.6416956366
 21
-506472.1431421418
 31
0.0
 70
    32
 71
     5
 42
3330.000000000088
 73
     0
 74
     0
 75
     0
  3
FOOTING FOR CF SEC
100
AcDbAlignedDimension
 13
719302.370208595
 23
-509802.1431421416
 33
0.0000000001526146
 14
719302.370208595
 24
-503142.1431421414
 34
0.0000000001526146
 50
90.0
100
AcDbRotatedDimension
1001
ACAD
1000
DSTYLE
1002
{
1070
   144
1040
0.5
1002
}
  0
DIMENSION
  5
F0FF396
330
2
100
AcDbEntity
  8
DIM FOOTING
 48
2.0
100
AcDbDimension
280
     0
  2
*D23
 10
726451.753736675
 20
-501806.1355481592
 30
0.0
 11
723421.7537366751
 21
-501638.4070351988
 31
0.0
 70
    32
 71
     5
 42
3029.999999999884
 73
     0
 74
     0
 75
     0
  3
FOOTING FOR CF SEC
100
AcDbAlignedDimension
 13
720391.7537366753
 23
-501806.1355481592
 33
0.0000000001530223
 14
726451.753736675
 24
-501806.1355481592
 34
0.0000000001543109
100
AcDbRotatedDimension
1001
ACAD
1000
DSTYLE
1002
{
1070
   144
1040
0.5
1002
}
  0
MTEXT
  5
F0FF397
102
{ACAD_XDICTIONARY
360
F0FF398
102
}
330
2
100
AcDbEntity
  8
TEXT
 48
10.0
100
AcDbMText
 10
723158.4824401173
 20
-502523.967496941
 30
0.000000000306783
 40
300.0
 41
438.6753069577081
 46
0.0
 71
     1
 72
     5
  1
\pxqc;B1(230x425)
  7
ARIAL
 73
     1
 44
1.0
  0
MTEXT
  5
F0FF399
102
{ACAD_XDICTIONARY
360
F0FF39A
102
}
330
2
100
AcDbEntity
  8
TEXT
 48
10.0
100
AcDbMText
 10
723158.4824401173
 20
-509183.9674969412
 30
0.000000000306783
 40
300.0
 41
438.6753069577081
 46
0.0
 71
     1
 72
     5
  1
\pxqc;B1(230x425)
  7
ARIAL
 73
     1
 44
1.0
  0
LINE
  5
F0FF39B
330
2
100
AcDbEntity
  8
HAT
  6
HIDDEN
 48
750.0
100
AcDbLine
 10
720621.7537366753
 20
-509572.1431421416
 30
0.0000000001530729
 11
726221.753736675
 21
-503372.1431421415
 31
0.0000000001542603
  0
LINE
  5
F0FF39C
330
2
100
AcDbEntity
  8
HAT
  6
HIDDEN
 48
750.0
100
AcDbLine
 10
726221.753736675
 20
-509572.1431421416
 30
0.0000000001530729
 11
720621.7537366753
 21
-503372.1431421415
 31
0.0000000001542603
  0
LINE
  5
F0FF39D
330
2
100
AcDbEntity
  8
BEAMS
 48
10.0
100
AcDbLine
 10
723053.0336603564
 20
-496512.458552512
 30
0.0
 11
723973.0336603564
 21
-496512.458552512
 31
0.0
  0
LINE
  5
F0FF39E
330
2
100
AcDbEntity
  8
BEAMS
 48
10.0
100
AcDbLine
 10
723053.0336603564
 20
-498212.458552512
 30
0.0
 11
723053.0336603564
 21
-496512.458552512
 31
0.0
  0
LINE
  5
F0FF39F
330
2
100
AcDbEntity
  8
BEAMS
 48
10.0
100
AcDbLine
 10
723053.0336603564
 20
-498212.458552512
 30
0.0
 11
723973.0336603564
 21
-498212.458552512
 31
0.0
  0
LINE
  5
F0FF3A0
330
2
100
AcDbEntity
  8
BEAMS
 48
10.0
100
AcDbLine
 10
723973.0336603564
 20
-498212.458552512
 30
0.0
 11
723973.0336603564
 21
-496512.458552512
 31
0.0
  0
HATCH
  5
F0FF3A1
330
2
100
AcDbEntity
  8
STEEL
 48
10.0
100
AcDbHatch
 10
0.0
 20
0.0
 30
0.0
210
0.0
220
0.0
230
1.0
  2
SOLID
 70
     1
 71
     1
 91
        1
 92
        1
 93
        1
 72
     2
 10
723235.0336603564
 20
-496694.458552512
 40
50.0
 50
0.0
 51
360.0
 73
     1
 97
        1
330
F0FF3A2
 75
     1
 76
     1
 98
        1
 10
271965.8276998751
 20
181559.777832646
450
        0
451
        0
460
0.0
461
0.0
452
        0
462
1.0
453
        2
463
0.0
 63
     5
421
      255
463
1.0
 63
     2
421
 16776960
470
LINEAR
1001
GradientColor1ACI
1070
     5
1001
GradientColor2ACI
1070
     2
1001
ACAD
1010
0.0
1020
0.0
1030
0.0
  0
CIRCLE
  5
F0FF3A2
102
{ACAD_REACTORS
330
F0FF3A1
102
}
330
2
100
AcDbEntity
  8
STEEL
 48
10.0
100
AcDbCircle
 10
723235.0336603564
 20
-496694.458552512
 30
0.0
 40
50.0
  0
CIRCLE
  5
F0FF3A3
330
2
100
AcDbEntity
  8
STEEL
 48
10.0
100
AcDbCircle
 10
723791.0336603564
 20
-496694.458552512
 30
0.0
 40
50.0
  0
LWPOLYLINE
  5
F0FF3A4
330
2
100
AcDbEntity
  8
STEEL
 48
10.0
100
AcDbPolyline
 90
        8
 70
     1
 43
0.0
 10
723203.0336603564
 20
-496612.458552512
 42
0.414213562373095
 10
723153.0336603564
 20
-496662.458552512
 10
723153.0336603564
 20
-498062.458552512
 42
0.414213562373095
 10
723203.0336603564
 20
-498112.458552512
 10
723823.0336603564
 20
-498112.458552512
 42
0.414213562373095
 10
723873.0336603564
 20
-498062.458552512
 10
723873.0336603564
 20
-496662.458552512
 42
0.414213562373095
 10
723823.0336603564
 20
-496612.458552512
  0
HATCH
  5
F0FF3A5
330
2
100
AcDbEntity
  8
STEEL
 48
10.0
100
AcDbHatch
 10
0.0
 20
0.0
 30
0.0
210
0.0
220
0.0
230
1.0
  2
SOLID
 70
     1
 71
     0
 91
        1
 92
        1
 93
        1
 72
     2
 10
723791.0336603564
 20
-496694.458552512
 40
50.0
 50
0.0
 51
360.0
 73
     1
 97
        0
 75
     1
 76
     1
 98
        1
 10
272521.8276998751
 20
181559.777832646
450
        0
451
        0
460
0.0
461
0.0
452
        0
462
1.0
453
        2
463
0.0
 63
     5
421
      255
463
1.0
 63
     2
421
 16776960
470
LINEAR
1001
GradientColor1ACI
1070
     5
1001
GradientColor2ACI
1070
     2
1001
ACAD
1010
0.0
1020
0.0
1030
0.0
  0
HATCH
  5
F0FF3A6
330
2
100
AcDbEntity
  8
STEEL
 48
10.0
100
AcDbHatch
 10
0.0
 20
0.0
 30
0.0
210
0.0
220
0.0
230
1.0
  2
SOLID
 70
     1
 71
     1
 91
        1
 92
        1
 93
        1
 72
     2
 10
723235.0336603564
 20
-498030.458552512
 40
50.0
 50
0.0
 51
360.0
 73
     1
 97
        1
330
F0FF3A7
 75
     1
 76
     1
 98
        1
 10
271965.8276998751
 20
-1176284.69493767
450
        0
451
        0
460
0.0
461
0.0
452
        0
462
1.0
453
        2
463
0.0
 63
     5
421
      255
463
1.0
 63
     2
421
 16776960
470
LINEAR
1001
GradientColor1ACI
1070
     5
1001
GradientColor2ACI
1070
     2
1001
ACAD
1010
0.0
1020
0.0
1030
0.0
  0
CIRCLE
  5
F0FF3A7
102
{ACAD_REACTORS
330
F0FF3A6
102
}
330
2
100
AcDbEntity
  8
STEEL
 48
10.0
100
AcDbCircle
 10
723235.0336603564
 20
-498030.458552512
 30
0.0
 40
50.0
  0
CIRCLE
  5
F0FF3A8
330
2
100
AcDbEntity
  8
STEEL
 48
10.0
100
AcDbCircle
 10
723791.0336603564
 20
-498030.458552512
 30
0.0
 40
50.0
  0
HATCH
  5
F0FF3A9
330
2
100
AcDbEntity
  8
STEEL
 48
10.0
100
AcDbHatch
 10
0.0
 20
0.0
 30
0.0
210
0.0
220
0.0
230
1.0
  2
SOLID
 70
     1
 71
     0
 91
        1
 92
        1
 93
        1
 72
     2
 10
723791.0336603564
 20
-498030.458552512
 40
50.0
 50
0.0
 51
360.0
 73
     0
 97
        0
 75
     1
 76
     1
 98
        1
 10
272521.8276998751
 20
-1176284.69493767
450
        0
451
        0
460
0.0
461
0.0
452
        0
462
1.0
453
        2
463
0.0
 63
     5
421
      255
463
1.0
 63
     2
421
 16776960
470
LINEAR
1001
GradientColor1ACI
1070
     5
1001
GradientColor2ACI
1070
     2
1001
ACAD
1010
0.0
1020
0.0
1030
0.0
  0
LEADER
  5
F0FF3AA
330
2
100
AcDbEntity
  8
DIM
 48
10.0
100
AcDbLeader
  3
BEAMS
 76
     3
 10
723235.0336603564
 20
-496694.458552512
 30
0.0
 10
723235.0336603564
 20
-495694.458552512
 30
0.0
 10
724435.0336603564
 20
-495694.458552512
 30
0.0
1001
ACAD
1000
DSTYLE
1002
{
1070
    41
1040
150.0
1070
    77
1070
     0
1002
}
  0
LEADER
  5
F0FF3AB
330
2
100
AcDbEntity
  8
DIM
 48
10.0
100
AcDbLeader
  3
BEAMS
 76
     3
 10
723235.0336603564
 20
-498030.458552512
 30
0.0
 10
723235.0336603564
 20
-499030.458552512
 30
0.0
 10
724435.0336603564
 20
-499030.458552512
 30
0.0
1001
ACAD
1000
DSTYLE
1002
{
1070
    41
1040
150.0
1070
    77
1070
     0
1002
}
  0
DIMENSION
  5
F0FF3AC
330
2
100
AcDbEntity
  8
DIM
 48
10.0
100
AcDbDimension
280
     0
  2
*D25
 10
723053.0336603564
 20
-498562.458552512
 30
0.0
 11
723513.0336603564
 21
-498422.5028908477
 31
0.0
 70
    32
 71
     5
 42
230.0
 73
     0
 74
     0
 75
     0
  3
BEAMS
100
AcDbAlignedDimension
 13
723973.0336603564
 23
-498212.458552512
 33
0.0
 14
723053.0336603564
 24
-498212.458552512
 34
0.0
100
AcDbRotatedDimension
1001
ACAD
1000
DSTYLE
1002
{
1070
   144
1040
0.25
1002
}
  0
DIMENSION
  5
F0FF3AD
330
2
100
AcDbEntity
  8
DIM
 48
10.0
100
AcDbDimension
280
     0
  2
*D26
 10
722803.0336603695
 20
-498212.4585525123
 30
0.0
 11
722663.1547381318
 21
-497362.4585525124
 31
0.0
 70
    32
 71
     5
 42
425.0
 73
     0
 74
     0
 75
     0
  3
BEAMS
100
AcDbAlignedDimension
 13
723053.0336603564
 23
-496512.458552512
 33
0.0
 14
723053.0336603564
 24
-498212.458552512
 34
0.0
 50
270.0
100
AcDbRotatedDimension
1001
ACAD
1000
DSTYLE
1002
{
1070
   144
1040
0.25
1002
}
  0
MTEXT
  5
F0FF3AE
102
{ACAD_XDICTIONARY
360
F0FF3AF
102
}
330
2
100
AcDbEntity
  8
TEXT
 48
10.0
100
AcDbMText
 10
724497.1652190159
 20
-495571.6896326132
 30
0.0
 40
225.0
 41
1201.533765347885
 46
0.0
 71
     1
 72
     5
  1
\pxsm0.75;3-#12ST
  7
ARIAL
 73
     1
 44
1.0
101
Embedded Object
 70
     1
 10
1.0
 20
0.0
 30
0.0
 11
724497.1652190159
 21
-495571.6896326132
 31
0.0
 40
1201.533765347885
 41
0.0
 42
1186.084583901774
 43
284.8471606412006
 71
     2
 72
     1
 44
1201.533765347885
 45
10.0
 73
     0
 74
     0
 46
-284.8471606412006
  0
LEADER
  5
F0FF3B0
330
2
100
AcDbEntity
  8
DIM
 48
10.0
100
AcDbLeader
  3
BEAMS
 76
     2
 10
723791.0336603564
 20
-498030.458552512
 30
0.0
 10
723791.0336603564
 20
-499030.458552512
 30
0.0
1001
ACAD
1000
DSTYLE
1002
{
1070
    41
1040
150.0
1070
    77
1070
     0
1002
}
  0
LEADER
  5
F0FF3B1
330
2
100
AcDbEntity
  8
DIM
 48
10.0
100
AcDbLeader
  3
BEAMS
 76
     2
 10
723791.0336603564
 20
-496694.458552512
 30
0.0
 10
723791.0336603564
 20
-495694.458552512
 30
0.0
1001
ACAD
1000
DSTYLE
1002
{
1070
    41
1040
150.0
1070
    77
1070
     0
1002
}
  0
LEADER
  5
F0FF3B2
330
2
100
AcDbEntity
  8
DIM
 48
10.0
100
AcDbLeader
  3
BEAMS
 76
     2
 10
723873.0336603564
 20
-497112.8364899745
 30
0.0
 10
724623.0336603564
 20
-497112.8364899745
 30
0.0
1001
ACAD
1000
DSTYLE
1002
{
1070
    41
1040
150.0
1070
    77
1070
     0
1002
}
  0
MTEXT
  5
F0FF3B3
102
{ACAD_XDICTIONARY
360
F0FF3B4
102
}
330
2
100
AcDbEntity
  8
TEXT
 48
10.0
100
AcDbMText
 10
724685.1652190159
 20
-496999.178423793
 30
0.0
 40
225.0
 41
1811.612210095498
 46
0.0
 71
     1
 72
     5
  1
\A1;\pxsm0.75;{\C6;#8@125 C/C}
  7
ARIAL
 73
     1
 44
1.0
101
Embedded Object
 70
     1
 10
1.0
 20
0.0
 30
0.0
 11
724685.1652190159
 21
-496999.178423793
 31
0.0
 40
1811.612210095498
 41
0.0
 42
1806.139154160982
 43
285.1349334924966
 71
     2
 72
     1
 44
1811.612210095498
 45
10.0
 73
     0
 74
     0
 46
-285.1349334924966
  0
MTEXT
  5
F0FF3B5
102
{ACAD_XDICTIONARY
360
F0FF3B6
102
}
330
2
100
AcDbEntity
  8
TEXT
 48
10.0
100
AcDbMText
 10
722604.5995043623
 20
-499394.810390003
 30
0.0
 40
250.0
 41
2227.090723055935
 46
0.0
 71
     1
 72
     5
  1
\pxsm1,qc;{\LC/S OF BEAM B1(230x425)}
  7
ARIAL
 73
     1
 44
1.0
101
Embedded Object
 70
     1
 10
1.0
 20
0.0
 30
0.0
 11
722604.5995043623
 21
-499394.810390003
 31
0.0
 40
2227.090723055935
 41
0.0
 42
2207.196452933152
 43
759.8055934515689
 71
     2
 72
     1
 44
2227.090723055935
 45
10.0
 73
     0
 74
     0
 46
-759.8055934515689
  0
CIRCLE
  5
F0FF3B7
330
2
100
AcDbEntity
  8
STEEL
 48
10.0
100
AcDbCircle
 10
723513.0336603564
 20
-498030.458552512
 30
0.0
 40
50.0
  0
HATCH
  5
F0FF3B8
330
2
100
AcDbEntity
  8
STEEL
 48
10.0
100
AcDbHatch
 10
0.0
 20
0.0
 30
0.0
210
0.0
220
0.0
230
1.0
  2
SOLID
 70
     1
 71
     0
 91
        1
 92
        1
 93
        1
 72
     2
 10
723513.0336603564
 20
-498030.458552512
 40
50.0
 50
0.0
 51
360.0
 73
     0
 97
        0
 75
     1
 76
     1
 98
        1
 10
272243.8276998751
 20
-1176284.69493767
450
        0
451
        0
460
0.0
461
0.0
452
        0
462
1.0
453
        2
463
0.0
 63
     5
421
      255
463
1.0
 63
     2
421
 16776960
470
LINEAR
1001
GradientColor1ACI
1070
     5
1001
GradientColor2ACI
1070
     2
1001
ACAD
1010
0.0
1020
0.0
1030
0.0
  0
LEADER
  5
F0FF3B9
330
2
100
AcDbEntity
  8
DIM
 48
10.0
100
AcDbLeader
  3
BEAMS
 76
     2
 10
723513.0336603564
 20
-498030.458552512
 30
0.0
 10
723513.0336603564
 20
-499030.458552512
 30
0.0
1001
ACAD
1000
DSTYLE
1002
{
1070
    41
1040
150.0
1070
    77
1070
     0
1002
}
  0
MTEXT
  5
F0FF3BA
102
{ACAD_XDICTIONARY
360
F0FF3BB
102
}
330
2
100
AcDbEntity
  8
TEXT
 48
10.0
100
AcDbMText
 10
724497.1652190159
 20
-498907.6896326132
 30
0.0
 40
225.0
 41
1411.18587994543
 46
0.0
 71
     1
 72
     5
  1
\pxsm0.75;3-#12ST
  7
ARIAL
 73
     1
 44
1.0
101
Embedded Object
 70
     1
 10
1.0
 20
0.0
 30
0.0
 11
724497.1652190159
 21
-498907.6896326132
 31
0.0
 40
1411.18587994543
 41
0.0
 42
1186.084583901774
 43
284.8471606412006
 71
     2
 72
     1
 44
1411.18587994543
 45
10.0
 73
     0
 74
     0
 46
-284.8471606412006
  0
CIRCLE
  5
F0FF3BC
330
2
100
AcDbEntity
  8
STEEL
 48
10.0
100
AcDbCircle
 10
723513.0336603564
 20
-496694.458552512
 30
0.0
 40
50.0
  0
HATCH
  5
F0FF3BD
330
2
100
AcDbEntity
  8
STEEL
 48
10.0
100
AcDbHatch
 10
0.0
 20
0.0
 30
0.0
210
0.0
220
0.0
230
1.0
  2
SOLID
 70
     1
 71
     0
 91
        1
 92
        1
 93
        1
 72
     2
 10
723513.0336603564
 20
-496694.458552512
 40
50.0
 50
0.0
 51
360.0
 73
     1
 97
        0
 75
     1
 76
     1
 98
        1
 10
272243.8276998751
 20
181559.7778326459
450
        0
451
        0
460
0.0
461
0.0
452
        0
462
1.0
453
        2
463
0.0
 63
     5
421
      255
463
1.0
 63
     2
421
 16776960
470
LINEAR
1001
GradientColor1ACI
1070
     5
1001
GradientColor2ACI
1070
     2
1001
ACAD
1010
0.0
1020
0.0
1030
0.0
  0
LEADER
  5
F0FF3BE
330
2
100
AcDbEntity
  8
DIM
 48
10.0
100
AcDbLeader
  3
BEAMS
 76
     2
 10
723513.0336603564
 20
-496694.458552512
 30
0.0
 10
723513.0336603564
 20
-495694.458552512
 30
0.0
1001
ACAD
1000
DSTYLE
1002
{
1070
    41
1040
150.0
1070
    77
1070
     0
1002
}
  0
DIMENSION
  5
F0FF555
330
2
100
AcDbEntity
  8
DIM FOOTING
 48
2.0
100
AcDbDimension
280
     0
  2
*D27
 10
732723.8370917283
 20
-503372.1431421418
 30
0.0000000001532071
 11
732556.1085787676
 21
-506472.1431421419
 31
0.0000000001532071
 70
    32
 71
     5
 42
3100.000000000029
 73
     0
 74
     0
 75
     0
  3
FOOTING FOR CF SEC
100
AcDbAlignedDimension
 13
732723.8370917244
 23
-509572.1431421416
 33
0.0000000001532071
 14
732723.8370917244
 24
-503372.1431421415
 34
0.0000000001532071
 50
90.0
100
AcDbRotatedDimension
1001
ACAD
1000
DSTYLE
1002
{
1070
   144
1040
0.5
1002
}
  0
DIMENSION
  5
F0FF556
330
2
100
AcDbEntity
  8
DIM FOOTING
 48
2.0
100
AcDbDimension
280
     0
  2
*D28
 10
737713.3062905709
 20
-504218.7348927447
 30
0.0000000001542603
 11
734913.3062905709
 21
-504051.0916458143
 31
0.0000000001542603
 70
    32
 71
     5
 42
2799.999999999942
 73
     0
 74
     0
 75
     0
  3
FOOTING FOR CF SEC
100
AcDbAlignedDimension
 13
732113.306290571
 23
-504218.7348927447
 33
0.0000000001542603
 14
737713.3062905709
 24
-504218.7348927447
 34
0.0000000001542603
100
AcDbRotatedDimension
1001
ACAD
1000
DSTYLE
1002
{
1070
   144
1040
0.5
1002
}
  0
HATCH
  5
F0FF559
330
2
100
AcDbEntity
  8
RETAINING WALL
100
AcDbHatch
 10
0.0
 20
0.0
 30
-0.0000000000079448
210
-2.199054251738767E-16
220
0.0
230
1.0
  2
AR-CONC
 70
     0
 71
     0
 91
        2
 92
       22
 72
     0
 73
     1
 93
        4
 10
737713.3062905709
 20
-503372.1431421415
 10
737713.3062905709
 20
-509572.1431421416
 10
732113.3062905711
 20
-509572.1431421416
 10
732113.3062905711
 20
-503372.1431421415
 97
        0
 92
        5
 93
       12
 72
     1
 10
737713.306290571
 20
-509572.1431421416
 11
737713.3062905709
 21
-510032.1431421416
 72
     1
 10
737713.3062905709
 20
-510032.1431421416
 11
738173.3062905709
 21
-510032.1431421416
 72
     1
 10
738173.3062905709
 20
-510032.1431421416
 11
738173.3062905709
 21
-502912.1431421415
 72
     1
 10
738173.3062905709
 20
-502912.1431421415
 11
737713.3062905709
 21
-502912.1431421415
 72
     1
 10
737713.3062905709
 20
-502912.1431421415
 11
737713.3062905709
 21
-503372.1431421415
 72
     1
 10
737713.3062905709
 20
-503372.1431421415
 11
732113.3062905712
 21
-503372.1431421415
 72
     1
 10
732113.3062905712
 20
-503372.1431421415
 11
732113.3062905712
 21
-502912.1431421415
 72
     1
 10
732113.3062905712
 20
-502912.1431421415
 11
731653.3062905711
 21
-502912.1431421415
 72
     1
 10
731653.3062905711
 20
-502912.1431421415
 11
731653.3062905711
 21
-510032.1431421416
 72
     1
 10
731653.3062905711
 20
-510032.1431421416
 11
732113.3062905712
 21
-510032.1431421416
 72
     1
 10
732113.3062905712
 20
-510032.1431421416
 11
732113.3062905711
 21
-509572.1431421416
 72
     1
 10
732113.3062905711
 20
-509572.1431421416
 11
737713.306290571
 21
-509572.1431421416
 97
        0
 75
     1
 76
     1
 52
0.0
 41
2.0
 77
     0
 78
    13
 53
49.99999999999999
 43
36128.38067118032
 44
0.0
 45
364.369337992008
 46
-31.87817107780617
 79
     2
 49
38.1
 49
-419.1
 53
355.0
 43
36128.38067118032
 44
0.0
 45
-70.48684284993868
 46
382.1136904780703
 79
     2
 49
30.48
 49
-335.28116834
 53
100.4514447
 43
36158.74468518032
 44
-2.656507
 45
293.8824941807065
 46
350.2355038243902
 79
     2
 49
32.38001759999999
 49
-356.1804891999999
 53
46.1842
 43
36128.38067118032
 44
101.6
 45
542.1580817842598
 46
-84.0846558654543
 79
     2
 49
57.15
 49
-628.65
 53
96.63555760999992
 43
36173.56047118032
 44
94.593
 45
474.808268103006
 46
494.8522491954431
 79
     2
 49
48.57004628
 49
-534.27121632
 53
351.1841511700001
 43
36128.38067118032
 44
101.6
 45
474.8082681299541
 46
494.8522491710653
 79
     2
 49
45.71993414
 49
-502.91946384
 53
21.0
 43
36179.18067118032
 44
76.2
 45
303.228782538265
 46
-204.5303963741752
 79
     2
 49
38.1
 49
-419.1
 53
326.0000000000001
 43
36179.18067118032
 44
76.2
 45
123.6040566952941
 46
368.3759322446385
 79
     2
 49
30.48
 49
-335.28
 53
71.45144499999999
 43
36204.44973638033
 44
59.15580019999999
 45
426.8328385574323
 46
163.8455377718105
 79
     2
 49
32.3800176
 49
-356.1798752
 53
37.5
 43
36128.38067118032
 44
0.0
 45
6.177206501183633
 46
169.1100777463062
 79
     6
 49
0.0
 49
-331.216
 49
0.0
 49
-340.36
 49
0.0
 49
-336.55
 53
7.5
 43
36128.38067118032
 44
0.0
 45
133.6393250206115
 46
200.361149636239
 79
     6
 49
0.0
 49
-194.056
 49
0.0
 49
-323.596
 49
0.0
 49
-128.27
 53
327.5
 43
36015.09667118032
 44
0.0
 45
271.1811903337428
 46
-11.45748798534689
 79
     6
 49
0.0
 49
-127.0
 49
0.0
 49
-396.24
 49
0.0
 49
-525.78
 53
317.5
 43
35964.29667118032
 44
0.0
 45
296.2583627720361
 46
50.85298206666606
 79
     6
 49
0.0
 49
-165.1
 49
0.0
 49
-263.144
 49
0.0
 49
-373.38
 47
26.79011960834962
 98
        2
 10
733090.9997326764
 20
-503042.0036121242
 10
734913.306290571
 20
-506667.7824648682
1001
ACAD
1010
0.0
1020
0.0
1030
0.0
  0
LINE
  5
F0FF55A
330
2
100
AcDbEntity
  8
RETAINING WALL
100
AcDbLine
 10
738173.3062905709
 20
-502912.1431421415
 30
0.0000000001543615
 11
737713.3062905709
 21
-502912.1431421415
 31
0.0000000001542634
  0
LINE
  5
F0FF55B
330
2
100
AcDbEntity
  8
RETAINING WALL
100
AcDbLine
 10
732113.3062905712
 20
-502912.1431421415
 30
0.0000000001530697
 11
731653.3062905711
 21
-502912.1431421415
 31
0.0000000001529717
  0
LINE
  5
F0FF55C
330
2
100
AcDbEntity
  8
RETAINING WALL
100
AcDbLine
 10
731653.3062905711
 20
-510032.1431421416
 30
0.0000000001529717
 11
731653.3062905711
 21
-502912.1431421415
 31
0.0000000001529717
  0
LINE
  5
F0FF55D
330
2
100
AcDbEntity
  8
RETAINING WALL
100
AcDbLine
 10
738173.3062905709
 20
-510032.1431421416
 30
0.0000000001543615
 11
737713.3062905709
 21
-510032.1431421416
 31
0.0000000001542634
  0
LINE
  5
F0FF55E
330
2
100
AcDbEntity
  8
RETAINING WALL
100
AcDbLine
 10
732113.3062905711
 20
-510032.1431421416
 30
0.0000000001530697
 11
731653.3062905711
 21
-510032.1431421416
 31
0.0000000001529717
  0
LINE
  5
F0FF55F
330
2
100
AcDbEntity
  8
RETAINING WALL
100
AcDbLine
 10
738173.3062905709
 20
-510032.1431421416
 30
0.0000000001543615
 11
738173.3062905709
 21
-502912.1431421415
 31
0.0000000001543615
  0
LINE
  5
F0FF560
330
2
100
AcDbEntity
  8
RETAINING WALL
100
AcDbLine
 10
737713.3062905709
 20
-510032.1431421415
 30
0.0000000001542603
 11
737713.3062905709
 21
-502912.1431421415
 31
0.0000000001542603
  0
LINE
  5
F0FF561
330
2
100
AcDbEntity
  8
BEAMS
100
AcDbLine
 10
737713.3062905709
 20
-509572.1431421416
 30
0.0000000001542603
 11
732113.3062905711
 21
-509572.1431421416
 31
0.0000000001530729
  0
LINE
  5
F0FF562
330
2
100
AcDbEntity
  8
BEAMS
100
AcDbLine
 10
737713.3062905709
 20
-510032.1431421416
 30
0.0000000001542603
 11
732113.3062905711
 21
-510032.1431421416
 31
0.0000000001530729
  0
LINE
  5
F0FF563
330
2
100
AcDbEntity
  8
RETAINING WALL
100
AcDbLine
 10
732113.3062905711
 20
-510032.1431421415
 30
0.0000000001530729
 11
732113.3062905712
 21
-502912.1431421415
 31
0.0000000001530729
  0
LINE
  5
F0FF564
330
2
100
AcDbEntity
  8
BEAMS
100
AcDbLine
 10
737713.3062905709
 20
-503372.1431421415
 30
0.0000000001542603
 11
732113.3062905711
 21
-503372.1431421415
 31
0.0000000001530729
  0
LINE
  5
F0FF565
330
2
100
AcDbEntity
  8
BEAMS
100
AcDbLine
 10
737713.3062905709
 20
-502912.1431421415
 30
0.0000000001542603
 11
732113.3062905711
 21
-502912.1431421415
 31
0.0000000001530729
  0
LINE
  5
F0FF566
330
2
100
AcDbEntity
  8
CENTER LINE
 48
500.0
100
AcDbLine
 10
737943.3062905709
 20
-511722.1431421416
 30
0.0000000001543109
 11
737943.3062905709
 21
-501222.1431421415
 31
0.0000000001543109
  0
LINE
  5
F0FF567
330
2
100
AcDbEntity
  8
CENTER LINE
 48
500.0
100
AcDbLine
 10
731883.3062905711
 20
-511722.1431421416
 30
0.0000000001530223
 11
731883.3062905711
 21
-501222.1431421415
 31
0.0000000001530223
  0
LINE
  5
F0FF568
330
2
100
AcDbEntity
  8
CENTER LINE
 48
500.0
100
AcDbLine
 10
739863.3062905709
 20
-503142.1431421415
 30
0.0000000001548981
 11
729963.3062905711
 21
-503142.1431421415
 31
0.0000000001524351
  0
LINE
  5
F0FF569
330
2
100
AcDbEntity
  8
CENTER LINE
 48
500.0
100
AcDbLine
 10
739863.3062905709
 20
-509802.1431421416
 30
0.0000000001548981
 11
729963.3062905711
 21
-509802.1431421416
 31
0.0000000001524351
  0
MTEXT
  5
F0FF56A
102
{ACAD_XDICTIONARY
360
F0FF56B
102
}
330
2
100
AcDbEntity
  8
TXT
100
AcDbMText
 10
731707.4509838204
 20
-512373.8259123228
 30
0.0000000001545682
 40
350.0
 41
6309.707366984993
 46
0.0
 71
     4
 72
     1
  1
\pxqc;{\LBEAM LAYOUT & SLAB DETAILS @ TERRACE LVL.}
  7
ARIAL
 73
     1
 44
1.0
  0
DIMENSION
  5
F0FF56C
330
2
100
AcDbEntity
  8
DIM FOOTING
 48
2.0
100
AcDbDimension
280
     0
  2
*D29
 10
730793.9227624938
 20
-503142.1431421416
 30
0.0
 11
730626.1942495331
 21
-506472.1431421418
 31
0.0
 70
    32
 71
     5
 42
3330.000000000088
 73
     0
 74
     0
 75
     0
  3
FOOTING FOR CF SEC
100
AcDbAlignedDimension
 13
730793.9227624908
 23
-509802.1431421416
 33
0.0000000001526146
 14
730793.9227624908
 24
-503142.1431421414
 34
0.0000000001526146
 50
90.0
100
AcDbRotatedDimension
1001
ACAD
1000
DSTYLE
1002
{
1070
   144
1040
0.5
1002
}
  0
DIMENSION
  5
F0FF56D
330
2
100
AcDbEntity
  8
DIM FOOTING
 48
2.0
100
AcDbDimension
280
     0
  2
*D30
 10
737943.3062905709
 20
-501806.1355481592
 30
0.0
 11
734913.306290571
 21
-501638.4070351988
 31
0.0
 70
    32
 71
     5
 42
3029.999999999884
 73
     0
 74
     0
 75
     0
  3
FOOTING FOR CF SEC
100
AcDbAlignedDimension
 13
731883.3062905711
 23
-501806.1355481592
 33
0.0000000001530223
 14
737943.3062905709
 24
-501806.1355481592
 34
0.0000000001543109
100
AcDbRotatedDimension
1001
ACAD
1000
DSTYLE
1002
{
1070
   144
1040
0.5
1002
}
  0
MTEXT
  5
F0FF56E
102
{ACAD_XDICTIONARY
360
F0FF56F
102
}
330
2
100
AcDbEntity
  8
TEXT
 48
10.0
100
AcDbMText
 10
734650.0349940131
 20
-502523.967496941
 30
0.000000000306783
 40
300.0
 41
438.6753069577081
 46
0.0
 71
     1
 72
     5
  1
\pxqc;B1(230x425)
  7
ARIAL
 73
     1
 44
1.0
  0
MTEXT
  5
F0FF570
102
{ACAD_XDICTIONARY
360
F0FF571
102
}
330
2
100
AcDbEntity
  8
TEXT
 48
10.0
100
AcDbMText
 10
734650.0349940131
 20
-509183.9674969412
 30
0.000000000306783
 40
300.0
 41
438.6753069577081
 46
0.0
 71
     1
 72
     5
  1
\pxqc;B1(230x425)
  7
ARIAL
 73
     1
 44
1.0
  0
LINE
  5
F0FF574
330
2
100
AcDbEntity
  8
BEAMS
 48
10.0
100
AcDbLine
 10
734544.5862142523
 20
-496512.458552512
 30
0.0
 11
735464.5862142523
 21
-496512.458552512
 31
0.0
  0
LINE
  5
F0FF575
330
2
100
AcDbEntity
  8
BEAMS
 48
10.0
100
AcDbLine
 10
734544.5862142523
 20
-498212.458552512
 30
0.0
 11
734544.5862142522
 21
-497012.458552512
 31
0.0
  0
LINE
  5
F0FF576
330
2
100
AcDbEntity
  8
BEAMS
 48
10.0
100
AcDbLine
 10
734544.5862142523
 20
-498212.458552512
 30
0.0
 11
735464.5862142523
 21
-498212.458552512
 31
0.0
  0
LINE
  5
F0FF577
330
2
100
AcDbEntity
  8
BEAMS
 48
10.0
100
AcDbLine
 10
735464.5862142523
 20
-498212.458552512
 30
0.0
 11
735464.5862142523
 21
-496512.458552512
 31
0.0
  0
HATCH
  5
F0FF578
330
2
100
AcDbEntity
  8
STEEL
 48
10.0
100
AcDbHatch
 10
0.0
 20
0.0
 30
0.0
210
0.0
220
0.0
230
1.0
  2
SOLID
 70
     1
 71
     1
 91
        1
 92
        1
 93
        1
 72
     2
 10
734726.5862142523
 20
-496694.458552512
 40
50.0
 50
0.0
 51
360.0
 73
     1
 97
        1
330
F0FF579
 75
     1
 76
     1
 98
        1
 10
283457.3802537709
 20
181559.777832646
450
        0
451
        0
460
0.0
461
0.0
452
        0
462
1.0
453
        2
463
0.0
 63
     5
421
      255
463
1.0
 63
     2
421
 16776960
470
LINEAR
1001
GradientColor1ACI
1070
     5
1001
GradientColor2ACI
1070
     2
1001
ACAD
1010
0.0
1020
0.0
1030
0.0
  0
CIRCLE
  5
F0FF579
102
{ACAD_REACTORS
330
F0FF578
102
}
330
2
100
AcDbEntity
  8
STEEL
 48
10.0
100
AcDbCircle
 10
734726.5862142523
 20
-496694.458552512
 30
0.0
 40
50.0
  0
CIRCLE
  5
F0FF57A
330
2
100
AcDbEntity
  8
STEEL
 48
10.0
100
AcDbCircle
 10
735282.5862142523
 20
-496694.458552512
 30
0.0
 40
50.0
  0
LWPOLYLINE
  5
F0FF57B
330
2
100
AcDbEntity
  8
STEEL
 48
10.0
100
AcDbPolyline
 90
        8
 70
     1
 43
0.0
 10
734694.5862142523
 20
-496612.458552512
 42
0.414213562373095
 10
734644.5862142523
 20
-496662.458552512
 10
734644.5862142523
 20
-498062.458552512
 42
0.414213562373095
 10
734694.5862142523
 20
-498112.458552512
 10
735314.5862142523
 20
-498112.458552512
 42
0.414213562373095
 10
735364.5862142523
 20
-498062.458552512
 10
735364.5862142523
 20
-496662.458552512
 42
0.414213562373095
 10
735314.5862142523
 20
-496612.458552512
  0
HATCH
  5
F0FF57C
330
2
100
AcDbEntity
  8
STEEL
 48
10.0
100
AcDbHatch
 10
0.0
 20
0.0
 30
0.0
210
0.0
220
0.0
230
1.0
  2
SOLID
 70
     1
 71
     0
 91
        1
 92
        1
 93
        1
 72
     2
 10
735282.5862142523
 20
-496694.458552512
 40
50.0
 50
0.0
 51
360.0
 73
     1
 97
        0
 75
     1
 76
     1
 98
        1
 10
284013.3802537709
 20
181559.777832646
450
        0
451
        0
460
0.0
461
0.0
452
        0
462
1.0
453
        2
463
0.0
 63
     5
421
      255
463
1.0
 63
     2
421
 16776960
470
LINEAR
1001
GradientColor1ACI
1070
     5
1001
GradientColor2ACI
1070
     2
1001
ACAD
1010
0.0
1020
0.0
1030
0.0
  0
HATCH
  5
F0FF57D
330
2
100
AcDbEntity
  8
STEEL
 48
10.0
100
AcDbHatch
 10
0.0
 20
0.0
 30
0.0
210
0.0
220
0.0
230
1.0
  2
SOLID
 70
     1
 71
     1
 91
        1
 92
        1
 93
        1
 72
     2
 10
734726.5862142523
 20
-498030.458552512
 40
50.0
 50
0.0
 51
360.0
 73
     1
 97
        1
330
F0FF57E
 75
     1
 76
     1
 98
        1
 10
283457.3802537709
 20
-1176284.69493767
450
        0
451
        0
460
0.0
461
0.0
452
        0
462
1.0
453
        2
463
0.0
 63
     5
421
      255
463
1.0
 63
     2
421
 16776960
470
LINEAR
1001
GradientColor1ACI
1070
     5
1001
GradientColor2ACI
1070
     2
1001
ACAD
1010
0.0
1020
0.0
1030
0.0
  0
CIRCLE
  5
F0FF57E
102
{ACAD_REACTORS
330
F0FF57D
102
}
330
2
100
AcDbEntity
  8
STEEL
 48
10.0
100
AcDbCircle
 10
734726.5862142523
 20
-498030.458552512
 30
0.0
 40
50.0
  0
CIRCLE
  5
F0FF57F
330
2
100
AcDbEntity
  8
STEEL
 48
10.0
100
AcDbCircle
 10
735282.5862142523
 20
-498030.458552512
 30
0.0
 40
50.0
  0
HATCH
  5
F0FF580
330
2
100
AcDbEntity
  8
STEEL
 48
10.0
100
AcDbHatch
 10
0.0
 20
0.0
 30
0.0
210
0.0
220
0.0
230
1.0
  2
SOLID
 70
     1
 71
     0
 91
        1
 92
        1
 93
        1
 72
     2
 10
735282.5862142523
 20
-498030.458552512
 40
50.0
 50
0.0
 51
360.0
 73
     0
 97
        0
 75
     1
 76
     1
 98
        1
 10
284013.3802537709
 20
-1176284.69493767
450
        0
451
        0
460
0.0
461
0.0
452
        0
462
1.0
453
        2
463
0.0
 63
     5
421
      255
463
1.0
 63
     2
421
 16776960
470
LINEAR
1001
GradientColor1ACI
1070
     5
1001
GradientColor2ACI
1070
     2
1001
ACAD
1010
0.0
1020
0.0
1030
0.0
  0
LEADER
  5
F0FF581
330
2
100
AcDbEntity
  8
DIM
 48
10.0
100
AcDbLeader
  3
BEAMS
 76
     3
 10
734726.5862142523
 20
-496694.458552512
 30
0.0
 10
734726.5862142523
 20
-495694.458552512
 30
0.0
 10
735926.5862142523
 20
-495694.458552512
 30
0.0
1001
ACAD
1000
DSTYLE
1002
{
1070
    41
1040
150.0
1070
    77
1070
     0
1002
}
  0
LEADER
  5
F0FF582
330
2
100
AcDbEntity
  8
DIM
 48
10.0
100
AcDbLeader
  3
BEAMS
 76
     3
 10
734726.5862142523
 20
-498030.458552512
 30
0.0
 10
734726.5862142523
 20
-499030.458552512
 30
0.0
 10
735926.5862142523
 20
-499030.458552512
 30
0.0
1001
ACAD
1000
DSTYLE
1002
{
1070
    41
1040
150.0
1070
    77
1070
     0
1002
}
  0
DIMENSION
  5
F0FF583
330
2
100
AcDbEntity
  8
DIM
 48
10.0
100
AcDbDimension
280
     0
  2
*D31
 10
734544.5862142523
 20
-498562.458552512
 30
0.0
 11
735004.5862142523
 21
-498422.5028908477
 31
0.0
 70
    32
 71
     5
 42
230.0
 73
     0
 74
     0
 75
     0
  3
BEAMS
100
AcDbAlignedDimension
 13
735464.5862142523
 23
-498212.458552512
 33
0.0
 14
734544.5862142523
 24
-498212.458552512
 34
0.0
100
AcDbRotatedDimension
1001
ACAD
1000
DSTYLE
1002
{
1070
   144
1040
0.25
1002
}
  0
DIMENSION
  5
F0FF584
330
2
100
AcDbEntity
  8
DIM
 48
10.0
100
AcDbDimension
280
     0
  2
*D32
 10
734294.586214266
 20
-498212.4585525123
 30
0.0
 11
734154.6305526014
 21
-497612.4585525124
 31
0.0
 70
    32
 71
     5
 42
300.0
 73
     0
 74
     0
 75
     0
  3
BEAMS
100
AcDbAlignedDimension
 13
734544.5862142522
 23
-497012.458552512
 33
0.0
 14
734544.5862142523
 24
-498212.458552512
 34
0.0
 50
270.0
100
AcDbRotatedDimension
1001
ACAD
1000
DSTYLE
1002
{
1070
   144
1040
0.25
1002
}
  0
MTEXT
  5
F0FF585
102
{ACAD_XDICTIONARY
360
F0FF586
102
}
330
2
100
AcDbEntity
  8
TEXT
 48
10.0
100
AcDbMText
 10
735988.7177729118
 20
-495571.6896326132
 30
0.0
 40
225.0
 41
1201.533765347885
 46
0.0
 71
     1
 72
     5
  1
\pxsm0.75;3-#12ST
  7
ARIAL
 73
     1
 44
1.0
101
Embedded Object
 70
     1
 10
1.0
 20
0.0
 30
0.0
 11
735988.7177729118
 21
-495571.6896326132
 31
0.0
 40
1201.533765347885
 41
0.0
 42
1186.084583901774
 43
284.8471606412006
 71
     2
 72
     1
 44
1201.533765347885
 45
10.0
 73
     0
 74
     0
 46
-284.8471606412006
  0
LEADER
  5
F0FF587
330
2
100
AcDbEntity
  8
DIM
 48
10.0
100
AcDbLeader
  3
BEAMS
 76
     2
 10
735282.5862142523
 20
-498030.458552512
 30
0.0
 10
735282.5862142523
 20
-499030.458552512
 30
0.0
1001
ACAD
1000
DSTYLE
1002
{
1070
    41
1040
150.0
1070
    77
1070
     0
1002
}
  0
LEADER
  5
F0FF588
330
2
100
AcDbEntity
  8
DIM
 48
10.0
100
AcDbLeader
  3
BEAMS
 76
     2
 10
735282.5862142523
 20
-496694.458552512
 30
0.0
 10
735282.5862142523
 20
-495694.458552512
 30
0.0
1001
ACAD
1000
DSTYLE
1002
{
1070
    41
1040
150.0
1070
    77
1070
     0
1002
}
  0
LEADER
  5
F0FF589
330
2
100
AcDbEntity
  8
DIM
 48
10.0
100
AcDbLeader
  3
BEAMS
 76
     2
 10
735364.5862142523
 20
-497112.8364899745
 30
0.0
 10
736114.5862142523
 20
-497112.8364899745
 30
0.0
1001
ACAD
1000
DSTYLE
1002
{
1070
    41
1040
150.0
1070
    77
1070
     0
1002
}
  0
MTEXT
  5
F0FF58A
102
{ACAD_XDICTIONARY
360
F0FF58B
102
}
330
2
100
AcDbEntity
  8
TEXT
 48
10.0
100
AcDbMText
 10
736176.7177729118
 20
-496999.178423793
 30
0.0
 40
225.0
 41
1811.612210095498
 46
0.0
 71
     1
 72
     5
  1
\A1;\pxsm0.75;{\C6;#8@125 C/C}
  7
ARIAL
 73
     1
 44
1.0
101
Embedded Object
 70
     1
 10
1.0
 20
0.0
 30
0.0
 11
736176.7177729118
 21
-496999.178423793
 31
0.0
 40
1811.612210095498
 41
0.0
 42
1806.139154160982
 43
285.1349334924966
 71
     2
 72
     1
 44
1811.612210095498
 45
10.0
 73
     0
 74
     0
 46
-285.1349334924966
  0
MTEXT
  5
F0FF58C
102
{ACAD_XDICTIONARY
360
F0FF58D
102
}
330
2
100
AcDbEntity
  8
TEXT
 48
10.0
100
AcDbMText
 10
734096.1520582582
 20
-499394.810390003
 30
0.0
 40
250.0
 41
2227.090723055935
 46
0.0
 71
     1
 72
     5
  1
\pxsm1,qc;{\LC/S OF BEAM B1(230x425)}
  7
ARIAL
 73
     1
 44
1.0
101
Embedded Object
 70
     1
 10
1.0
 20
0.0
 30
0.0
 11
734096.1520582582
 21
-499394.810390003
 31
0.0
 40
2227.090723055935
 41
0.0
 42
2207.196452933152
 43
759.8055934515689
 71
     2
 72
     1
 44
2227.090723055935
 45
10.0
 73
     0
 74
     0
 46
-759.8055934515689
  0
CIRCLE
  5
F0FF58E
330
2
100
AcDbEntity
  8
STEEL
 48
10.0
100
AcDbCircle
 10
735004.5862142523
 20
-498030.458552512
 30
0.0
 40
50.0
  0
HATCH
  5
F0FF58F
330
2
100
AcDbEntity
  8
STEEL
 48
10.0
100
AcDbHatch
 10
0.0
 20
0.0
 30
0.0
210
0.0
220
0.0
230
1.0
  2
SOLID
 70
     1
 71
     0
 91
        1
 92
        1
 93
        1
 72
     2
 10
735004.5862142523
 20
-498030.458552512
 40
50.0
 50
0.0
 51
360.0
 73
     0
 97
        0
 75
     1
 76
     1
 98
        1
 10
283735.3802537709
 20
-1176284.69493767
450
        0
451
        0
460
0.0
461
0.0
452
        0
462
1.0
453
        2
463
0.0
 63
     5
421
      255
463
1.0
 63
     2
421
 16776960
470
LINEAR
1001
GradientColor1ACI
1070
     5
1001
GradientColor2ACI
1070
     2
1001
ACAD
1010
0.0
1020
0.0
1030
0.0
  0
LEADER
  5
F0FF590
330
2
100
AcDbEntity
  8
DIM
 48
10.0
100
AcDbLeader
  3
BEAMS
 76
     2
 10
735004.5862142523
 20
-498030.458552512
 30
0.0
 10
735004.5862142523
 20
-499030.458552512
 30
0.0
1001
ACAD
1000
DSTYLE
1002
{
1070
    41
1040
150.0
1070
    77
1070
     0
1002
}
  0
MTEXT
  5
F0FF591
102
{ACAD_XDICTIONARY
360
F0FF592
102
}
330
2
100
AcDbEntity
  8
TEXT
 48
10.0
100
AcDbMText
 10
735988.7177729118
 20
-498907.6896326132
 30
0.0
 40
225.0
 41
1411.18587994543
 46
0.0
 71
     1
 72
     5
  1
\pxsm0.75;3-#12ST
  7
ARIAL
 73
     1
 44
1.0
101
Embedded Object
 70
     1
 10
1.0
 20
0.0
 30
0.0
 11
735988.7177729118
 21
-498907.6896326132
 31
0.0
 40
1411.18587994543
 41
0.0
 42
1186.084583901774
 43
284.8471606412006
 71
     2
 72
     1
 44
1411.18587994543
 45
10.0
 73
     0
 74
     0
 46
-284.8471606412006
  0
CIRCLE
  5
F0FF593
330
2
100
AcDbEntity
  8
STEEL
 48
10.0
100
AcDbCircle
 10
735004.5862142523
 20
-496694.458552512
 30
0.0
 40
50.0
  0
HATCH
  5
F0FF594
330
2
100
AcDbEntity
  8
STEEL
 48
10.0
100
AcDbHatch
 10
0.0
 20
0.0
 30
0.0
210
0.0
220
0.0
230
1.0
  2
SOLID
 70
     1
 71
     0
 91
        1
 92
        1
 93
        1
 72
     2
 10
735004.5862142523
 20
-496694.458552512
 40
50.0
 50
0.0
 51
360.0
 73
     1
 97
        0
 75
     1
 76
     1
 98
        1
 10
283735.3802537709
 20
181559.7778326459
450
        0
451
        0
460
0.0
461
0.0
452
        0
462
1.0
453
        2
463
0.0
 63
     5
421
      255
463
1.0
 63
     2
421
 16776960
470
LINEAR
1001
GradientColor1ACI
1070
     5
1001
GradientColor2ACI
1070
     2
1001
ACAD
1010
0.0
1020
0.0
1030
0.0
  0
LEADER
  5
F0FF595
330
2
100
AcDbEntity
  8
DIM
 48
10.0
100
AcDbLeader
  3
BEAMS
 76
     2
 10
735004.5862142523
 20
-496694.458552512
 30
0.0
 10
735004.5862142523
 20
-495694.458552512
 30
0.0
1001
ACAD
1000
DSTYLE
1002
{
1070
    41
1040
150.0
1070
    77
1070
     0
1002
}
  0
LINE
  5
F100EB9
330
2
100
AcDbEntity
  8
STEEL
  6
HIDDEN
 48
1000.0
100
AcDbLine
 10
734238.0087283984
 20
-510032.1431421416
 30
0.0000000001534562
 11
734238.0087283974
 21
-508252.1431421416
 31
0.0000000001534562
  0
LINE
  5
F100EBA
330
2
100
AcDbEntity
  8
STEEL
 48
10.0
100
AcDbLine
 10
734468.0087283977
 20
-510032.1431421416
 30
0.0000000001534562
 11
734468.0087283965
 21
-502912.1431421414
 31
0.0000000001534562
  0
LINE
  5
F100EBB
330
2
100
AcDbEntity
  8
STEEL
 48
10.0
100
AcDbLine
 10
734353.0087283968
 20
-508137.143142142
 30
0.0000000001534562
 11
734353.0087283977
 21
-504807.1431421412
 31
0.0000000001534562
  0
LINE
  5
F100EBC
330
2
100
AcDbEntity
  8
STEEL
  6
HIDDEN
 48
1000.0
100
AcDbLine
 10
734238.0087283977
 20
-504692.1431421415
 30
0.0000000001534562
 11
734238.0087283985
 21
-502912.1431421415
 31
0.0000000001534562
  0
LINE
  5
F100EBD
330
2
100
AcDbEntity
  8
STEEL
  6
HIDDEN
 48
1000.0
100
AcDbLine
 10
734238.0087283974
 20
-508252.1431421416
 30
0.0000000001534562
 11
734353.0087283974
 21
-508137.1431421418
 31
0.0000000001534562
  0
LINE
  5
F100EBE
330
2
100
AcDbEntity
  8
STEEL
 48
10.0
100
AcDbLine
 10
734238.0087283977
 20
-504692.1431421415
 30
0.0000000001534562
 11
734353.0087283977
 21
-504807.1431421415
 31
0.0000000001534562
  0
LEADER
  5
F100EBF
330
2
100
AcDbEntity
  8
DIM
 48
10.0
100
AcDbLeader
  3
BEAMS
 76
     2
 10
734355.2007126813
 20
-505657.5267215456
 30
0.0000000001534562
 10
734787.9980378463
 20
-505657.5267215448
 30
0.0000000001534562
1001
ACAD
1000
DSTYLE
1002
{
1070
    41
1040
150.0
1070
    77
1070
     0
1002
}
  0
MTEXT
  5
F100EC0
330
2
100
AcDbEntity
  8
TXT
 48
10.0
100
AcDbMText
 10
734831.2309146347
 20
-505883.2711713621
 30
0.0000000001534562
 40
275.0
 41
0.9351398362892224
 46
0.0
 71
     7
 72
     5
  1
#8@175c/c
  7
ARIAL
 73
     1
 44
1.0
  0
LINE
  5
F100ED0
330
2
100
AcDbEntity
  8
STEEL
  6
HIDDEN
 48
1000.0
100
AcDbLine
 10
731653.3062905711
 20
-506542.4449252079
 30
0.0000000001529717
 11
733283.3062905711
 21
-506542.4449252064
 31
0.0000000001529717
  0
LINE
  5
F100ED1
330
2
100
AcDbEntity
  8
STEEL
 48
10.0
100
AcDbLine
 10
731653.3062905711
 20
-506772.4449252072
 30
0.0000000001529717
 11
738173.3062905709
 21
-506772.4449252061
 31
0.0000000001529717
  0
LINE
  5
F100ED2
330
2
100
AcDbEntity
  8
STEEL
 48
10.0
100
AcDbLine
 10
733398.3062905706
 20
-506657.4449252058
 30
0.0000000001529717
 11
736428.3062905711
 21
-506657.4449252075
 31
0.0000000001529717
  0
LINE
  5
F100ED3
330
2
100
AcDbEntity
  8
STEEL
  6
HIDDEN
 48
1000.0
100
AcDbLine
 10
736543.3062905709
 20
-506542.4449252075
 30
0.0000000001529717
 11
738173.306290571
 21
-506542.4449252077
 31
0.0000000001529717
  0
LINE
  5
F100ED4
330
2
100
AcDbEntity
  8
STEEL
  6
HIDDEN
 48
1000.0
100
AcDbLine
 10
733283.3062905711
 20
-506542.4449252064
 30
0.0000000001529717
 11
733398.3062905709
 21
-506657.4449252064
 31
0.0000000001529717
  0
LINE
  5
F100ED5
330
2
100
AcDbEntity
  8
STEEL
 48
10.0
100
AcDbLine
 10
736543.3062905709
 20
-506542.4449252075
 30
0.0000000001529717
 11
736428.3062905709
 21
-506657.4449252075
 31
0.0000000001529717
  0
LEADER
  5
F100ED9
330
2
100
AcDbEntity
  8
DIM
 48
10.0
100
AcDbLeader
  3
BEAMS
 76
     3
 10
734976.028130553
 20
-506657.4449252014
 30
0.0000000001529717
 10
734976.028130553
 20
-507099.1832689299
 30
0.0000000001529717
 10
735189.2107783605
 20
-507099.1832689299
 30
0.0000000001529717
1001
ACAD
1000
DSTYLE
1002
{
1070
    41
1040
150.0
1070
    77
1070
     0
1002
}
  0
MTEXT
  5
F100EDA
330
2
100
AcDbEntity
  8
TXT
 48
10.0
100
AcDbMText
 10
735232.4436551488
 20
-507305.5206057402
 30
0.0000000001529717
 40
275.0
 41
0.9351398362892224
 46
0.0
 71
     7
 72
     5
  1
#8@150c/c
  7
ARIAL
 73
     1
 44
1.0
  0
MTEXT
  5
F100F89
102
{ACAD_XDICTIONARY
360
F100F8A
102
}
330
2
100
AcDbEntity
  8
TEXT
 48
10.0
100
AcDbMText
 10
708212.511203895
 20
-506844.286680208
 30
0.000000000306065
 40
300.0
 41
718.2114597544338
 46
0.0
 71
     1
 72
     5
  1
\pxqc;PB1(230x380)
  7
ARIAL
 11
6.123233995736766E-17
 21
1.0
 31
0.0
 73
     1
 44
1.0
  0
MTEXT
  5
F100F8B
102
{ACAD_XDICTIONARY
360
F100F8C
102
}
330
2
100
AcDbEntity
  8
TEXT
 48
10.0
100
AcDbMText
 10
714272.5112038947
 20
-506844.286680208
 30
0.0000000003073536
 40
300.0
 41
718.2114597544338
 46
0.0
 71
     1
 72
     5
  1
\pxqc;PB1(230x380)
  7
ARIAL
 11
6.123233995736766E-17
 21
1.0
 31
0.0
 73
     1
 44
1.0
  0
LINE
  5
F101073
330
2
100
AcDbEntity
  8
BEAMS
 48
10.0
100
AcDbLine
 10
734069.5862142518
 20
-496512.4585525122
 30
0.0
 11
734544.5862142523
 21
-496512.458552512
 31
0.0
  0
LWPOLYLINE
  5
F101074
330
2
100
AcDbEntity
  8
HATCH
 48
10.0
100
AcDbPolyline
 90
        6
 70
     0
 43
0.0
 10
734069.5862142518
 20
-496362.4585525122
 10
734069.5862142518
 20
-496662.2730550205
 10
733919.3360128207
 20
-496762.4585525122
 10
734219.1082552774
 20
-496762.4585525122
 10
734069.5862142518
 20
-496862.1608820733
 10
734069.5862142518
 20
-497162.4585525122
  0
LINE
  5
F101075
330
2
100
AcDbEntity
  8
BEAMS
 48
10.0
100
AcDbLine
 10
734544.5862142523
 20
-497012.458552512
 30
-0.0000000000000284
 11
734069.5862142518
 21
-497012.4585525122
 31
-0.0000000000000284
  0
DIMENSION
  5
F101076
330
2
100
AcDbEntity
  8
DIM
 48
10.0
100
AcDbDimension
280
     0
  2
*D33
 10
733619.5862142574
 20
-496512.4585525124
 30
-0.0000000000000284
 11
733479.7072920197
 21
-496762.4585525125
 31
-0.0000000000000284
 70
    32
 71
     5
 42
125.0
 73
     0
 74
     0
 75
     0
  3
BEAMS
100
AcDbAlignedDimension
 13
734069.5862142518
 23
-497012.4585525122
 33
-0.0000000000000284
 14
734069.5862142518
 24
-496512.4585525122
 34
-0.0000000000000284
 50
90.0
100
AcDbRotatedDimension
1001
ACAD_DSTYLE_DIM_LINETYPE
1070
   380
1005
25
1001
ACAD_DSTYLE_DIM_EXT1_LINETYPE
1070
   381
1005
25
1001
ACAD_DSTYLE_DIM_EXT2_LINETYPE
1070
   382
1005
25
1001
ACAD
1000
DSTYLE
1002
{
1070
   172
1070
     1
1070
   144
1040
0.25
1002
}
  0
MTEXT
  5
F10109D
102
{ACAD_XDICTIONARY
360
F10109E
102
}
330
2
100
AcDbEntity
  8
TEXT
 48
10.0
100
AcDbMText
 10
735417.977126494
 20
-504585.6512791932
 30
0.000000000306783
 40
300.0
 41
1736.901773533425
 46
0.0
 71
     1
 72
     5
  1
\pxqc;125 THK.
  7
ARIAL
 73
     1
 44
1.0
  0
LWPOLYLINE
  5
F1010A0
330
2
100
AcDbEntity
  8
TEXT
 48
10.0
100
AcDbPolyline
 90
        4
 70
     1
 43
0.0
 10
735380.1735195154
 20
-504501.9718652614
 10
737222.1777727259
 20
-504501.9718652614
 10
737222.1777727259
 20
-505002.1648178562
 10
735380.1735195154
 20
-505002.1648178562
  0
TEXT
  5
F101263
330
2
100
AcDbEntity
  8
TEXT
100
AcDbText
 10
732479.84821865
 20
-517296.5759533222
 30
0.0000000000000142
 40
221.6952046083736
  1
%%UNOTES
  7
ARIAL
100
AcDbText
  0
TEXT
  5
F101264
330
2
100
AcDbEntity
  8
TEXT
100
AcDbText
 10
732427.7861864555
 20
-526862.6363200893
 30
0.0000000000000142
 40
197.5308091379505
  1
11.   READ THIS DRAWING ALONG WITH RELEVANT 
  7
ARIAL
100
AcDbText
  0
TEXT
  5
F101265
330
2
100
AcDbEntity
  8
TEXT
100
AcDbText
 10
733060.1421815511
 20
-527211.5514831971
 30
0.0000000000000142
 40
197.5308091379505
  1
ARCHITECTURAL DRAWINGS. 
  7
ARIAL
100
AcDbText
  0
TEXT
  5
F101266
330
2
100
AcDbEntity
  8
TEXT
100
AcDbText
 10
733057.3056636258
 20
-525311.6807390556
 30
0.0000000000000142
 40
197.5308091379505
  1
CODES SHALL BE STRICTLY FOLLOWED 
  7
ARIAL
100
AcDbText
  0
TEXT
  5
F101267
330
2
100
AcDbEntity
  8
TEXT
100
AcDbText
 10
732654.1651919886
 20
-524994.0520315374
 30
0.0000000000000142
 40
197.5308091379505
  1
9.  THE PROVISIONS MADE IN IS:456 & OTHER RELEVANT
  7
ARIAL
100
AcDbText
  0
TEXT
  5
F101268
330
2
100
AcDbEntity
  8
TEXT
100
AcDbText
 10
732672.1868682978
 20
-522406.0983400997
 30
0.0000000000000142
 40
197.5308091379505
  1
7.  PROVIDE CLEAR COVER FOR 
  7
ARIAL
100
AcDbText
  0
TEXT
  5
F101269
330
2
100
AcDbEntity
  8
TEXT
100
AcDbText
 10
732652.9957839431
 20
-524210.22600492
 30
0.0000000000000142
 40
197.5308091379505
  1
8.  PROVIDE A MINIMUM LAP LENGTH OF 47 TIMES 
  7
ARIAL
100
AcDbText
  0
TEXT
  5
F10126A
330
2
100
AcDbEntity
  8
TEXT
100
AcDbText
 10
732815.968380235
 20
-524582.793597404
 30
0.0000000000000142
 40
197.5308091379505
  1
   DIA OF THE MAIN REINFORCEMENT .
  7
ARIAL
100
AcDbText
  0
TEXT
  5
F10126B
330
2
100
AcDbEntity
  8
TEXT
100
AcDbText
 10
732609.3686214149
 20
-520999.2129527126
 30
0.0000000000000142
 40
197.5308091379505
  1
5.  THIS STRUCTURE IS DESIGNED FOR LIFT SHAFT ONLY 
  7
ARIAL
100
AcDbText
  0
TEXT
  5
F10126C
330
2
100
AcDbEntity
  8
TEXT
100
AcDbText
 10
732464.3373093015
 20
-521363.561912385
 30
0.0000000000000142
 40
197.5308091379505
  1
  6.  USE M25 GRADE CONCRETE & FE-550 STEEL 
  7
ARIAL
100
AcDbText
  0
TEXT
  5
F10126D
330
2
100
AcDbEntity
  8
TEXT
100
AcDbText
 10
733046.0994826686
 20
-521712.986638778
 30
0.0000000000000142
 40
197.5308091379505
  1
CONFORMING TO IS:456-2000 & IS : 1786-2008 AND
  7
ARIAL
100
AcDbText
  0
TEXT
  5
F10126E
330
2
100
AcDbEntity
  8
TEXT
100
AcDbText
 10
733042.9327634567
 20
-522043.2293012952
 30
0.0000000000000142
 40
197.5308091379505
  1
AMENDMENTS FOR ALL STRUCTURAL MEMBERS.
  7
ARIAL
100
AcDbText
  0
TEXT
  5
F10126F
330
2
100
AcDbEntity
  8
TEXT
100
AcDbText
 10
733044.2941807266
 20
-526265.626397562
 30
0.0000000000000142
 40
197.5308091379505
  1
50% OF TOTAL REINFORCEMENT AT A PARTICULAR 
  7
ARIAL
100
AcDbText
  0
TEXT
  5
F101270
330
2
100
AcDbEntity
  8
TEXT
100
AcDbText
 10
732490.70429842
 20
-525957.7241995775
 30
0.0000000000000142
 40
197.5308091379505
  1
10.  LAPPING SHALL NOT BE DONE FOR MORE THAN 
  7
ARIAL
100
AcDbText
  0
TEXT
  5
F101271
330
2
100
AcDbEntity
  8
TEXT
100
AcDbText
 10
733079.1246138547
 20
-526551.0054420858
 30
0.0000000000000142
 40
197.5308091379505
  1
SECTION.
  7
ARIAL
100
AcDbText
  0
TEXT
  5
F101272
330
2
100
AcDbEntity
  8
TEXT
100
AcDbText
 10
733088.0818082752
 20
-525610.5379104866
 30
0.0000000000000142
 40
197.5308091379505
  1
DURING EXECUTION.
  7
ARIAL
100
AcDbText
  0
TEXT
  5
F101273
330
2
100
AcDbEntity
  8
TEXT
100
AcDbText
 10
735775.8586514402
 20
-522783.5216405666
 30
0.0000000000000142
 40
197.5308091379505
  1
FOOTINGS     50 mm
  7
ARIAL
100
AcDbText
  0
TEXT
  5
F101274
330
2
100
AcDbEntity
  8
TEXT
100
AcDbText
 10
732659.8579615565
 20
-519572.0099968243
 30
0.0000000000000142
 40
197.5308091379505
  1
4.  SBC OF THE SOIL IS CONSIDERED AS 300 KN/SQ.M 
  7
ARIAL
100
AcDbText
  0
TEXT
  5
F101275
330
2
100
AcDbEntity
  8
TEXT
100
AcDbText
 10
732781.988679099
 20
-519242.4507036983
 30
0.0000000000000142
 40
197.5308091379505
  1
    BEFORE COMMENCEMENT OF WORK AT SITE.
  7
ARIAL
100
AcDbText
  0
TEXT
  5
F101276
330
2
100
AcDbEntity
  8
TEXT
100
AcDbText
 10
732730.264736123
 20
-518922.3303493953
 30
0.0000000000000142
 40
197.5308091379505
  1
    THE NOTICE OF THE CONSULTANT/ DESIGN WING 
  7
ARIAL
100
AcDbText
  0
TEXT
  5
F101277
330
2
100
AcDbEntity
  8
TEXT
100
AcDbText
 10
732701.5281896447
 20
-518592.0239018977
 30
0.0000000000000142
 40
197.5308091379505
  1
3.  IF ANY DISCREPANCIES, SHALL BE BROUGHT TO 
  7
ARIAL
100
AcDbText
  0
TEXT
  5
F101278
330
2
100
AcDbEntity
  8
TEXT
100
AcDbText
 10
732789.3602901505
 20
-518264.0585561122
 30
0.0000000000000142
 40
197.5308091379505
  1
    AND DRAWING SHALL NOT BE SCALED.
  7
ARIAL
100
AcDbText
  0
TEXT
  5
F101279
330
2
100
AcDbEntity
  8
TEXT
100
AcDbText
 10
732669.5204471806
 20
-517671.6005812016
 30
0.0000000000000142
 40
197.5308091379505
  1
1.  ALL DIMENSIONS ARE IN MILLIMETERS.
  7
ARIAL
100
AcDbText
  0
TEXT
  5
F10127A
330
2
100
AcDbEntity
  8
TEXT
100
AcDbText
 10
732669.5204471806
 20
-517981.3547806571
 30
0.0000000000000142
 40
197.5308091379505
  1
2.  ONLY WRITTEN DIMENSIONS SHALL BE FOLLOWED
  7
ARIAL
100
AcDbText
  0
TEXT
  5
F10127B
330
2
100
AcDbEntity
  8
TEXT
100
AcDbText
 10
733056.384543885
 20
-519903.6284483749
 30
0.0000000000000142
 40
197.5308091379505
  1
AND IT SHALL BE ENSURED DURING EXECUTION. 
  7
ARIAL
100
AcDbText
  0
TEXT
  5
F10127C
330
2
100
AcDbEntity
  8
TEXT
100
AcDbText
 10
735839.9320085328
 20
-523130.2865174775
 30
0.0000000000000142
 40
197.5308091379505
  1
WALLS           25 mm
  7
ARIAL
100
AcDbText
  0
TEXT
  5
F10127D
330
2
100
AcDbEntity
  8
TEXT
100
AcDbText
 10
735839.9320085328
 20
-523437.8483412163
 30
0.0000000000000142
 40
197.5308091379505
  1
BEAMS           25 mm
  7
ARIAL
100
AcDbText
  0
TEXT
  5
F10127E
330
2
100
AcDbEntity
  8
TEXT
100
AcDbText
 10
735839.9320085328
 20
-523745.4101649544
 30
0.0000000000000142
 40
197.5308091379505
  1
SLABS            20 mm
  7
ARIAL
100
AcDbText
  0
TEXT
  5
F10127F
330
2
100
AcDbEntity
  8
TEXT
100
AcDbText
 10
733056.384543885
 20
-520239.432065374
 30
0.0000000000000142
 40
197.5308091379505
  1
HOWEVER WE REQUESTED TO INTIMATE
  7
ARIAL
100
AcDbText
  0
TEXT
  5
F101280
330
2
100
AcDbEntity
  8
TEXT
100
AcDbText
 10
733056.384543885
 20
-520601.8370790667
 30
0.0000000000000142
 40
197.5308091379505
  1
IF ANY VARIATION IS FOUND IN THE SOIL STRATA
  7
ARIAL
100
AcDbText
  0
LWPOLYLINE
  5
F101283
330
2
100
AcDbEntity
  8
Columns
100
AcDbPolyline
 90
        4
 70
     1
 43
0.0
 10
740875.4702672395
 20
-527513.1183672872
 10
732168.3256571121
 20
-527513.1183672872
 10
732168.3256571121
 20
-516862.0484178922
 10
740875.4702672395
 20
-516862.0484178922
  0
LWPOLYLINE
  5
F101550
330
2
100
AcDbEntity
  8
Columns
100
AcDbPolyline
 90
        4
 70
     1
 43
0.0
 10
740875.4702672395
 20
-492916.3460489938
 10
740875.4702672395
 20
-527513.1183672872
 10
691948.245653283
 20
-527513.1183672872
 10
691948.245653283
 20
-492916.3460489938
  0
LWPOLYLINE
  5
F101551
330
2
100
AcDbEntity
  8
Columns
100
AcDbPolyline
 90
        4
 70
     1
 43
0.0
 10
741221.4379904243
 20
-492570.3783258108
 10
741221.4379904243
 20
-527859.0860904701
 10
691602.2779300979
 20
-527859.0860904701
 10
691602.2779300979
 20
-492570.3783258108
  0
MTEXT
  5
F101721
102
{ACAD_XDICTIONARY
360
F101722
102
}
330
2
100
AcDbEntity
  8
TXT
100
AcDbMText
 10
704072.1266824645
 20
-520676.7359949663
 30
0.0000000855704369
 40
1000.0
 41
17324.46111869031
 46
0.0
 71
     1
 72
     1
  1
\pxqc;{\LLIFT SHAFT DETAILS}
  7
TIMES
 73
     1
 44
1.0
  0
ENDSEC
  0
SECTION
  2
OBJECTS
  0
DICTIONARY
  5
A
330
0
100
AcDbDictionary
281
     1
  3
AcadDim_CRX
350
A0A278D
  3
ACAD_CIP_PREVIOUS_PRODUCT_INFO
350
FF8
  3
ACAD_COLOR
350
47
  3
ACAD_DETAILVIEWSTYLE
350
FF1
  3
ACAD_GROUP
350
3E
  3
ACAD_LAYOUT
350
17
  3
ACAD_MATERIAL
350
C
  3
ACAD_MLEADERSTYLE
350
4A
  3
ACAD_MLINESTYLE
350
3F
  3
ACAD_PLOTSETTINGS
350
40
  3
ACAD_PLOTSTYLENAME
350
9
  3
ACAD_SCALELIST
350
48
  3
ACAD_SECTIONVIEWSTYLE
350
FEF
  3
ACAD_TABLESTYLE
350
49
  3
ACAD_VISUALSTYLE
350
2B
  3
AcDbVariableDictionary
350
FC7
  3
ACDB_RECOMPOSE_DATA
350
F1017EE
  3
AEC_PROPERTY_SET_DEFS
350
4CF7
  0
DICTIONARY
  5
2D
330
28
100
AcDbDictionary
280
     1
281
     1
  0
DICTIONARY
  5
1E
330
1D
100
AcDbDictionary
280
     1
281
     1
  3
ACAD_LAYERSTATES
360
1F
  0
DICTIONARY
  5
3
330
2
100
AcDbDictionary
280
     1
281
     1
  3
ACAD_SORTENTS
360
EFA
  0
DICTIONARY
  5
F0FEC93
330
F0FE4CD
100
AcDbDictionary
280
     1
281
     1
  0
DICTIONARY
  5
F101732
330
F0FE4DD
100
AcDbDictionary
280
     1
281
     1
  0
DICTIONARY
  5
F0FEC95
330
F0FE787
100
AcDbDictionary
280
     1
281
     1
  0
DICTIONARY
  5
F0FEAD4
330
F0FEAD3
100
AcDbDictionary
280
     1
281
     1
  0
DICTIONARY
  5
F0FED0E
330
F0FED0D
100
AcDbDictionary
280
     1
281
     1
  0
DICTIONARY
  5
F0FEFA7
330
F0FEFA6
100
AcDbDictionary
280
     1
281
     1
  0
DICTIONARY
  5
F0FEFA9
330
F0FEFA8
100
AcDbDictionary
280
     1
281
     1
  0
DICTIONARY
  5
F0FF1B1
330
F0FF1B0
100
AcDbDictionary
280
     1
281
     1
  0
DICTIONARY
  5
F0FF1B6
330
F0FF1B5
100
AcDbDictionary
280
     1
281
     1
  0
DICTIONARY
  5
F0FF1B8
330
F0FF1B7
100
AcDbDictionary
280
     1
281
     1
  0
DICTIONARY
  5
F0FF1BD
330
F0FF1BC
100
AcDbDictionary
280
     1
281
     1
  0
DICTIONARY
  5
F0FF394
330
F0FF393
100
AcDbDictionary
280
     1
281
     1
  0
DICTIONARY
  5
F0FF398
330
F0FF397
100
AcDbDictionary
280
     1
281
     1
  0
DICTIONARY
  5
F0FF39A
330
F0FF399
100
AcDbDictionary
280
     1
281
     1
  0
DICTIONARY
  5
F0FF3AF
330
F0FF3AE
100
AcDbDictionary
280
     1
281
     1
  0
DICTIONARY
  5
F0FF3B4
330
F0FF3B3
100
AcDbDictionary
280
     1
281
     1
  0
DICTIONARY
  5
F0FF3B6
330
F0FF3B5
100
AcDbDictionary
280
     1
281
     1
  0
DICTIONARY
  5
F0FF3BB
330
F0FF3BA
100
AcDbDictionary
280
     1
281
     1
  0
DICTIONARY
  5
F0FF56B
330
F0FF56A
100
AcDbDictionary
280
     1
281
     1
  0
DICTIONARY
  5
F0FF56F
330
F0FF56E
100
AcDbDictionary
280
     1
281
     1
  0
DICTIONARY
  5
F0FF571
330
F0FF570
100
AcDbDictionary
280
     1
281
     1
  0
DICTIONARY
  5
F0FF586
330
F0FF585
100
AcDbDictionary
280
     1
281
     1
  0
DICTIONARY
  5
F0FF58B
330
F0FF58A
100
AcDbDictionary
280
     1
281
     1
  0
DICTIONARY
  5
F0FF58D
330
F0FF58C
100
AcDbDictionary
280
     1
281
     1
  0
DICTIONARY
  5
F0FF592
330
F0FF591
100
AcDbDictionary
280
     1
281
     1
  0
DICTIONARY
  5
F100F8A
330
F100F89
100
AcDbDictionary
280
     1
281
     1
  0
DICTIONARY
  5
F100F8C
330
F100F8B
100
AcDbDictionary
280
     1
281
     1
  0
DICTIONARY
  5
F10109E
330
F10109D
100
AcDbDictionary
280
     1
281
     1
  0
DICTIONARY
  5
F101722
330
F101721
100
AcDbDictionary
280
     1
281
     1
  0
XRECORD
  5
A0A278D
102
{ACAD_REACTORS
330
A
102
}
330
A
100
AcDbXrecord
280
     1
 90
   990106
  3

 60
     0
 61
     0
 62
     1
 63
     3
 64
     0
 65
     0
 66
     0
 67
     3
 68
     1
 69
     0
 70
     0
 71
     0
 72
     0
 40
0.0
170
     0
  0
XRECORD
  5
FF8
102
{ACAD_REACTORS
330
A
102
}
330
A
100
AcDbXrecord
280
     1
300
ACD
300
2024
300

  0
DICTIONARY
  5
47
102
{ACAD_REACTORS
330
A
102
}
330
A
100
AcDbDictionary
281
     1
  0
DICTIONARY
  5
FF1
102
{ACAD_REACTORS
330
A
102
}
330
A
100
AcDbDictionary
281
     1
  3
Imperial24
350
10130F5
  3
Metric50
350
FF2
  0
DICTIONARY
  5
3E
102
{ACAD_REACTORS
330
A
102
}
330
A
100
AcDbDictionary
281
     1
  0
DICTIONARY
  5
17
102
{ACAD_REACTORS
330
A
102
}
330
A
100
AcDbDictionary
281
     1
  3
Layout1
350
1C
  3
Model
350
16
  0
DICTIONARY
  5
C
102
{ACAD_REACTORS
330
A
102
}
330
A
100
AcDbDictionary
281
     1
  3
ByBlock
350
44
  3
ByLayer
350
41
  3
Global
350
B
  0
DICTIONARY
  5
4A
102
{ACAD_REACTORS
330
A
102
}
330
A
100
AcDbDictionary
281
     1
  3
Standard
350
FEE
  0
DICTIONARY
  5
3F
102
{ACAD_REACTORS
330
A
102
}
330
A
100
AcDbDictionary
281
     1
  3
Standard
350
4C
  0
DICTIONARY
  5
40
102
{ACAD_REACTORS
330
A
102
}
330
A
100
AcDbDictionary
281
     1
  0
ACDBDICTIONARYWDFLT
  5
9
102
{ACAD_REACTORS
330
A
102
}
330
A
100
AcDbDictionary
281
     1
  3
Normal
350
8
100
AcDbDictionaryWithDefault
340
8
  0
DICTIONARY
  5
48
102
{ACAD_REACTORS
330
A
102
}
330
A
100
AcDbDictionary
281
     1
  3
*A1
350
51
  3
*A2
350
4CEF
  3
*A3
350
4CF0
  3
A0
350
52
  3
A1
350
53
  3
A2
350
54
  3
A3
350
55
  3
A4
350
56
  3
A5
350
57
  3
A6
350
58
  3
A7
350
59
  3
A8
350
5A
  3
A9
350
5B
  3
B0
350
5C
  3
B1
350
5D
  3
B2
350
5E
  3
B3
350
5F
  3
B4
350
60
  3
B5
350
61
  3
B6
350
62
  0
DICTIONARY
  5
FEF
102
{ACAD_REACTORS
330
A
102
}
330
A
100
AcDbDictionary
281
     1
  3
Imperial24
350
10130F4
  3
Metric50
350
FF0
  0
DICTIONARY
  5
49
102
{ACAD_REACTORS
330
A
102
}
330
A
100
AcDbDictionary
281
     1
  3
Standard
350
4D
  0
DICTIONARY
  5
2B
102
{ACAD_REACTORS
330
A
102
}
330
A
100
AcDbDictionary
281
     1
  3
2dWireframe
350
2A
  3
3dWireframe
350
101522F
  3
Basic
350
FDD
  3
Brighten
350
FE1
  3
ColorChange
350
FE5
  3
Conceptual
350
FDF
  3
Dim
350
FE0
  3
EdgeColorOff
350
FED
  3
Facepattern
350
FE4
  3
Flat
350
FD9
  3
FlatWithEdges
350
FDA
  3
Gouraud
350
FDB
  3
GouraudWithEdges
350
FDC
  3
Hidden
350
FDE
  3
JitterOff
350
FEB
  3
Linepattern
350
FE3
  3
OverhangOff
350
FEC
  3
Realistic
350
4F
  3
Shaded
350
FEA
  3
Shaded with edges
350
FE9
  3
Shades of Gray
350
FE6
  3
Sketchy
350
FE7
  3
Thicken
350
FE2
  3
Wireframe
350
50
  3
X-Ray
350
FE8
  0
DICTIONARY
  5
FC7
102
{ACAD_REACTORS
330
A
102
}
330
A
100
AcDbDictionary
281
     1
  3
CANNOSCALE
350
FCD
  3
CMLEADERSTYLE
350
FC9
  3
CTABLESTYLE
350
FC8
  3
CVIEWDETAILSTYLE
350
FCA
  3
CVIEWSECTIONSTYLE
350
FCB
  3
DIMASSOC
350
FD4
  3
HIDETEXT
350
FD3
  3
INDEXCTL
350
FD2
  3
LAYEREVAL
350
FCF
  3
LAYERNOTIFY
350
FD0
  3
LIGHTINGUNITS
350
FCE
  3
MSLTSCALE
350
FCC
  3
SORTENTS
350
FD1
  0
XRECORD
  5
F1017EE
102
{ACAD_REACTORS
330
A
102
}
330
A
100
AcDbXrecord
280
     1
 90
        1
330
4D
  0
DICTIONARY
  5
4CF7
102
{ACAD_REACTORS
330
A
102
}
330
A
100
AcDbDictionary
281
     1
  0
DICTIONARY
  5
1F
102
{ACAD_REACTORS
330
1E
102
}
330
1E
100
AcDbDictionary
281
     1
  0
SORTENTSTABLE
  5
EFA
102
{ACAD_REACTORS
330
3
102
}
330
3
100
AcDbSortentsTable
330
2
331
9096A33
  5
9097B42
331
9097129
  5
9097B45
331
F0FE345
  5
F0FE7AC
331
F0FE347
  5
F0FE345
331
F0FE34B
  5
F0FE347
331
F0FE34D
  5
F0FE34B
331
F0FE351
  5
F0FE34D
331
F0FE353
  5
F0FE351
331
F0FE357
  5
F0FE353
331
F0FE359
  5
F0FE357
331
F0FE35D
  5
F0FE359
331
F0FE35F
  5
F0FE35D
331
F0FE363
  5
F0FE35F
331
F0FE365
  5
F0FE363
331
F0FE369
  5
F0FE365
331
F0FE36B
  5
F0FE369
331
F0FE36F
  5
F0FE36B
331
F0FE371
  5
F0FE36F
331
F0FE375
  5
F0FE371
331
F0FE377
  5
F0FE375
331
F0FE37B
  5
F0FE377
331
F0FE37D
  5
F0FE37B
331
F0FE381
  5
F0FE37D
331
F0FE383
  5
F0FE381
331
F0FE387
  5
F0FE383
331
F0FE389
  5
F0FE387
331
F0FE38D
  5
F0FE389
331
F0FE38F
  5
F0FE38D
331
F0FE393
  5
F0FE38F
331
F0FE395
  5
F0FE393
331
F0FE399
  5
F0FE395
331
F0FE39B
  5
F0FE399
331
F0FE39F
  5
F0FE39B
331
F0FE3A1
  5
F0FE39F
331
F0FE3A5
  5
F0FE3A1
331
F0FE3A7
  5
F0FE3A5
331
F0FE3AB
  5
F0FE3A7
331
F0FE3AD
  5
F0FE3AB
331
F0FE3B1
  5
F0FE3AD
331
F0FE3B3
  5
F0FE3B1
331
F0FE3B7
  5
F0FE3B3
331
F0FE3B9
  5
F0FE3B7
331
F0FE3BD
  5
F0FE3B9
331
F0FE3BF
  5
F0FE3BD
331
F0FE3C3
  5
F0FE3BF
331
F0FE3C5
  5
F0FE3C3
331
F0FE3C9
  5
F0FE3C5
331
F0FE3CB
  5
F0FE3C9
331
F0FE3CF
  5
F0FE3CB
331
F0FE3D1
  5
F0FE3CF
331
F0FE3D5
  5
F0FE3D1
331
F0FE3D7
  5
F0FE3D5
331
F0FE3DB
  5
F0FE3D7
331
F0FE3DD
  5
F0FE3DB
331
F0FE3E1
  5
F0FE3DD
331
F0FE3E3
  5
F0FE3E1
331
F0FE3E7
  5
F0FE3E3
331
F0FE3E9
  5
F0FE3E7
331
F0FE3ED
  5
F0FE3E9
331
F0FE3EF
  5
F0FE3ED
331
F0FE3F3
  5
F0FE3EF
331
F0FE3F5
  5
F0FE3F3
331
F0FE3F9
  5
F0FE3F5
331
F0FE3FB
  5
F0FE3F9
331
F0FE3FF
  5
F0FE3FB
331
F0FE401
  5
F0FE3FF
331
F0FE405
  5
F0FE401
331
F0FE407
  5
F0FE405
331
F0FE40B
  5
F0FE407
331
F0FE40D
  5
F0FE40B
331
F0FE411
  5
F0FE40D
331
F0FE413
  5
F0FE411
331
F0FE417
  5
F0FE413
331
F0FE419
  5
F0FE417
331
F0FE41D
  5
F0FE419
331
F0FE41F
  5
F0FE41D
331
F0FE423
  5
F0FE41F
331
F0FE425
  5
F0FE423
331
F0FE429
  5
F0FE425
331
F0FE42B
  5
F0FE429
331
F0FE42F
  5
F0FE42B
331
F0FE431
  5
F0FE42F
331
F0FE435
  5
F0FE431
331
F0FE437
  5
F0FE435
331
F0FE43B
  5
F0FE437
331
F0FE43D
  5
F0FE43B
331
F0FE441
  5
F0FE43D
331
F0FE443
  5
F0FE441
331
F0FE447
  5
F0FE443
331
F0FE449
  5
F0FE447
331
F0FE44D
  5
F0FE449
331
F0FE44F
  5
F0FE44D
331
F0FE453
  5
F0FE44F
331
F0FE455
  5
F0FE453
331
F0FE459
  5
F0FE455
331
F0FE45B
  5
F0FE459
331
F0FE45F
  5
F0FE45B
331
F0FE461
  5
F0FE45F
331
F0FE465
  5
F0FE461
331
F0FE467
  5
F0FE465
331
F0FE46B
  5
F0FE467
331
F0FE46D
  5
F0FE46B
331
F0FE471
  5
F0FE46D
331
F0FE473
  5
F0FE471
331
F0FE477
  5
F0FE473
331
F0FE479
  5
F0FE477
331
F0FE47D
  5
F0FE479
331
F0FE47F
  5
F0FE47D
331
F0FE483
  5
F0FE47F
331
F0FE485
  5
F0FE483
331
F0FE489
  5
F0FE485
331
F0FE48B
  5
F0FE489
331
F0FE48F
  5
F0FE48B
331
F0FE491
  5
F0FE48F
331
F0FE495
  5
F0FE491
331
F0FE497
  5
F0FE495
331
F0FE49B
  5
F0FE497
331
F0FE49D
  5
F0FE49B
331
F0FE4A1
  5
F0FE49D
331
F0FE4A3
  5
F0FE4A1
331
F0FE4A7
  5
F0FE4A3
331
F0FE4A9
  5
F0FE4A7
331
F0FE4AD
  5
F0FE4A9
331
F0FE4AF
  5
F0FE4AD
331
F0FE4B3
  5
F0FE4AF
331
F0FE4B5
  5
F0FE4B3
331
F0FE4B9
  5
F0FE4B5
331
F0FE4BB
  5
F0FE4B9
331
F0FE4BF
  5
F0FE4BB
331
F0FE4C0
  5
F0FE4BF
331
F0FE4C1
  5
F0FE4C0
331
F0FE4C2
  5
F0FE4C1
331
F0FE4C3
  5
F0FE4C2
331
F0FE4C4
  5
F0FE4C3
331
F0FE4C5
  5
F0FE4C4
331
F0FE4C6
  5
F0FE4C5
331
F0FE4C7
  5
F0FE4C6
331
F0FE4C8
  5
F0FE4C7
331
F0FE4C9
  5
F0FE4C8
331
F0FE4CA
  5
F0FE4C9
331
F0FE4CD
  5
F0FE4CC
331
F0FE4CE
  5
F0FE4CD
331
F0FE4CF
  5
F0FE4CE
331
F0FE4D0
  5
F0FE4CF
331
F0FE4D1
  5
F0FE4D0
331
F0FE4D2
  5
F0FE4D1
331
F0FE4D3
  5
F0FE4D2
331
F0FE4D4
  5
F0FE4D3
331
F0FE4D5
  5
F0FE4D4
331
F0FE4D6
  5
F0FE4D5
331
F0FE4D7
  5
F0FE4D6
331
F0FE4D8
  5
F0FE4D7
331
F0FE4D9
  5
F0FE4D8
331
F0FE4DA
  5
F0FE4D9
331
F0FE4DB
  5
F0FE4DA
331
F0FE4DC
  5
F0FE4DB
331
F0FE4DD
  5
F0FE4DC
331
F0FE4DE
  5
F0FE4DD
331
F0FE4DF
  5
F0FE4DE
331
F0FE4E0
  5
F0FE4DF
331
F0FE4E1
  5
F0FE4E0
331
F0FE4E2
  5
F0FE4E1
331
F0FE4E3
  5
F0FE4E2
331
F0FE4E4
  5
F0FE4E3
331
F0FE4E5
  5
F0FE4E4
331
F0FE4E6
  5
F0FE4E5
331
F0FE4E7
  5
F0FE4E6
331
F0FE4E8
  5
F0FE4E7
331
F0FE4FC
  5
F0FE4FA
331
F0FE500
  5
F0FE4FC
331
F0FE502
  5
F0FE500
331
F0FE506
  5
F0FE502
331
F0FE508
  5
F0FE506
331
F0FE50C
  5
F0FE508
331
F0FE50E
  5
F0FE50C
331
F0FE512
  5
F0FE50E
331
F0FE514
  5
F0FE512
331
F0FE518
  5
F0FE514
331
F0FE51A
  5
F0FE518
331
F0FE51E
  5
F0FE51A
331
F0FE520
  5
F0FE51E
331
F0FE524
  5
F0FE520
331
F0FE526
  5
F0FE524
331
F0FE52A
  5
F0FE526
331
F0FE532
  5
F0FE530
331
F0FE536
  5
F0FE532
331
F0FE538
  5
F0FE536
331
F0FE53C
  5
F0FE538
331
F0FE53E
  5
F0FE53C
331
F0FE542
  5
F0FE53E
331
F0FE544
  5
F0FE542
331
F0FE548
  5
F0FE544
331
F0FE54A
  5
F0FE548
331
F0FE54E
  5
F0FE54A
331
F0FE550
  5
F0FE54E
331
F0FE554
  5
F0FE550
331
F0FE556
  5
F0FE554
331
F0FE55A
  5
F0FE556
331
F0FE55B
  5
F0FE55A
331
F0FE55C
  5
F0FE55B
331
F0FE55D
  5
F0FE55C
331
F0FE55E
  5
F0FE55D
331
F0FE55F
  5
F0FE55E
331
F0FE560
  5
F0FE55F
331
F0FE561
  5
F0FE560
331
F0FE563
  5
F0FE561
331
F0FE567
  5
F0FE563
331
F0FE569
  5
F0FE567
331
F0FE56D
  5
F0FE569
331
F0FE56F
  5
F0FE56D
331
F0FE573
  5
F0FE56F
331
F0FE575
  5
F0FE573
331
F0FE579
  5
F0FE575
331
F0FE58D
  5
F0FE58B
331
F0FE591
  5
F0FE58D
331
F0FE593
  5
F0FE591
331
F0FE597
  5
F0FE593
331
F0FE599
  5
F0FE597
331
F0FE59D
  5
F0FE599
331
F0FE59F
  5
F0FE59D
331
F0FE5A3
  5
F0FE59F
331
F0FE5A5
  5
F0FE5A3
331
F0FE5A9
  5
F0FE5A5
331
F0FE5AB
  5
F0FE5A9
331
F0FE5AF
  5
F0FE5AB
331
F0FE5B1
  5
F0FE5AF
331
F0FE5B5
  5
F0FE5B1
331
F0FE5B7
  5
F0FE5B5
331
F0FE5BB
  5
F0FE5B7
331
F0FE5C3
  5
F0FE5C1
331
F0FE5C7
  5
F0FE5C3
331
F0FE5C9
  5
F0FE5C7
331
F0FE5CD
  5
F0FE5C9
331
F0FE5CF
  5
F0FE5CD
331
F0FE5D3
  5
F0FE5CF
331
F0FE5D5
  5
F0FE5D3
331
F0FE5D9
  5
F0FE5D5
331
F0FE5DB
  5
F0FE5D9
331
F0FE5DF
  5
F0FE5DB
331
F0FE5E1
  5
F0FE5DF
331
F0FE5E5
  5
F0FE5E1
331
F0FE5E7
  5
F0FE5E5
331
F0FE5EB
  5
F0FE5E7
331
F0FE5F0
  5
F0FE5EB
331
F0FE5FA
  5
F0FE5F0
331
F0FE5FB
  5
F0FE5FA
331
F0FE5FC
  5
F0FE5FB
331
F0FE5FD
  5
F0FE5FC
331
F0FE5FE
  5
F0FE5FD
331
F0FE5FF
  5
F0FE5FE
331
F0FE615
  5
F0FE5FF
331
F0FE62B
  5
F0FE615
331
F0FE62C
  5
F0FE62B
331
F0FE62D
  5
F0FE62C
331
F0FE62E
  5
F0FE62D
331
F0FE62F
  5
F0FE62E
331
F0FE630
  5
F0FE62F
331
F0FE631
  5
F0FE630
331
F0FE632
  5
F0FE631
331
F0FE633
  5
F0FE632
331
F0FE634
  5
F0FE633
331
F0FE635
  5
F0FE634
331
F0FE636
  5
F0FE635
331
F0FE637
  5
F0FE636
331
F0FE638
  5
F0FE637
331
F0FE650
  5
F0FE638
331
F0FE666
  5
F0FE7AD
331
F0FE667
  5
F0FE650
331
F0FE668
  5
F0FE666
331
F0FE669
  5
F0FE7AE
331
F0FE66A
  5
F0FE667
331
F0FE66B
  5
F0FE668
331
F0FE66C
  5
F0FE7AF
331
F0FE66D
  5
F0FE669
331
F0FE66E
  5
F0FE66A
331
F0FE66F
  5
F0FE66B
331
F0FE670
  5
F0FE66C
331
F0FE672
  5
F0FE66D
331
F0FE676
  5
F0FE66E
331
F0FE678
  5
F0FE66F
331
F0FE67C
  5
F0FE670
331
F0FE67E
  5
F0FE672
331
F0FE682
  5
F0FE676
331
F0FE684
  5
F0FE678
331
F0FE688
  5
F0FE67C
331
F0FE689
  5
F0FE67E
331
F0FE68B
  5
F0FE682
331
F0FE695
  5
F0FE684
331
F0FE696
  5
F0FE688
331
F0FE697
  5
F0FE689
331
F0FE699
  5
F0FE68B
331
F0FE6A3
  5
F0FE695
331
F0FE6A4
  5
F0FE696
331
F0FE6A5
  5
F0FE697
331
F0FE6BD
  5
F0FE699
331
F0FE6D5
  5
F0FE6A3
331
F0FE6EB
  5
F0FE6A4
331
F0FE701
  5
F0FE6A5
331
F0FE717
  5
F0FE6BD
331
F0FE72D
  5
F0FE6D5
331
F0FE743
  5
F0FE6EB
331
F0FE759
  5
F0FE701
331
F0FE76F
  5
F0FE717
331
F0FE785
  5
F0FE72D
331
F0FE786
  5
F0FE743
331
F0FE787
  5
F0FE759
331
F0FE78A
  5
F0FE76F
331
F0FE7A1
  5
F0FE785
331
F0FE7A2
  5
F0FE786
331
F0FE7A3
  5
F0FE787
331
F0FE7A4
  5
F0FE78A
331
F0FE7A6
  5
F0FE7A1
331
F0FE7A7
  5
F0FE7A2
331
F0FE7A8
  5
F0FE7A3
331
F0FE7A9
  5
F0FE7A4
331
F0FE7AB
  5
F0FE7A6
331
F0FE7AC
  5
F0FE7A7
331
F0FE7AD
  5
F0FE7A8
331
F0FE7AE
  5
F0FE7A9
331
F0FE7AF
  5
F0FE7AB
331
F0FED02
  5
F0FED03
331
F0FED04
  5
F0FED06
331
F0FED05
  5
F0FED07
331
F0FED06
  5
F0FED08
331
F0FED07
  5
F0FED0A
331
F0FED08
  5
F0FED0B
331
F0FED09
  5
F0FED0D
331
F0FED0A
  5
F0FEDE1
331
F0FED0B
  5
F0FEDF9
331
F0FED0C
  5
F0FEE3F
331
F0FED0D
  5
F0FEE40
331
F0FEDE1
  5
F0FEE41
331
F0FEDF9
  5
F0FEE42
331
F0FEE41
  5
F0FED0C
331
F0FEE42
  5
F0FED09
  0
ACDBDETAILVIEWSTYLE
  5
10130F5
102
{ACAD_REACTORS
330
FF1
102
}
330
FF1
100
AcDbModelDocViewStyle
 70
     0
  3
Imperial24
290
     0
300
Imperial24
 90
        0
100
AcDbDetailViewStyle
 70
     0
 71
     0
 90
        3
 71
     1
340
21
 62
   256
 40
0.24
340
0
 62
   256
 40
0.24
300

 40
0.36
280
     3
 71
     2
340
14
 90
       25
 62
   256
 71
     3
340
21
 62
   256
 40
0.24
 90
        1
 40
0.75
 90
        1
300
%<\AcVar ViewType \f "%tc1">% %<\AcVar ViewDetailId>%\PSCALE %<\AcVar ViewScale \f "%sn">%
 71
     4
340
14
 90
       25
 62
   256
340
14
 90
       25
 62
   256
280
     0
  0
ACDBDETAILVIEWSTYLE
  5
FF2
102
{ACAD_REACTORS
330
FF1
102
}
330
FF1
100
AcDbModelDocViewStyle
 70
     0
  3
Metric50
290
     0
300
Metric50
 90
        0
100
AcDbDetailViewStyle
 70
     0
 71
     0
 90
        3
 71
     1
340
21
 62
   256
 40
5.0
340
0
 62
   256
 40
5.0
300

 40
0.0
280
     1
 71
     2
340
14
 90
       25
 62
   256
 71
     3
340
21
 62
   256
 40
5.0
 90
        0
 40
15.0
 90
        1
300
%<\AcVar ViewDetailId>% (%<\AcVar ViewScale \f "%sn">%)
 71
     4
340
14
 90
       25
 62
   256
340
14
 90
       25
 62
   256
280
     0
  0
LAYOUT
  5
1C
102
{ACAD_REACTORS
330
17
102
}
102
{ACAD_XDICTIONARY
360
F68
102
}
330
17
100
AcDbPlotSettings
  1

  2
None
  4
ISO_A4_(210.00_x_297.00_MM)
  6

 40
7.5
 41
20.0
 42
7.5
 43
20.0
 44
210.0
 45
297.0
 46
0.0
 47
0.0
 48
0.0
 49
0.0
140
0.0
141
0.0
142
1.0
143
1.0
 70
   688
 72
     1
 73
     1
 74
     5
  7
SVLNR.ctb
 75
    16
 76
     0
 77
     2
 78
   300
147
1.0
148
0.0
149
0.0
100
AcDbLayout
  1
Layout1
 70
     1
 71
     1
 10
-20.0
 20
-7.5
 11
277.0
 21
202.5
 12
0.0
 22
0.0
 32
0.0
 14
25.69999999999999
 24
-1478.312292511464
 34
-0.0203391732322232
 15
2969.355657471296
 25
175.5
 35
0.0156244069479574
146
0.0
 13
0.0
 23
0.0
 33
0.0
 16
1.0
 26
0.0
 36
0.0
 17
0.0
 27
1.0
 37
0.0
 76
     0
330
19
1001
ACAD_PSEXT
1000
None
1000
None
1000
Not applicable
1000
The layout will not be plotted unless a new plotter configuration name is selected.
1070
     0
  0
LAYOUT
  5
16
102
{ACAD_REACTORS
330
17
102
}
102
{ACAD_XDICTIONARY
360
F65
102
}
330
17
100
AcDbPlotSettings
  1

  2
none_device
  4
ISO_A4_(210.00_x_297.00_MM)
  6

 40
7.5
 41
20.0
 42
7.5
 43
20.0
 44
210.0
 45
297.0
 46
11.54999923706055
 47
-13.65000009536743
 48
0.0
 49
0.0
140
0.0
141
0.0
142
1.0
143
8.704084754739808
 70
 11952
 72
     1
 73
     0
 74
     0
  7
SVLNR.ctb
 75
     0
 76
     0
 77
     2
 78
   300
147
0.1148885871608098
148
0.0
149
0.0
100
AcDbLayout
  1
Model
 70
     1
 71
     0
 10
0.0
 20
0.0
 11
12.0
 21
9.0
 12
0.0
 22
0.0
 32
0.0
 14
0.0
 24
0.0
 34
0.0
 15
0.0
 25
0.0
 35
0.0
146
0.0
 13
0.0
 23
0.0
 33
0.0
 16
1.0
 26
0.0
 36
0.0
 17
0.0
 27
1.0
 37
0.0
 76
     0
330
2
331
29
1001
ACAD_PSEXT
1000
None
1000
None
1000
Not applicable
1000
The layout will not be plotted unless a new plotter configuration name is selected.
1070
     0
  0
MATERIAL
  5
44
102
{ACAD_REACTORS
330
C
102
}
102
{ACAD_XDICTIONARY
360
45
102
}
330
C
100
AcDbMaterial
  1
ByBlock
 72
     1
 73
     2
 78
     2
172
     2
176
     2
270
     2
274
     2
 94
       63
  0
MATERIAL
  5
41
102
{ACAD_REACTORS
330
C
102
}
102
{ACAD_XDICTIONARY
360
42
102
}
330
C
100
AcDbMaterial
  1
ByLayer
 72
     1
 73
     2
 78
     2
172
     2
176
     2
270
     2
274
     2
 94
       63
  0
MATERIAL
  5
B
102
{ACAD_REACTORS
330
C
102
}
102
{ACAD_XDICTIONARY
360
D
102
}
330
C
100
AcDbMaterial
  1
Global
 72
     1
 73
     2
 43
0.0007999999797903
 43
0.0
 43
0.0
 43
0.0
 43
0.0
 43
0.0007999999797903
 43
0.0
 43
0.0
 43
0.0
 43
0.0
 43
1.0
 43
0.0
 43
0.0
 43
0.0
 43
0.0
 43
1.0
 78
     2
172
     2
 49
0.0007999999797903
 49
0.0
 49
0.0
 49
0.0
 49
0.0
 49
0.0007999999797903
 49
0.0
 49
0.0
 49
0.0
 49
0.0
 49
1.0
 49
0.0
 49
0.0
 49
0.0
 49
0.0
 49
1.0
176
     2
142
0.0007999999797903
142
0.0
142
0.0
142
0.0
142
0.0
142
0.0007999999797903
142
0.0
142
0.0
142
0.0
142
0.0
142
1.0
142
0.0
142
0.0
142
0.0
142
0.0
142
1.0
270
     2
144
0.0007999999797903
144
0.0
144
0.0
144
0.0
144
0.0
144
0.0007999999797903
144
0.0
144
0.0
144
0.0
144
0.0
144
1.0
144
0.0
144
0.0
144
0.0
144
0.0
144
1.0
274
     2
 94
       63
1001
ACAD
1070
    -1
1070
     3
1070
     0
1000

1071
        0
1070
     0
  0
MLEADERSTYLE
  5
FEE
102
{ACAD_REACTORS
330
4A
102
}
330
4A
100
AcDbMLeaderStyle
179
     2
170
     2
171
     1
172
     0
 90
        2
 40
0.0
 41
0.0
173
     1
 91
-1056964608
340
24
 92
       -2
290
     1
 42
2.0
291
     1
 43
0.36
  3
Standard
341
0
 44
4.0
300

342
21
174
     1
178
     6
175
     1
176
     0
 93
-1056964608
 45
4.0
292
     0
297
     0
 46
4.0
343
0
 94
-1056964608
 47
1.0
 49
1.0
140
1.0
293
     1
141
0.0
294
     1
177
     0
142
1.0
295
     0
296
     0
143
0.125
271
     0
272
     9
273
     9
298
     1
  0
MLINESTYLE
  5
4C
102
{ACAD_REACTORS
330
3F
102
}
330
3F
100
AcDbMlineStyle
  2
STANDARD
 70
     0
  3

 62
   256
 51
90.0
 52
90.0
 71
     2
 49
0.5
 62
   256
  6
BYLAYER
 49
-0.5
 62
   256
  6
BYLAYER
  0
ACDBPLACEHOLDER
  5
8
102
{ACAD_REACTORS
330
9
102
}
330
9
  0
SCALE
  5
51
102
{ACAD_REACTORS
330
48
102
}
330
48
100
AcDbScale
 70
     0
300
1'-0" = 1'-0"
140
12.0
141
12.0
290
     0
1001
ACAD
1000
AcRTDxfName
1000
SCALE
1000
AcRTDxfName
1000
SCALE
1000
AcRTDxfName
1000
SCALE
1000
AcRTDxfName
1000
SCALE
1000
AcRTDxfName
1000
SCALE
1000
AcRTDxfName
1000
SCALE
  0
SCALE
  5
4CEF
102
{ACAD_REACTORS
330
48
102
}
330
48
100
AcDbScale
 70
     0
300
1/8" = 1'-0"
140
0.125
141
12.0
290
     0
  0
SCALE
  5
4CF0
102
{ACAD_REACTORS
330
48
102
}
330
48
100
AcDbScale
 70
     0
300
1:1000
140
1.0
141
1.0
290
     0
  0
SCALE
  5
52
102
{ACAD_REACTORS
330
48
102
}
330
48
100
AcDbScale
 70
     0
300
1:1
140
1.0
141
1.0
290
     1
  0
SCALE
  5
53
102
{ACAD_REACTORS
330
48
102
}
330
48
100
AcDbScale
 70
     0
300
1:2
140
1.0
141
2.0
290
     0
  0
SCALE
  5
54
102
{ACAD_REACTORS
330
48
102
}
330
48
100
AcDbScale
 70
     0
300
1:4
140
1.0
141
4.0
290
     0
  0
SCALE
  5
55
102
{ACAD_REACTORS
330
48
102
}
330
48
100
AcDbScale
 70
     0
300
1:5
140
1.0
141
5.0
290
     0
  0
SCALE
  5
56
102
{ACAD_REACTORS
330
48
102
}
330
48
100
AcDbScale
 70
     0
300
1:8
140
1.0
141
8.0
290
     0
  0
SCALE
  5
57
102
{ACAD_REACTORS
330
48
102
}
330
48
100
AcDbScale
 70
     0
300
1:10
140
1.0
141
10.0
290
     0
  0
SCALE
  5
58
102
{ACAD_REACTORS
330
48
102
}
330
48
100
AcDbScale
 70
     0
300
1:16
140
1.0
141
16.0
290
     0
  0
SCALE
  5
59
102
{ACAD_REACTORS
330
48
102
}
330
48
100
AcDbScale
 70
     0
300
1:20
140
1.0
141
20.0
290
     0
  0
SCALE
  5
5A
102
{ACAD_REACTORS
330
48
102
}
330
48
100
AcDbScale
 70
     0
300
1:30
140
1.0
141
30.0
290
     0
  0
SCALE
  5
5B
102
{ACAD_REACTORS
330
48
102
}
330
48
100
AcDbScale
 70
     0
300
1:40
140
1.0
141
40.0
290
     0
  0
SCALE
  5
5C
102
{ACAD_REACTORS
330
48
102
}
330
48
100
AcDbScale
 70
     0
300
1:50
140
1.0
141
50.0
290
     0
  0
SCALE
  5
5D
102
{ACAD_REACTORS
330
48
102
}
330
48
100
AcDbScale
 70
     0
300
1:100
140
1.0
141
100.0
290
     0
  0
SCALE
  5
5E
102
{ACAD_REACTORS
330
48
102
}
330
48
100
AcDbScale
 70
     0
300
2:1
140
2.0
141
1.0
290
     0
  0
SCALE
  5
5F
102
{ACAD_REACTORS
330
48
102
}
330
48
100
AcDbScale
 70
     0
300
4:1
140
4.0
141
1.0
290
     0
  0
SCALE
  5
60
102
{ACAD_REACTORS
330
48
102
}
330
48
100
AcDbScale
 70
     0
300
8:1
140
8.0
141
1.0
290
     0
  0
SCALE
  5
61
102
{ACAD_REACTORS
330
48
102
}
330
48
100
AcDbScale
 70
     0
300
10:1
140
10.0
141
1.0
290
     0
  0
SCALE
  5
62
102
{ACAD_REACTORS
330
48
102
}
330
48
100
AcDbScale
 70
     0
300
100:1
140
100.0
141
1.0
290
     0
  0
ACDBSECTIONVIEWSTYLE
  5
10130F4
102
{ACAD_REACTORS
330
FEF
102
}
330
FEF
100
AcDbModelDocViewStyle
 70
     0
  3
Imperial24
290
     0
300
Imperial24
 90
        0
100
AcDbSectionViewStyle
 70
     0
 71
     0
 90
       78
 71
     1
340
21
 62
   256
 40
0.24
340
0
340
0
 62
   256
 40
0.24
300
I, O, Q, S, X, Z
 40
0.48
 90
        3
 40
0.18
 90
        1
 71
     2
340
14
 90
       25
 62
   256
340
14
 90
       50
 62
   256
 40
0.24
 40
0.0
 40
0.24
 71
     3
340
21
 62
   256
 40
0.24
 90
        1
 40
0.75
 90
        1
300
%<\AcVar ViewType \f "%tc1">% %<\AcVar ViewSectionStartId>%-%<\AcVar ViewSectionEndId>%\PSCALE %<\AcVar ViewScale \f "%sn">%
 71
     4
 62
   256
 62
   257
300
ANSI31
 40
1.0
 90
        0
290
     0
290
     0
 90
        6
 40
0.0
 40
1.570796326794897
 40
0.2617993877991494
 40
1.308996938995747
 40
-0.2617993877991494
 40
1.832595714594046
  0
ACDBSECTIONVIEWSTYLE
  5
FF0
102
{ACAD_REACTORS
330
FEF
102
}
330
FEF
100
AcDbModelDocViewStyle
 70
     0
  3
Metric50
290
     0
300
Metric50
 90
        0
100
AcDbSectionViewStyle
 70
     0
 71
     0
 90
      102
 71
     1
340
21
 62
   256
 40
5.0
340
0
340
0
 62
   256
 40
5.0
300
I, O, Q, S, X, Z
 40
10.0
 90
        0
 40
2.5
 90
        0
 71
     2
340
14
 90
       25
 62
   256
340
14
 90
       50
 62
   256
 40
5.0
 40
2.5
 40
5.0
 71
     3
340
21
 62
   256
 40
5.0
 90
        0
 40
15.0
 90
        1
300
%<\AcVar ViewSectionStartId>%-%<\AcVar ViewSectionEndId>% (%<\AcVar ViewScale \f "%sn">%)
 71
     4
 62
   256
 62
   257
300
ANSI31
 40
1.0
 90
        0
290
     0
290
     0
 90
        6
 40
0.0
 40
1.570796326794897
 40
0.2617993877991494
 40
1.308996938995747
 40
-0.2617993877991494
 40
1.832595714594046
  0
TABLESTYLE
  5
4D
102
{ACAD_REACTORS
330
49
102
}
102
{ACAD_XDICTIONARY
360
F1017EC
102
}
330
49
100
AcDbTableStyle
  3
Standard
 70
     0
 71
     0
 40
1.5
 41
1.5
280
     0
281
     0
  7
Standard
140
4.5
170
     2
 62
     0
 63
   257
283
     0
 90
      512
 91
        0
  1

274
    -2
284
     1
 64
     0
275
    -2
285
     1
 65
     0
276
    -2
286
     1
 66
     0
277
    -2
287
     1
 67
     0
278
    -2
288
     1
 68
     0
279
    -2
289
     1
 69
     0
  7
Standard
140
6.0
170
     5
 62
     0
 63
   257
283
     0
 90
      512
 91
        0
  1

274
    -2
284
     1
 64
     0
275
    -2
285
     1
 65
     0
276
    -2
286
     1
 66
     0
277
    -2
287
     1
 67
     0
278
    -2
288
     1
 68
     0
279
    -2
289
     1
 69
     0
  7
Standard
140
4.5
170
     5
 62
     0
 63
   257
283
     0
 90
      512
 91
        0
  1

274
    -2
284
     1
 64
     0
275
    -2
285
     1
 65
     0
276
    -2
286
     1
 66
     0
277
    -2
287
     1
 67
     0
278
    -2
288
     1
 68
     0
279
    -2
289
     1
 69
     0
  0
VISUALSTYLE
  5
2A
102
{ACAD_REACTORS
330
2B
102
}
330
2B
100
AcDbVisualStyle
  2
2dWireframe
 70
     4
177
     3
291
     0
 70
    58
 90
        0
176
     1
 90
        2
176
     1
 90
        1
176
     1
 90
        0
176
     1
 40
0.6
176
     1
 40
30.0
176
     1
 62
     7
176
     1
 90
        1
176
     1
 90
        4
176
     1
 62
     7
176
     1
 62
   257
176
     1
 90
        1
176
     1
 90
        1
176
     1
 40
1.0
176
     1
 90
        0
176
     1
 62
   257
176
     1
 40
1.0
176
     1
 90
        1
176
     1
 90
        6
176
     1
 90
        2
176
     1
 62
     7
176
     1
 90
        5
176
     1
 90
        0
176
     1
 90
        0
176
     1
290
     0
176
     1
 90
        1
176
     1
 40
0.0
176
     1
 90
        0
176
     1
290
     1
176
     1
290
     1
176
     1
290
     0
176
     1
290
     0
176
     1
290
     0
176
     1
290
     0
176
     1
290
     0
176
     1
290
     0
176
     1
290
     0
176
     1
 90
       50
176
     1
 40
0.0
176
     1
 40
1.0
176
     1
 90
        0
176
     1
 62
    18
420
        0
176
     1
 90
       50
176
     1
 90
        3
176
     1
 62
     5
420
      255
176
     1
290
     0
176
     1
 90
       50
176
     1
 90
       50
176
     1
 90
       50
176
     1
290
     0
176
     1
 90
       50
176
     1
 62
   256
176
     0
 40
1.0
176
     0
 90
        2
176
     1
  1
strokes_ogs.tif
176
     1
290
     0
176
     1
 40
1.0
176
     1
 40
1.0
176
     1
  0
VISUALSTYLE
  5
101522F
102
{ACAD_REACTORS
330
2B
102
}
330
2B
100
AcDbVisualStyle
  2
3dWireframe
 70
     5
177
     3
291
     0
 70
    58
 90
        0
176
     1
 90
        2
176
     1
 90
        0
176
     1
 90
        0
176
     1
 40
0.6
176
     1
 40
30.0
176
     1
 62
     7
176
     1
 90
        1
176
     1
 90
        4
176
     1
 62
     7
176
     1
 62
   257
176
     1
 90
        1
176
     1
 90
        1
176
     1
 40
1.0
176
     1
 90
        0
176
     1
 62
   257
176
     1
 40
1.0
176
     1
 90
        1
176
     1
 90
        6
176
     1
 90
        2
176
     1
 62
     7
176
     1
 90
        5
176
     1
 90
        0
176
     1
 90
        0
176
     1
290
     0
176
     1
 90
        1
176
     1
 40
0.0
176
     1
 90
        0
176
     1
290
     0
176
     1
290
     1
176
     1
290
     1
176
     1
290
     0
176
     1
290
     0
176
     1
290
     0
176
     1
290
     0
176
     1
290
     0
176
     1
290
     0
176
     1
 90
       50
176
     1
 40
0.0
176
     1
 40
1.0
176
     1
 90
        0
176
     1
 62
    18
420
        0
176
     1
 90
       50
176
     1
 90
        3
176
     1
 62
     5
420
      255
176
     1
290
     0
176
     1
 90
       50
176
     1
 90
       50
176
     1
 90
       50
176
     1
290
     0
176
     1
 90
       50
176
     1
 62
   256
176
     0
 40
1.0
176
     0
 90
        2
176
     1
  1
strokes_ogs.tif
176
     1
290
     0
176
     1
 40
1.0
176
     1
 40
1.0
176
     1
  0
VISUALSTYLE
  5
FDD
102
{ACAD_REACTORS
330
2B
102
}
330
2B
100
AcDbVisualStyle
  2
Basic
 70
     7
177
     3
291
     1
 70
    58
 90
        1
176
     1
 90
        0
176
     1
 90
        1
176
     1
 90
        0
176
     1
 40
0.6
176
     1
 40
30.0
176
     1
 62
     7
420
 16777215
176
     1
 90
        0
176
     1
 90
        4
176
     1
 62
     7
176
     1
 62
   257
176
     1
 90
        1
176
     1
 90
        1
176
     1
 40
1.0
176
     1
 90
        8
176
     1
 62
     7
176
     1
 40
1.0
176
     1
 90
        1
176
     1
 90
        6
176
     1
 90
        2
176
     1
 62
     7
176
     1
 90
        5
176
     1
 90
        0
176
     1
 90
        0
176
     1
290
     0
176
     1
 90
        1
176
     1
 40
0.0
176
     1
 90
        0
176
     1
290
     0
176
     1
290
     1
176
     1
290
     1
176
     1
290
     0
176
     1
290
     0
176
     1
290
     0
176
     1
290
     0
176
     1
290
     0
176
     1
290
     0
176
     1
 90
       50
176
     1
 40
0.0
176
     1
 40
1.0
176
     1
 90
        0
176
     1
 62
    18
420
        0
176
     1
 90
       50
176
     1
 90
        3
176
     1
 62
     5
420
      255
176
     1
290
     0
176
     1
 90
       50
176
     1
 90
       50
176
     1
 90
       50
176
     1
290
     0
176
     1
 90
       50
176
     1
 62
   256
176
     0
 40
1.0
176
     0
 90
        2
176
     1
  1
strokes_ogs.tif
176
     1
290
     0
176
     1
 40
1.0
176
     1
 40
1.0
176
     1
  0
VISUALSTYLE
  5
FE1
102
{ACAD_REACTORS
330
2B
102
}
330
2B
100
AcDbVisualStyle
  2
Brighten
 70
    12
177
     3
291
     1
 70
    58
 90
        2
176
     1
 90
        2
176
     1
 90
        0
176
     1
 90
        0
176
     1
 40
0.6
176
     1
 40
30.0
176
     1
 62
     7
420
 16777215
176
     1
 90
        1
176
     1
 90
        4
176
     1
 62
     7
176
     1
 62
   257
176
     1
 90
        1
176
     1
 90
        1
176
     1
 40
1.0
176
     1
 90
        8
176
     1
 62
     7
176
     1
 40
1.0
176
     1
 90
        1
176
     1
 90
        6
176
     1
 90
        2
176
     1
 62
     7
176
     1
 90
        5
176
     1
 90
        0
176
     1
 90
        0
176
     1
290
     0
176
     1
 90
        1
176
     1
 40
50.0
176
     1
 90
        0
176
     1
290
     0
176
     1
290
     1
176
     1
290
     1
176
     1
290
     0
176
     1
290
     0
176
     1
290
     0
176
     1
290
     0
176
     1
290
     0
176
     1
290
     0
176
     1
 90
       50
176
     1
 40
0.0
176
     1
 40
1.0
176
     1
 90
        0
176
     1
 62
    18
420
        0
176
     1
 90
       50
176
     1
 90
        3
176
     1
 62
     5
420
      255
176
     1
290
     0
176
     1
 90
       50
176
     1
 90
       50
176
     1
 90
       50
176
     1
290
     0
176
     1
 90
       50
176
     1
 62
   256
176
     0
 40
1.0
176
     0
 90
        2
176
     1
  1
strokes_ogs.tif
176
     1
290
     0
176
     1
 40
1.0
176
     1
 40
1.0
176
     1
  0
VISUALSTYLE
  5
FE5
102
{ACAD_REACTORS
330
2B
102
}
330
2B
100
AcDbVisualStyle
  2
ColorChange
 70
    16
177
     3
291
     1
 70
    58
 90
        2
176
     1
 90
        2
176
     1
 90
        3
176
     1
 90
        0
176
     1
 40
0.6
176
     1
 40
30.0
176
     1
 62
     8
420
  8421504
176
     1
 90
        1
176
     1
 90
        4
176
     1
 62
     7
176
     1
 62
   257
176
     1
 90
        1
176
     1
 90
        1
176
     1
 40
1.0
176
     1
 90
        8
176
     1
 62
     8
420
  8421504
176
     1
 40
1.0
176
     1
 90
        1
176
     1
 90
        6
176
     1
 90
        2
176
     1
 62
     7
176
     1
 90
        5
176
     1
 90
        0
176
     1
 90
        0
176
     1
290
     0
176
     1
 90
        1
176
     1
 40
0.0
176
     1
 90
        0
176
     1
290
     0
176
     1
290
     1
176
     1
290
     1
176
     1
290
     0
176
     1
290
     0
176
     1
290
     0
176
     1
290
     0
176
     1
290
     0
176
     1
290
     0
176
     1
 90
       50
176
     1
 40
0.0
176
     1
 40
1.0
176
     1
 90
        0
176
     1
 62
    18
420
        0
176
     1
 90
       50
176
     1
 90
        3
176
     1
 62
     5
420
      255
176
     1
290
     0
176
     1
 90
       50
176
     1
 90
       50
176
     1
 90
       50
176
     1
290
     0
176
     1
 90
       50
176
     1
 62
   256
176
     0
 40
1.0
176
     0
 90
        2
176
     1
  1
strokes_ogs.tif
176
     1
290
     0
176
     1
 40
1.0
176
     1
 40
1.0
176
     1
  0
VISUALSTYLE
  5
FDF
102
{ACAD_REACTORS
330
2B
102
}
330
2B
100
AcDbVisualStyle
  2
Conceptual
 70
     9
177
     3
291
     0
 70
    58
 90
        3
176
     1
 90
        2
176
     1
 90
        0
176
     1
 90
        0
176
     1
 40
0.6
176
     1
 40
30.0
176
     1
 62
     7
420
 16777215
176
     1
 90
        2
176
     1
 90
        2
176
     1
 62
     7
176
     1
 62
   257
176
     1
 90
        1
176
     1
 90
        1
176
     1
 40
179.0
176
     1
 90
        8
176
     1
 62
     7
176
     1
 40
1.0
176
     1
 90
        1
176
     1
 90
        6
176
     1
 90
        2
176
     1
 62
     7
176
     1
 90
        3
176
     1
 90
        0
176
     1
 90
        0
176
     1
290
     0
176
     1
 90
        1
176
     1
 40
0.0
176
     1
 90
        0
176
     1
290
     0
176
     1
290
     1
176
     1
290
     1
176
     1
290
     0
176
     1
290
     0
176
     1
290
     0
176
     1
290
     0
176
     1
290
     0
176
     1
290
     0
176
     1
 90
       50
176
     1
 40
0.0
176
     1
 40
1.0
176
     1
 90
        0
176
     1
 62
    18
420
        0
176
     1
 90
       50
176
     1
 90
        3
176
     1
 62
     5
420
      255
176
     1
290
     0
176
     1
 90
       50
176
     1
 90
       50
176
     1
 90
       50
176
     1
290
     0
176
     1
 90
       50
176
     1
 62
   256
176
     0
 40
1.0
176
     0
 90
        2
176
     1
  1
strokes_ogs.tif
176
     1
290
     0
176
     1
 40
1.0
176
     1
 40
1.0
176
     1
  0
VISUALSTYLE
  5
FE0
102
{ACAD_REACTORS
330
2B
102
}
330
2B
100
AcDbVisualStyle
  2
Dim
 70
    11
177
     3
291
     1
 70
    58
 90
        2
176
     1
 90
        2
176
     1
 90
        0
176
     1
 90
        0
176
     1
 40
0.6
176
     1
 40
30.0
176
     1
 62
     7
420
 16777215
176
     1
 90
        1
176
     1
 90
        4
176
     1
 62
     7
176
     1
 62
   257
176
     1
 90
        1
176
     1
 90
        1
176
     1
 40
1.0
176
     1
 90
        8
176
     1
 62
     7
176
     1
 40
1.0
176
     1
 90
        1
176
     1
 90
        6
176
     1
 90
        2
176
     1
 62
     7
176
     1
 90
        5
176
     1
 90
        0
176
     1
 90
        0
176
     1
290
     0
176
     1
 90
        1
176
     1
 40
-50.0
176
     1
 90
        0
176
     1
290
     0
176
     1
290
     1
176
     1
290
     1
176
     1
290
     0
176
     1
290
     0
176
     1
290
     0
176
     1
290
     0
176
     1
290
     0
176
     1
290
     0
176
     1
 90
       50
176
     1
 40
0.0
176
     1
 40
1.0
176
     1
 90
        0
176
     1
 62
    18
420
        0
176
     1
 90
       50
176
     1
 90
        3
176
     1
 62
     5
420
      255
176
     1
290
     0
176
     1
 90
       50
176
     1
 90
       50
176
     1
 90
       50
176
     1
290
     0
176
     1
 90
       50
176
     1
 62
   256
176
     0
 40
1.0
176
     0
 90
        2
176
     1
  1
strokes_ogs.tif
176
     1
290
     0
176
     1
 40
1.0
176
     1
 40
1.0
176
     1
  0
VISUALSTYLE
  5
FED
102
{ACAD_REACTORS
330
2B
102
}
330
2B
100
AcDbVisualStyle
  2
EdgeColorOff
 70
    22
177
     3
291
     1
 70
    58
 90
        2
176
     0
 90
        2
176
     0
 90
        0
176
     0
 90
        0
176
     0
 40
0.6
176
     0
 40
30.0
176
     0
 62
     7
420
 16777215
176
     0
 90
        1
176
     0
 90
        4
176
     0
 62
     7
176
     0
 62
   257
176
     0
 90
        1
176
     0
 90
        1
176
     0
 40
1.0
176
     0
 90
        8
176
     2
 62
     7
176
     0
 40
1.0
176
     0
 90
        1
176
     0
 90
        6
176
     0
 90
        2
176
     0
 62
     7
176
     0
 90
        5
176
     0
 90
        0
176
     0
 90
        0
176
     0
290
     0
176
     0
 90
        1
176
     0
 40
0.0
176
     0
 90
        0
176
     0
290
     0
176
     0
290
     1
176
     0
290
     1
176
     0
290
     0
176
     0
290
     0
176
     0
290
     0
176
     0
290
     0
176
     0
290
     0
176
     0
290
     0
176
     0
 90
       50
176
     0
 40
0.0
176
     0
 40
1.0
176
     0
 90
        0
176
     0
 62
    18
420
        0
176
     0
 90
       50
176
     0
 90
        3
176
     0
 62
     5
420
      255
176
     0
290
     0
176
     0
 90
       50
176
     0
 90
       50
176
     0
 90
       50
176
     0
290
     0
176
     0
 90
       50
176
     0
 62
   256
176
     0
 40
1.0
176
     0
 90
        2
176
     0
  1
strokes_ogs.tif
176
     0
290
     0
176
     0
 40
1.0
176
     0
 40
1.0
176
     0
  0
VISUALSTYLE
  5
FE4
102
{ACAD_REACTORS
330
2B
102
}
330
2B
100
AcDbVisualStyle
  2
Facepattern
 70
    15
177
     3
291
     1
 70
    58
 90
        2
176
     1
 90
        2
176
     1
 90
        0
176
     1
 90
        0
176
     1
 40
0.6
176
     1
 40
30.0
176
     1
 62
     7
420
 16777215
176
     1
 90
        1
176
     1
 90
        4
176
     1
 62
     7
176
     1
 62
   257
176
     1
 90
        1
176
     1
 90
        1
176
     1
 40
1.0
176
     1
 90
        8
176
     1
 62
     7
176
     1
 40
1.0
176
     1
 90
        1
176
     1
 90
        6
176
     1
 90
        2
176
     1
 62
     7
176
     1
 90
        5
176
     1
 90
        0
176
     1
 90
        0
176
     1
290
     0
176
     1
 90
        1
176
     1
 40
0.0
176
     1
 90
        0
176
     1
290
     0
176
     1
290
     1
176
     1
290
     1
176
     1
290
     0
176
     1
290
     0
176
     1
290
     0
176
     1
290
     0
176
     1
290
     0
176
     1
290
     0
176
     1
 90
       50
176
     1
 40
0.0
176
     1
 40
1.0
176
     1
 90
        0
176
     1
 62
    18
420
        0
176
     1
 90
       50
176
     1
 90
        3
176
     1
 62
     5
420
      255
176
     1
290
     0
176
     1
 90
       50
176
     1
 90
       50
176
     1
 90
       50
176
     1
290
     0
176
     1
 90
       50
176
     1
 62
   256
176
     0
 40
1.0
176
     0
 90
        2
176
     1
  1
strokes_ogs.tif
176
     1
290
     0
176
     1
 40
1.0
176
     1
 40
1.0
176
     1
  0
VISUALSTYLE
  5
FD9
102
{ACAD_REACTORS
330
2B
102
}
330
2B
100
AcDbVisualStyle
  2
Flat
 70
     0
177
     3
291
     1
 70
    58
 90
        2
176
     1
 90
        1
176
     1
 90
        1
176
     1
 90
        2
176
     1
 40
0.6
176
     1
 40
30.0
176
     1
 62
     7
420
 16777215
176
     1
 90
        0
176
     1
 90
        0
176
     1
 62
     7
176
     1
 62
   257
176
     1
 90
        1
176
     1
 90
        1
176
     1
 40
1.0
176
     1
 90
        8
176
     1
 62
     7
176
     1
 40
1.0
176
     1
 90
        1
176
     1
 90
        6
176
     1
 90
        2
176
     1
 62
     7
176
     1
 90
        5
176
     1
 90
        0
176
     1
 90
        0
176
     1
290
     0
176
     1
 90
       13
176
     1
 40
0.0
176
     1
 90
        0
176
     1
290
     0
176
     1
290
     1
176
     1
290
     1
176
     1
290
     0
176
     1
290
     0
176
     1
290
     0
176
     1
290
     0
176
     1
290
     0
176
     1
290
     0
176
     1
 90
       50
176
     1
 40
0.0
176
     1
 40
1.0
176
     1
 90
        0
176
     1
 62
    18
420
        0
176
     1
 90
       50
176
     1
 90
        3
176
     1
 62
     5
420
      255
176
     1
290
     0
176
     1
 90
       50
176
     1
 90
       50
176
     1
 90
       50
176
     1
290
     0
176
     1
 90
       50
176
     1
 62
   256
176
     0
 40
1.0
176
     0
 90
        2
176
     1
  1
strokes_ogs.tif
176
     1
290
     0
176
     1
 40
1.0
176
     1
 40
1.0
176
     1
  0
VISUALSTYLE
  5
FDA
102
{ACAD_REACTORS
330
2B
102
}
330
2B
100
AcDbVisualStyle
  2
FlatWithEdges
 70
     1
177
     3
291
     1
 70
    58
 90
        2
176
     1
 90
        1
176
     1
 90
        1
176
     1
 90
        2
176
     1
 40
0.6
176
     1
 40
30.0
176
     1
 62
     7
420
 16777215
176
     1
 90
        1
176
     1
 90
        0
176
     1
 62
     7
176
     1
 62
   257
176
     1
 90
        1
176
     1
 90
        1
176
     1
 40
1.0
176
     1
 90
        0
176
     1
 62
   257
176
     1
 40
1.0
176
     1
 90
        1
176
     1
 90
        6
176
     1
 90
        2
176
     1
 62
     7
176
     1
 90
        5
176
     1
 90
        0
176
     1
 90
        0
176
     1
290
     0
176
     1
 90
       13
176
     1
 40
0.0
176
     1
 90
        0
176
     1
290
     0
176
     1
290
     1
176
     1
290
     1
176
     1
290
     0
176
     1
290
     0
176
     1
290
     0
176
     1
290
     0
176
     1
290
     0
176
     1
290
     0
176
     1
 90
       50
176
     1
 40
0.0
176
     1
 40
1.0
176
     1
 90
        0
176
     1
 62
    18
420
        0
176
     1
 90
       50
176
     1
 90
        3
176
     1
 62
     5
420
      255
176
     1
290
     0
176
     1
 90
       50
176
     1
 90
       50
176
     1
 90
       50
176
     1
290
     0
176
     1
 90
       50
176
     1
 62
   256
176
     0
 40
1.0
176
     0
 90
        2
176
     1
  1
strokes_ogs.tif
176
     1
290
     0
176
     1
 40
1.0
176
     1
 40
1.0
176
     1
  0
VISUALSTYLE
  5
FDB
102
{ACAD_REACTORS
330
2B
102
}
330
2B
100
AcDbVisualStyle
  2
Gouraud
 70
     2
177
     3
291
     1
 70
    58
 90
        2
176
     1
 90
        2
176
     1
 90
        1
176
     1
 90
        2
176
     1
 40
0.6
176
     1
 40
30.0
176
     1
 62
     7
420
 16777215
176
     1
 90
        0
176
     1
 90
        0
176
     1
 62
     7
176
     1
 62
   257
176
     1
 90
        1
176
     1
 90
        1
176
     1
 40
1.0
176
     1
 90
        0
176
     1
 62
     7
176
     1
 40
1.0
176
     1
 90
        1
176
     1
 90
        6
176
     1
 90
        2
176
     1
 62
     7
176
     1
 90
        5
176
     1
 90
        0
176
     1
 90
        0
176
     1
290
     0
176
     1
 90
       13
176
     1
 40
0.0
176
     1
 90
        0
176
     1
290
     0
176
     1
290
     1
176
     1
290
     1
176
     1
290
     0
176
     1
290
     0
176
     1
290
     0
176
     1
290
     0
176
     1
290
     0
176
     1
290
     0
176
     1
 90
       50
176
     1
 40
0.0
176
     1
 40
1.0
176
     1
 90
        0
176
     1
 62
    18
420
        0
176
     1
 90
       50
176
     1
 90
        3
176
     1
 62
     5
420
      255
176
     1
290
     0
176
     1
 90
       50
176
     1
 90
       50
176
     1
 90
       50
176
     1
290
     0
176
     1
 90
       50
176
     1
 62
   256
176
     0
 40
1.0
176
     0
 90
        2
176
     1
  1
strokes_ogs.tif
176
     1
290
     0
176
     1
 40
1.0
176
     1
 40
1.0
176
     1
  0
VISUALSTYLE
  5
FDC
102
{ACAD_REACTORS
330
2B
102
}
330
2B
100
AcDbVisualStyle
  2
GouraudWithEdges
 70
     3
177
     3
291
     1
 70
    58
 90
        2
176
     1
 90
        2
176
     1
 90
        1
176
     1
 90
        2
176
     1
 40
0.6
176
     1
 40
30.0
176
     1
 62
     7
420
 16777215
176
     1
 90
        1
176
     1
 90
        0
176
     1
 62
     7
176
     1
 62
   257
176
     1
 90
        1
176
     1
 90
        1
176
     1
 40
1.0
176
     1
 90
        0
176
     1
 62
   257
176
     1
 40
1.0
176
     1
 90
        1
176
     1
 90
        6
176
     1
 90
        2
176
     1
 62
     7
176
     1
 90
        5
176
     1
 90
        0
176
     1
 90
        0
176
     1
290
     0
176
     1
 90
       13
176
     1
 40
0.0
176
     1
 90
        0
176
     1
290
     0
176
     1
290
     1
176
     1
290
     1
176
     1
290
     0
176
     1
290
     0
176
     1
290
     0
176
     1
290
     0
176
     1
290
     0
176
     1
290
     0
176
     1
 90
       50
176
     1
 40
0.0
176
     1
 40
1.0
176
     1
 90
        0
176
     1
 62
    18
420
        0
176
     1
 90
       50
176
     1
 90
        3
176
     1
 62
     5
420
      255
176
     1
290
     0
176
     1
 90
       50
176
     1
 90
       50
176
     1
 90
       50
176
     1
290
     0
176
     1
 90
       50
176
     1
 62
   256
176
     0
 40
1.0
176
     0
 90
        2
176
     1
  1
strokes_ogs.tif
176
     1
290
     0
176
     1
 40
1.0
176
     1
 40
1.0
176
     1
  0
VISUALSTYLE
  5
FDE
102
{ACAD_REACTORS
330
2B
102
}
330
2B
100
AcDbVisualStyle
  2
Hidden
 70
     6
177
     3
291
     0
 70
    58
 90
        1
176
     1
 90
        2
176
     1
 90
        2
176
     1
 90
        0
176
     1
 40
0.6
176
     1
 40
30.0
176
     1
 62
     7
420
 16777215
176
     1
 90
        2
176
     1
 90
        2
176
     1
 62
     7
176
     1
 62
   257
176
     1
 90
        2
176
     1
 90
        1
176
     1
 40
40.0
176
     1
 90
        0
176
     1
 62
   257
176
     1
 40
1.0
176
     1
 90
        1
176
     1
 90
        6
176
     1
 90
        2
176
     1
 62
     7
176
     1
 90
        3
176
     1
 90
        0
176
     1
 90
        0
176
     1
290
     0
176
     1
 90
        1
176
     1
 40
0.0
176
     1
 90
        0
176
     1
290
     0
176
     1
290
     1
176
     1
290
     1
176
     1
290
     0
176
     1
290
     0
176
     1
290
     0
176
     1
290
     0
176
     1
290
     0
176
     1
290
     0
176
     1
 90
       50
176
     1
 40
0.0
176
     1
 40
1.0
176
     1
 90
        0
176
     1
 62
    18
420
        0
176
     1
 90
       50
176
     1
 90
        3
176
     1
 62
     5
420
      255
176
     1
290
     0
176
     1
 90
       50
176
     1
 90
       50
176
     1
 90
       50
176
     1
290
     0
176
     1
 90
       50
176
     1
 62
   256
176
     0
 40
1.0
176
     0
 90
        2
176
     1
  1
strokes_ogs.tif
176
     1
290
     0
176
     1
 40
1.0
176
     1
 40
1.0
176
     1
  0
VISUALSTYLE
  5
FEB
102
{ACAD_REACTORS
330
2B
102
}
330
2B
100
AcDbVisualStyle
  2
JitterOff
 70
    20
177
     3
291
     1
 70
    58
 90
        2
176
     0
 90
        2
176
     0
 90
        0
176
     0
 90
        0
176
     0
 40
0.6
176
     0
 40
30.0
176
     0
 62
     7
420
 16777215
176
     0
 90
        1
176
     0
 90
        4
176
     0
 62
     7
176
     0
 62
   257
176
     0
 90
        1
176
     0
 90
        1
176
     0
 40
1.0
176
     0
 90
       10
176
     2
 62
     7
176
     0
 40
1.0
176
     0
 90
        1
176
     0
 90
        6
176
     0
 90
        2
176
     0
 62
     7
176
     0
 90
        5
176
     0
 90
        0
176
     0
 90
        0
176
     0
290
     0
176
     0
 90
        1
176
     0
 40
0.0
176
     0
 90
        0
176
     0
290
     0
176
     0
290
     1
176
     0
290
     1
176
     0
290
     0
176
     0
290
     0
176
     0
290
     0
176
     0
290
     0
176
     0
290
     0
176
     0
290
     0
176
     0
 90
       50
176
     0
 40
0.0
176
     0
 40
1.0
176
     0
 90
        0
176
     0
 62
    18
420
        0
176
     0
 90
       50
176
     0
 90
        3
176
     0
 62
     5
420
      255
176
     0
290
     0
176
     0
 90
       50
176
     0
 90
       50
176
     0
 90
       50
176
     0
290
     0
176
     0
 90
       50
176
     0
 62
   256
176
     0
 40
1.0
176
     0
 90
        2
176
     0
  1
strokes_ogs.tif
176
     0
290
     0
176
     0
 40
1.0
176
     0
 40
1.0
176
     0
  0
VISUALSTYLE
  5
FE3
102
{ACAD_REACTORS
330
2B
102
}
330
2B
100
AcDbVisualStyle
  2
Linepattern
 70
    14
177
     3
291
     1
 70
    58
 90
        2
176
     1
 90
        2
176
     1
 90
        0
176
     1
 90
        0
176
     1
 40
0.6
176
     1
 40
30.0
176
     1
 62
     7
420
 16777215
176
     1
 90
        1
176
     1
 90
        4
176
     1
 62
     7
176
     1
 62
   257
176
     1
 90
        7
176
     1
 90
        7
176
     1
 40
1.0
176
     1
 90
        8
176
     1
 62
     7
176
     1
 40
1.0
176
     1
 90
        1
176
     1
 90
        6
176
     1
 90
        2
176
     1
 62
     7
176
     1
 90
        5
176
     1
 90
        0
176
     1
 90
        0
176
     1
290
     0
176
     1
 90
        1
176
     1
 40
0.0
176
     1
 90
        0
176
     1
290
     0
176
     1
290
     1
176
     1
290
     1
176
     1
290
     0
176
     1
290
     0
176
     1
290
     0
176
     1
290
     0
176
     1
290
     0
176
     1
290
     0
176
     1
 90
       50
176
     1
 40
0.0
176
     1
 40
1.0
176
     1
 90
        0
176
     1
 62
    18
420
        0
176
     1
 90
       50
176
     1
 90
        3
176
     1
 62
     5
420
      255
176
     1
290
     0
176
     1
 90
       50
176
     1
 90
       50
176
     1
 90
       50
176
     1
290
     0
176
     1
 90
       50
176
     1
 62
   256
176
     0
 40
1.0
176
     0
 90
        2
176
     1
  1
strokes_ogs.tif
176
     1
290
     0
176
     1
 40
1.0
176
     1
 40
1.0
176
     1
  0
VISUALSTYLE
  5
FEC
102
{ACAD_REACTORS
330
2B
102
}
330
2B
100
AcDbVisualStyle
  2
OverhangOff
 70
    21
177
     3
291
     1
 70
    58
 90
        2
176
     0
 90
        2
176
     0
 90
        0
176
     0
 90
        0
176
     0
 40
0.6
176
     0
 40
30.0
176
     0
 62
     7
420
 16777215
176
     0
 90
        1
176
     0
 90
        4
176
     0
 62
     7
176
     0
 62
   257
176
     0
 90
        1
176
     0
 90
        1
176
     0
 40
1.0
176
     0
 90
        9
176
     2
 62
     7
176
     0
 40
1.0
176
     0
 90
        1
176
     0
 90
        6
176
     0
 90
        2
176
     0
 62
     7
176
     0
 90
        5
176
     0
 90
        0
176
     0
 90
        0
176
     0
290
     0
176
     0
 90
        1
176
     0
 40
0.0
176
     0
 90
        0
176
     0
290
     0
176
     0
290
     1
176
     0
290
     1
176
     0
290
     0
176
     0
290
     0
176
     0
290
     0
176
     0
290
     0
176
     0
290
     0
176
     0
290
     0
176
     0
 90
       50
176
     0
 40
0.0
176
     0
 40
1.0
176
     0
 90
        0
176
     0
 62
    18
420
        0
176
     0
 90
       50
176
     0
 90
        3
176
     0
 62
     5
420
      255
176
     0
290
     0
176
     0
 90
       50
176
     0
 90
       50
176
     0
 90
       50
176
     0
290
     0
176
     0
 90
       50
176
     0
 62
   256
176
     0
 40
1.0
176
     0
 90
        2
176
     0
  1
strokes_ogs.tif
176
     0
290
     0
176
     0
 40
1.0
176
     0
 40
1.0
176
     0
  0
VISUALSTYLE
  5
4F
102
{ACAD_REACTORS
330
2B
102
}
330
2B
100
AcDbVisualStyle
  2
Realistic
 70
     8
177
     3
291
     0
 70
    58
 90
        2
176
     1
 90
        2
176
     1
 90
        0
176
     1
 90
        2
176
     1
 40
0.6
176
     1
 40
30.0
176
     1
 62
     7
176
     1
 90
        0
176
     1
 90
        0
176
     1
 62
     7
176
     1
 62
   257
176
     1
 90
        1
176
     1
 90
        1
176
     1
 40
1.0
176
     1
 90
        8
176
     1
 62
   257
176
     1
 40
1.0
176
     1
 90
        1
176
     1
 90
        6
176
     1
 90
        2
176
     1
 62
     7
176
     1
 90
        3
176
     1
 90
        0
176
     1
 90
        0
176
     1
290
     0
176
     1
 90
       13
176
     1
 40
0.0
176
     1
 90
        0
176
     1
290
     0
176
     1
290
     1
176
     1
290
     1
176
     1
290
     0
176
     1
290
     0
176
     1
290
     0
176
     1
290
     0
176
     1
290
     0
176
     1
290
     0
176
     1
 90
       50
176
     1
 40
0.0
176
     1
 40
1.0
176
     1
 90
        0
176
     1
 62
    18
420
        0
176
     1
 90
       50
176
     1
 90
        3
176
     1
 62
     5
420
      255
176
     1
290
     0
176
     1
 90
       50
176
     1
 90
       50
176
     1
 90
       50
176
     1
290
     0
176
     1
 90
       50
176
     1
 62
   256
176
     0
 40
1.0
176
     0
 90
        2
176
     1
  1
strokes_ogs.tif
176
     1
290
     0
176
     1
 40
1.0
176
     1
 40
1.0
176
     1
  0
VISUALSTYLE
  5
FEA
102
{ACAD_REACTORS
330
2B
102
}
330
2B
100
AcDbVisualStyle
  2
Shaded
 70
    27
177
     3
291
     0
 70
    58
 90
        2
176
     1
 90
        2
176
     1
 90
        1
176
     1
 90
        2
176
     1
 40
0.6
176
     1
 40
30.0
176
     1
 62
     7
420
 16777215
176
     1
 90
        0
176
     1
 90
        4
176
     1
 62
     7
176
     1
 62
   257
176
     1
 90
        1
176
     1
 90
        1
176
     1
 40
1.0
176
     1
 90
        8
176
     1
 62
   257
176
     1
 40
1.0
176
     1
 90
        1
176
     1
 90
        6
176
     1
 90
        2
176
     1
 62
     8
420
  7895160
176
     1
 90
        3
176
     1
 90
        0
176
     1
 90
        0
176
     1
290
     0
176
     1
 90
        5
176
     1
 40
0.0
176
     1
 90
        0
176
     1
290
     0
176
     1
290
     1
176
     1
290
     1
176
     1
290
     0
176
     1
290
     0
176
     1
290
     0
176
     1
290
     0
176
     1
290
     0
176
     1
290
     0
176
     1
 90
       50
176
     1
 40
0.0
176
     1
 40
1.0
176
     1
 90
        0
176
     1
 62
    18
420
        0
176
     1
 90
       50
176
     1
 90
        3
176
     1
 62
     5
420
      255
176
     1
290
     0
176
     1
 90
       50
176
     1
 90
       50
176
     1
 90
       50
176
     1
290
     0
176
     1
 90
       50
176
     1
 62
   256
176
     0
 40
1.0
176
     0
 90
        2
176
     1
  1
strokes_ogs.tif
176
     1
290
     0
176
     1
 40
1.0
176
     1
 40
1.0
176
     1
  0
VISUALSTYLE
  5
FE9
102
{ACAD_REACTORS
330
2B
102
}
330
2B
100
AcDbVisualStyle
  2
Shaded with edges
 70
    26
177
     3
291
     0
 70
    58
 90
        2
176
     1
 90
        2
176
     1
 90
        1
176
     1
 90
        2
176
     1
 40
0.6
176
     1
 40
30.0
176
     1
 62
     7
420
 16777215
176
     1
 90
        1
176
     1
 90
        2
176
     1
 62
     7
176
     1
 62
   257
176
     1
 90
        2
176
     1
 90
        1
176
     1
 40
1.0
176
     1
 90
        8
176
     1
 62
   257
176
     1
 40
1.0
176
     1
 90
        1
176
     1
 90
        6
176
     1
 90
        2
176
     1
 62
     7
176
     1
 90
        3
176
     1
 90
        0
176
     1
 90
        0
176
     1
290
     0
176
     1
 90
        5
176
     1
 40
0.0
176
     1
 90
        0
176
     1
290
     0
176
     1
290
     1
176
     1
290
     1
176
     1
290
     0
176
     1
290
     0
176
     1
290
     0
176
     1
290
     0
176
     1
290
     0
176
     1
290
     0
176
     1
 90
       50
176
     1
 40
0.0
176
     1
 40
1.0
176
     1
 90
        0
176
     1
 62
    18
420
        0
176
     1
 90
       50
176
     1
 90
        3
176
     1
 62
     5
420
      255
176
     1
290
     0
176
     1
 90
       50
176
     1
 90
       50
176
     1
 90
       50
176
     1
290
     0
176
     1
 90
       50
176
     1
 62
   256
176
     0
 40
1.0
176
     0
 90
        2
176
     1
  1
strokes_ogs.tif
176
     1
290
     0
176
     1
 40
1.0
176
     1
 40
1.0
176
     1
  0
VISUALSTYLE
  5
FE6
102
{ACAD_REACTORS
330
2B
102
}
330
2B
100
AcDbVisualStyle
  2
Shades of Gray
 70
    23
177
     3
291
     0
 70
    58
 90
        2
176
     1
 90
        2
176
     1
 90
        3
176
     1
 90
        0
176
     1
 40
0.6
176
     1
 40
30.0
176
     1
 62
     7
420
 16777215
176
     1
 90
        2
176
     1
 90
        2
176
     1
 62
     7
176
     1
 62
     7
176
     1
 90
        1
176
     1
 90
        1
176
     1
 40
40.0
176
     1
 90
        8
176
     1
 62
     7
176
     1
 40
1.0
176
     1
 90
        1
176
     1
 90
        6
176
     1
 90
        2
176
     1
 62
     7
176
     1
 90
        3
176
     1
 90
        0
176
     1
 90
        0
176
     1
290
     0
176
     1
 90
        1
176
     1
 40
0.0
176
     1
 90
        0
176
     1
290
     0
176
     1
290
     1
176
     1
290
     1
176
     1
290
     0
176
     1
290
     0
176
     1
290
     0
176
     1
290
     0
176
     1
290
     0
176
     1
290
     0
176
     1
 90
       50
176
     1
 40
0.0
176
     1
 40
1.0
176
     1
 90
        0
176
     1
 62
    18
420
        0
176
     1
 90
       50
176
     1
 90
        3
176
     1
 62
     5
420
      255
176
     1
290
     0
176
     1
 90
       50
176
     1
 90
       50
176
     1
 90
       50
176
     1
290
     0
176
     1
 90
       50
176
     1
 62
   256
176
     0
 40
1.0
176
     0
 90
        2
176
     1
  1
strokes_ogs.tif
176
     1
290
     0
176
     1
 40
1.0
176
     1
 40
1.0
176
     1
  0
VISUALSTYLE
  5
FE7
102
{ACAD_REACTORS
330
2B
102
}
330
2B
100
AcDbVisualStyle
  2
Sketchy
 70
    24
177
     3
291
     0
 70
    58
 90
        1
176
     1
 90
        2
176
     1
 90
        2
176
     1
 90
        0
176
     1
 40
0.6
176
     1
 40
30.0
176
     1
 62
     7
420
 16777215
176
     1
 90
        2
176
     1
 90
        2
176
     1
 62
     7
176
     1
 62
     7
176
     1
 90
        1
176
     1
 90
        1
176
     1
 40
40.0
176
     1
 90
       11
176
     1
 62
     7
176
     1
 40
1.0
176
     1
 90
        1
176
     1
 90
        6
176
     1
 90
        2
176
     1
 62
     7
176
     1
 90
        6
176
     1
 90
        0
176
     1
 90
        0
176
     1
290
     0
176
     1
 90
        1
176
     1
 40
0.0
176
     1
 90
        0
176
     1
290
     0
176
     1
290
     1
176
     1
290
     1
176
     1
290
     0
176
     1
290
     0
176
     1
290
     0
176
     1
290
     0
176
     1
290
     0
176
     1
290
     0
176
     1
 90
       50
176
     1
 40
0.0
176
     1
 40
1.0
176
     1
 90
        0
176
     1
 62
    18
420
        0
176
     1
 90
       50
176
     1
 90
        3
176
     1
 62
     5
420
      255
176
     1
290
     0
176
     1
 90
       50
176
     1
 90
       50
176
     1
 90
       50
176
     1
290
     0
176
     1
 90
       50
176
     1
 62
   256
176
     0
 40
1.0
176
     0
 90
        2
176
     1
  1
strokes_ogs.tif
176
     1
290
     0
176
     1
 40
1.0
176
     1
 40
1.0
176
     1
  0
VISUALSTYLE
  5
FE2
102
{ACAD_REACTORS
330
2B
102
}
330
2B
100
AcDbVisualStyle
  2
Thicken
 70
    13
177
     3
291
     1
 70
    58
 90
        2
176
     1
 90
        2
176
     1
 90
        0
176
     1
 90
        0
176
     1
 40
0.6
176
     1
 40
30.0
176
     1
 62
     7
420
 16777215
176
     1
 90
        1
176
     1
 90
        4
176
     1
 62
     7
176
     1
 62
   257
176
     1
 90
        1
176
     1
 90
        1
176
     1
 40
1.0
176
     1
 90
       12
176
     1
 62
     7
176
     1
 40
1.0
176
     1
 90
        1
176
     1
 90
        6
176
     1
 90
        2
176
     1
 62
     7
176
     1
 90
        5
176
     1
 90
        0
176
     1
 90
        0
176
     1
290
     0
176
     1
 90
        1
176
     1
 40
0.0
176
     1
 90
        0
176
     1
290
     0
176
     1
290
     1
176
     1
290
     1
176
     1
290
     0
176
     1
290
     0
176
     1
290
     0
176
     1
290
     0
176
     1
290
     0
176
     1
290
     0
176
     1
 90
       50
176
     1
 40
0.0
176
     1
 40
1.0
176
     1
 90
        0
176
     1
 62
    18
420
        0
176
     1
 90
       50
176
     1
 90
        3
176
     1
 62
     5
420
      255
176
     1
290
     0
176
     1
 90
       50
176
     1
 90
       50
176
     1
 90
       50
176
     1
290
     0
176
     1
 90
       50
176
     1
 62
   256
176
     0
 40
1.0
176
     0
 90
        2
176
     1
  1
strokes_ogs.tif
176
     1
290
     0
176
     1
 40
1.0
176
     1
 40
1.0
176
     1
  0
VISUALSTYLE
  5
50
102
{ACAD_REACTORS
330
2B
102
}
330
2B
100
AcDbVisualStyle
  2
Wireframe
 70
     5
177
     3
291
     0
 70
    58
 90
        0
176
     1
 90
        2
176
     1
 90
        0
176
     1
 90
        0
176
     1
 40
0.6
176
     1
 40
30.0
176
     1
 62
     7
176
     1
 90
        1
176
     1
 90
        4
176
     1
 62
     7
176
     1
 62
   257
176
     1
 90
        1
176
     1
 90
        1
176
     1
 40
1.0
176
     1
 90
        0
176
     1
 62
   257
176
     1
 40
1.0
176
     1
 90
        1
176
     1
 90
        6
176
     1
 90
        2
176
     1
 62
     7
176
     1
 90
        3
176
     1
 90
        0
176
     1
 90
        0
176
     1
290
     0
176
     1
 90
        1
176
     1
 40
0.0
176
     1
 90
        0
176
     1
290
     0
176
     1
290
     1
176
     1
290
     1
176
     1
290
     0
176
     1
290
     0
176
     1
290
     0
176
     1
290
     0
176
     1
290
     0
176
     1
290
     0
176
     1
 90
       50
176
     1
 40
0.0
176
     1
 40
1.0
176
     1
 90
        0
176
     1
 62
    18
420
        0
176
     1
 90
       50
176
     1
 90
        3
176
     1
 62
     5
420
      255
176
     1
290
     0
176
     1
 90
       50
176
     1
 90
       50
176
     1
 90
       50
176
     1
290
     0
176
     1
 90
       50
176
     1
 62
   256
176
     0
 40
1.0
176
     0
 90
        2
176
     1
  1
strokes_ogs.tif
176
     1
290
     0
176
     1
 40
1.0
176
     1
 40
1.0
176
     1
  0
VISUALSTYLE
  5
FE8
102
{ACAD_REACTORS
330
2B
102
}
330
2B
100
AcDbVisualStyle
  2
X-Ray
 70
    25
177
     3
291
     0
 70
    58
 90
        2
176
     1
 90
        2
176
     1
 90
        1
176
     1
 90
        1
176
     1
 40
0.5
176
     1
 40
30.0
176
     1
 62
     7
420
 16777215
176
     1
 90
        1
176
     1
 90
        0
176
     1
 62
     7
176
     1
 62
   257
176
     1
 90
        1
176
     1
 90
        1
176
     1
 40
1.0
176
     1
 90
        8
176
     1
 62
     7
176
     1
 40
1.0
176
     1
 90
        1
176
     1
 90
        6
176
     1
 90
        2
176
     1
 62
     7
176
     1
 90
        3
176
     1
 90
        0
176
     1
 90
        0
176
     1
290
     0
176
     1
 90
       13
176
     1
 40
0.0
176
     1
 90
        0
176
     1
290
     0
176
     1
290
     1
176
     1
290
     1
176
     1
290
     0
176
     1
290
     0
176
     1
290
     0
176
     1
290
     0
176
     1
290
     0
176
     1
290
     0
176
     1
 90
       50
176
     1
 40
0.0
176
     1
 40
1.0
176
     1
 90
        0
176
     1
 62
    18
420
        0
176
     1
 90
       50
176
     1
 90
        3
176
     1
 62
     5
420
      255
176
     1
290
     0
176
     1
 90
       50
176
     1
 90
       50
176
     1
 90
       50
176
     1
290
     0
176
     1
 90
       50
176
     1
 62
   256
176
     0
 40
1.0
176
     0
 90
        2
176
     1
  1
strokes_ogs.tif
176
     1
290
     0
176
     1
 40
1.0
176
     1
 40
1.0
176
     1
  0
DICTIONARYVAR
  5
FCD
102
{ACAD_REACTORS
330
FC7
102
}
330
FC7
100
DictionaryVariables
280
     0
  1
1:1
  0
DICTIONARYVAR
  5
FC9
102
{ACAD_REACTORS
330
FC7
102
}
330
FC7
100
DictionaryVariables
280
     0
  1
Standard
  0
DICTIONARYVAR
  5
FC8
102
{ACAD_REACTORS
330
FC7
102
}
330
FC7
100
DictionaryVariables
280
     0
  1
Standard
  0
DICTIONARYVAR
  5
FCA
102
{ACAD_REACTORS
330
FC7
102
}
330
FC7
100
DictionaryVariables
280
     0
  1
Metric50
  0
DICTIONARYVAR
  5
FCB
102
{ACAD_REACTORS
330
FC7
102
}
330
FC7
100
DictionaryVariables
280
     0
  1
Metric50
  0
DICTIONARYVAR
  5
FD4
102
{ACAD_REACTORS
330
FC7
102
}
330
FC7
100
DictionaryVariables
280
     0
  1
2
  0
DICTIONARYVAR
  5
FD3
102
{ACAD_REACTORS
330
FC7
102
}
330
FC7
100
DictionaryVariables
280
     0
  1
1
  0
DICTIONARYVAR
  5
FD2
102
{ACAD_REACTORS
330
FC7
102
}
330
FC7
100
DictionaryVariables
280
     0
  1
0
  0
DICTIONARYVAR
  5
FCF
102
{ACAD_REACTORS
330
FC7
102
}
330
FC7
100
DictionaryVariables
280
     0
  1
0
  0
DICTIONARYVAR
  5
FD0
102
{ACAD_REACTORS
330
FC7
102
}
330
FC7
100
DictionaryVariables
280
     0
  1
0
  0
DICTIONARYVAR
  5
FCE
102
{ACAD_REACTORS
330
FC7
102
}
330
FC7
100
DictionaryVariables
280
     0
  1
2
  0
DICTIONARYVAR
  5
FCC
102
{ACAD_REACTORS
330
FC7
102
}
330
FC7
100
DictionaryVariables
280
     0
  1
1
  0
DICTIONARYVAR
  5
FD1
102
{ACAD_REACTORS
330
FC7
102
}
330
FC7
100
DictionaryVariables
280
     0
  1
127
  0
DICTIONARY
  5
F68
330
1C
100
AcDbDictionary
280
     1
281
     1
  0
DICTIONARY
  5
F65
330
16
100
AcDbDictionary
280
     1
281
     1
  0
DICTIONARY
  5
45
330
44
100
AcDbDictionary
280
     1
281
     1
  3
FBXASSET
360
46
  0
DICTIONARY
  5
42
330
41
100
AcDbDictionary
280
     1
281
     1
  3
FBXASSET
360
43
  0
DICTIONARY
  5
D
330
B
100
AcDbDictionary
280
     1
281
     1
  3
FBXASSET
360
10
  0
DICTIONARY
  5
F1017EC
330
4D
100
AcDbDictionary
280
     1
281
     1
  3
ACAD_ROUNDTRIP_2008_TABLESTYLE_CELLSTYLEMAP
360
F1017ED
  0
XRECORD
  5
46
102
{ACAD_REACTORS
330
45
102
}
330
45
100
AcDbXrecord
280
     1
 70
     1
 90
429727718
  1
D62C5603-E3A1-4AEA-B7FB-FE5D8D0755AF
310
504B03040A0000080000CC70623B3DEE336E79000000790000001B0000006175746F6465736B2D64657369676E2D7061636B6167652E786D6C3C3F786D6C2076657273696F6E3D22312E302220656E636F64696E673D227574662D3822203F3E3C666F726D6174733E3C666F726D61743E687474703A2F2F736368656D612E
310
6175746F6465736B2E636F6D2F64657369676E2D7061636B6167652F323030393C2F666F726D61743E3C2F666F726D6174733E504B0304140006080800CC70623BD486FD9CA0000000F4000000130000005B436F6E74656E745F54797065735D2E786D6C7D8EC10E82300C865F65E91D8A1E8C310C0EEA1BF002731658846E
310
D98AC1B77784ABF1D8FE5FBFBF75BBCE937A534CCEB38643598122B6FEE978D0B0485F9C41B54DDD7D022595594E1A469170414C76A4D9A4D207E29CF43ECE46F218070CC6BECC4078ACAA135ACF422C856C0E68EA1BF5669944DDD7BCDE7B1F8E415D77AECB980613C2E4AC91FC167A2B244592486606FC29C8FD7F045B9A
310
EF7053A7E60B504B0304140006080800CC70623B853B8169EB0000007C01000008000000636F72652E786D6C8D90416EC3201045AF62CDB6C206821CC7C244919D9CA01740401C94182C03558F5F9C3852BBEB6A467FFE9B197D7EFC9E1EC5975982F5AE035262288C535E5B377690E21535501C055FBC8FBF6C503839990E
310
5619041F179FE64D52DE45E362569DD7661365082642A11EB9E920A89B99642953CC8E702F67A9EE7234257977194EC9EAE275C4EABCCF5EAD5940D4AC6F0E35A568B8F43562CD7046CD199FD07E60174276A7BE677B5EADB0E0D14EEFFB6A31321A0D82627C4084204C3F096B71DD52F6819B16635EADF63F509AF53FA164
310
5DDCD1EDDD17164090FCC8732078B56691CB33A85CD7DCC40F504B0304140006080800CC70623B55019EA25F0000007C00000007000000636E782E786D6C4DCB3B0E80201045D1AD90E915ED2CF8AC45050C11660C8261F98AB1B07AC9C97D42D718D865D3E909258CFD00CCE24AC6E326A164D74DC0B4128928FF32603847
310
2BA13128B1252AC747C6BAB984FC68F0B87FE8960A5C09FE86CFB69FBA01504B0304140006080800CC70623BDBABAAF470010000D40300000C0000006662782F636F72652E786D6CC553D16E823014FD95A6AF4B694182CC941A83FA05FB810A9511A125A5257EFE2E82712ECEB8A7F100CD39F7F69E734AF9FADC366850B6
310
AF8DCE7018308C942E4C59EB2AC3DE1D498AD15A706B8CFB56869196ADCAF00863C12B6B7C374385D14E6907A836A59A41D9F7CA615434B0C8705F7CAA5606D23BA8E84F41278B93AC54100640439DE0BDB320004D43C63716C7C399D30917DCFBBA9CD9BA8469F5B156168B24CED3F7248AC8769F27244EB73B92EED8862C
310
B7F13E0C179B3C8F979C8ECD82BBBABDAA2BAC924E9558448CBD9330242CFA08E3154B5651FCC6D215639C8EE5774DBE2B5F6CF2B5768B68963BB5F5588420E442FC700B1139D4CB01F450C1E918227C2E09DF070D8140C84E1E9AAB8F1340832A9CB13130A5F1376A908D57309505ECF2A0DF179C4E9D30F5B239B87E3823
310
7A79C6F31DE1A8A5AEC08474B03C7837EAE4938639B44E5932B833D2C6B6B279CDC613877FA26EE21F4A2A4C63EC7F29A2F301D1F9F7A0E37D145F504B0304140006080800CC70623B9C113CC27E0000009D0000000B0000006662782F636E782E786D6C4DCCDF0A83201C86E15B91DFB94BFB330DD428C8FB886521330DA7
310
6397BF1A1DECE883878F57749FCDA1B7892F1BBC047A23808C7F84D9FA55424E0BE6803A256208E9EF06C84F9B91703228B1C690F78B66B34CD9A5439DF5CF0BFBF65E35BCA1B8D6A5C6F540381E886698B5741C695F9503EBA150A2F8958E3DC3EA0B504B0304140006080800CC70623B7DF2F77C2A010000120200003100
310
00006662782F41393633353835312D344632462D344230382D423046372D3739314545314133324237412F636F72652E786D6C8D51DB8EC22014FC15C2939B0D2DB4B45643319AE817EC0F6041255A68B86CFCFC856D4D76DF7CE190393373060EDB3DC707F856CE6B6B7A480A0C81328395DA5C7B18C3057510EC3873D686
310
3F34088C18550F330C39BB3A1BA7051AAC09CA84841A2BD5020AEF55806078A44B0FFD7053A328440C89E1EFC52486BBB8AA8214A99D789CF9E05200300FC927E4FB4D5B375D43103D5527440FB843077C5AA3F5861C8F645F5787F59E95B390B318B55CE45AA638FAA2957BD7248B390B7A7CC51F9C124149C82B8C378810
310
84AB2F42B7B8DD56F413775B8C5999E9FF4471926F8AA236A1AE96B8B3CC434E5839373893369E1FAF30EA395917409EB7F26AF8801C171837A4A6AC9C89E9F9C9B1A58BA30FD6A5EF5DDDCF894B9AD9B6A59C957943A9FCAE2FD5BC4DFE03504B0304140006080800CC70623BAD7543B64E01000033030000300000006662
310
782F41393633353835312D344632462D344230382D423046372D3739314545314133324237412F636E782E786D6CD593CD6EC32010845F0571AD6CE3D48AD20813A9873E410FBD12D82434182C7EAAE6EDBB2424CD25871E7B41D6EC30B3FA84F9E67BB2E40B4234DE8DB46F1925E094D7C6ED479AD3AE5951B2113C789FEE
310
6C943839C1488B4C05DF079FE72A69D8C96C13AAD6B8631503449F83828872B949AC57D26200B826A308D316B4064D6E46FCDA41C05550DC9E483A00797BFD207EFB092A45DE9514C1BBD22178396BD39D891265658C238DEA00936C654E5E433CB65A26D9F6EDB5EBC14EBF49A45CB856E66048291F6939A9A81BB5C89177
310
38143CA680F4AA299D66A042CEB3354A2684DC9D8D178FE0D9B8B41CAAD720F880EE7EF93C0C18769E099ECC04D5A102C8049A8A05632F4DDF376CF1DE0F6BB65C2F8627B65A33C6BB62177CEBBDAD973006829F89F22E814B54F4BC2BE347F8AA8F681390B50FA73F804400B5F542E796F19FF974E7F78DB802FE05E20750
310
4B0304140006080800CC70623BE75B7789680500003C100000340000006662782F41393633353835312D344632462D344230382D423046372D3739314545314133324237412F6F626A656374732E786D6CAD575B8F9B3818FD2B887D06C22499CB8AA1CA655245D5B455A356FB305264C061D8018C6C3393D95FBFC7600890
310
A4CD5EF210B0B1BFEBF98E3F7B1FF6596ABC522E1296DF9BAE3D320D9A872C4AF2F8DE2CE5CEBA358D0FBEC719939D65A691938CDE9B6ADAF4BD98B3B2D05311DD91329583D9D5FC0F438434A7A611A644887B5384CF34233629258BA878B12322891DEFF6B66BD70BFB62634E8AE781D082709A4B588AF91C528CDA28B73F
310
1C998EEF39EABBEFA97FBD6A7C7E9553F9D3D79FE442923C3C523610337627CB87ABE99D359D4CC6D6E4FACAB5E6ABF9D2726FC6A3C5F56271377BB88362213924694B38DD99FE47C48627A1E7D49F5A8BB5E1A74C0A599ED3B0F21F1E56366B89112D681E218F0915D0D6F17AD41FBA2A369DCF6335D62ABBD39779D5DDD1
310
11D4D8DE3CBB96B2E04FB8202E41051754A1AA8E8F76B4C6DFE810B580B1547F4B84911149794252234D024EF8BBE963A95AE27B3D310A9D5C215C7960FAEE415ED75694C6AFB17BCACA5D99A60A9AA65F217B0BFC53292ACB92BF283FAD0D3621576592CB5BED907C2FA8E9DF794E35E97BEA31BED21FEB401ABB94C44839
310
DCACBF0E1C5DA8DA5B2F4DFFD32AD86F543D9E565E7056502E157C00AD2671CD534549AB752FCA9CDA00677A313F04E51B22FF19E57B300579E3C97EB29F682D92935CEC18CF901B7B54FD8C51F362B56FC72FE0B3C1EAE335EDCCBF5AEC39ADB17DC238973F804BA5E6F6BFE7AF1FB32E523BE9F3BD571418E3631DCA4D48
310
5250CF639223210A9446CA30052EDF057BD35F8329C1ECD84552BF0DC8D18BE7BCE23BFE6BD960AB4A7DE79923A103BEBD80F911CBAA2C60DB19B01CF164A5583B772EE6D3FFA56666CBCDA74DC97724A48F9A58967497E489C4D979006FD7A05E227A1EBDD0F737C623387A9C844D3709995625106D157315F8B8392CD4E0
310
A0B9A720C4BE9829CEF37EA1E13111214D53925356365ADA634861B52519DD27A00AEB808EAF0628E6F435519D446F45CF2C9CF5214F0A15B2F6D06B79DA3EE3CBF7F56780D2F4E7EF73A0F5E5B02A38D07DC852C6B7C1FBB6664213E0C39E3EBA7FF4E1AD23EA2829407C85E586727488B751B2DB9502BC7B228A3FD68B6E
310
A65A22397E690AA8D158D7E404EC8CDA235CC3B7D1898680131CEC2CDF2638C65196279577750F15884AEE19F94199155B92B13297978469D4F8D358DF0AEF7631E28DC8F0D9F437D5D39A83B2231A1D52D543813A824EF8D44BCFF2FA6A31BD1E8DAD87F1CCB526B3879935BF59CDADD5C37479BB1CDD4CA7B3556B516589
310
EF352754B706114D9C885EC9131DE6EFEB43D99AFE2391C2F958179413D7CFEF6B1B6DB1E7600F00DE6E5C67454A339A4BA2E0FBA85ED26F045D454F463DBFCE484C2F90F2E5E3666003662ED8F755951A7D1BECD5B30B550B2785C8E7320B7292A4838DDA71BBC863ED7613CAF659337A3354231D4FF4A182A54904C2898C
310
98B28C4AD0CE056CCF332A80986E571EE9DBC305BB5FEB7E509220A58D25CF042D712A806AC0AD0C657FDEF80D2D9CEAA2EE4D1C76F60BFE74219A06527D6F82DF6412526107381E55E353090704D085B52408A8913C4ED159D79BDA71BB4BC506F4831350EB6F975CD22D69BF7AC49B91A2C0A9DDA3D5CA36AD20FC478E37
310
E61844E2352865EBCB61A275A65283CAAA9DD27703B4102F5AF51EF5F573B75CBB5AD38BC845F7A49F82A0966A49C2E3EA5EA0ECD326CD965F1DB402C6FA8B51A4658C5C5E2EC9E214602E55810345408596591009A82E7E7FFACA19EEA299B14A0081A705CB3296EBC14CDF658DCD336EA6D1136881AAEB87B81AB9EE53D5
310
F5EB8BC8362082DA24122F98680A4E7930C01A0079749CEA14382A0783E5EBA5A10F8C098456A03D6A4AEB6BB881E2513747552A5DB22C7EDAF83BD5528081A365F7FF06504B0304140006080000CC70623B000000000000000000000000350000006662782F41393633353835312D344632462D344230382D423046372D37
310
39314545314133324237412F76657274696365732E62696E504B0304140006080800CC70623BF270F1330600000004000000360000006662782F41393633353835312D344632462D344230382D423046372D3739314545314133324237412F747269616E676C65732E62696E636660600000504B0304140006080000CC7062
310
3B000000000000000000000000370000006662782F41393633353835312D344632462D344230382D423046372D3739314545314133324237412F617474726962757465732E62696E504B0304140006080800CC70623B08DA0BD19000000041010000360000006662782F41393633353835312D344632462D344230382D4230
310
46372D3739314545314133324237412F6469726563746F72792E786D6C858F410AC3201045AF22B36F53E9A60B35CBEEBAE80D244E44489C6234F4F835464A48035D0DF398FF9F8AF63D0E6CC63039F212F8F9020C7D47C6792B21C5FE7403D62A1188E2E60C98D7234A5830286103A55745067B9D86B8A3CF9C7F90C11DE6
310
07FB144396D7B6A82D282E9A152AD114D5EF2CB866EEE831B8EEA07A7BB5A8D7D61A2BAAEB7FD5F70921FF497D00504B0304140006080800CC70623BEDD1DC58FD000000A00100003B0000006662782F41393633353835312D344632462D344230382D423046372D3739314545314133324237412F7265736F75726365732F
310
636F72652E786D6C8D504B6E833010BD0A9A6D65B00922041947112427E8052C33A156828DFCA97AFC9A40A576D7CDCCE87D344F8F9FBFE667F689CE6B6B3A6039850C8DB2A336530731DC4903D95970676DF82583CCC8193B5861107C72362E3BA4AC096842428D1D7107A5F7182053CF7474E0D507CE32973124857FE48B
310
540F3961CEF244279DE03EB81420DB9EAC1384436FA353E879B1B182C7A8C75DA3C7F453DF353A1075D537A7BA6464B8F535A99AE14A9A2BBD90E350DD183B5CFABE3AF262350B1EF4FC9351399401471025A527C218A1E53BAB5A5AB765F5469B96525EACF23FA6B88CFF34456DC2A1DCE36E360F82A5202F42F062ED2BAD
310
579969AFDD8A6F504B010214000A0000080000CC70623B3DEE336E79000000790000001B00000000000000000000000000000000006175746F6465736B2D64657369676E2D7061636B6167652E786D6C504B01021400140006080800CC70623BD486FD9CA0000000F40000001300000000000000000000000000B20000005B
310
436F6E74656E745F54797065735D2E786D6C504B01021400140006080800CC70623B853B8169EB0000007C010000080000000000000000000000000083010000636F72652E786D6C504B01021400140006080800CC70623B55019EA25F0000007C000000070000000000000000000000000094020000636E782E786D6C504B
310
01021400140006080800CC70623BDBABAAF470010000D40300000C00000000000000000000000000180300006662782F636F72652E786D6C504B01021400140006080800CC70623B9C113CC27E0000009D0000000B00000000000000000000000000B20400006662782F636E782E786D6C504B01021400140006080800CC70
310
623B7DF2F77C2A010000120200003100000000000000000000000000590500006662782F41393633353835312D344632462D344230382D423046372D3739314545314133324237412F636F72652E786D6C504B01021400140006080800CC70623BAD7543B64E010000330300003000000000000000000000000000D2060000
310
6662782F41393633353835312D344632462D344230382D423046372D3739314545314133324237412F636E782E786D6C504B01021400140006080800CC70623BE75B7789680500003C10000034000000000000000000000000006E0800006662782F41393633353835312D344632462D344230382D423046372D3739314545
310
314133324237412F6F626A656374732E786D6C504B01021400140006080000CC70623B0000000000000000000000003500000000000000000000000000280E00006662782F41393633353835312D344632462D344230382D423046372D3739314545314133324237412F76657274696365732E62696E504B01021400140006
310
080800CC70623BF270F133060000000400000036000000000000000000000000007B0E00006662782F41393633353835312D344632462D344230382D423046372D3739314545314133324237412F747269616E676C65732E62696E504B01021400140006080000CC70623B0000000000000000000000003700000000000000
310
000000000000D50E00006662782F41393633353835312D344632462D344230382D423046372D3739314545314133324237412F617474726962757465732E62696E504B01021400140006080800CC70623B08DA0BD1900000004101000036000000000000000000000000002A0F00006662782F41393633353835312D344632
310
462D344230382D423046372D3739314545314133324237412F6469726563746F72792E786D6C504B01021400140006080800CC70623BEDD1DC58FD000000A00100003B000000000000000000000000000E1000006662782F41393633353835312D344632462D344230382D423046372D3739314545314133324237412F7265
310
736F75726365732F636F72652E786D6C504B0506000000000E000E0080040000641100000000
  0
XRECORD
  5
43
102
{ACAD_REACTORS
330
42
102
}
330
42
100
AcDbXrecord
280
     1
 70
     1
 90
429727718
  1
30362254-06B7-45E0-A893-8CFA70E3D6BC
310
504B03040A0000080000CC70623B3DEE336E79000000790000001B0000006175746F6465736B2D64657369676E2D7061636B6167652E786D6C3C3F786D6C2076657273696F6E3D22312E302220656E636F64696E673D227574662D3822203F3E3C666F726D6174733E3C666F726D61743E687474703A2F2F736368656D612E
310
6175746F6465736B2E636F6D2F64657369676E2D7061636B6167652F323030393C2F666F726D61743E3C2F666F726D6174733E504B0304140006080800CC70623BD486FD9CA0000000F4000000130000005B436F6E74656E745F54797065735D2E786D6C7D8EC10E82300C865F65E91D8A1E8C310C0EEA1BF002731658846E
310
D98AC1B77784ABF1D8FE5FBFBF75BBCE937A534CCEB38643598122B6FEE978D0B0485F9C41B54DDD7D022595594E1A469170414C76A4D9A4D207E29CF43ECE46F218070CC6BECC4078ACAA135ACF422C856C0E68EA1BF5669944DDD7BCDE7B1F8E415D77AECB980613C2E4AC91FC167A2B244592486606FC29C8FD7F045B9A
310
EF7053A7E60B504B0304140006080800CC70623B1EC5D7A3EB0000007C01000008000000636F72652E786D6C8D90416EC3201045AF82665B6103C6756C6122AB4D4ED00B204C5C94182C03558F5F9C3852BBEB6A467FFE9B197D71FC9E6FE8CBACC17AD7032D0820E3B41FAD9B7A48F1820F808E52ACDEC75F36404ECDA687
310
4D0629A6D5A76597B477D1B89855E747B38B2A041301E95B6E7A08FAD3CCAA50296647B8168BD2573599823EBB0CA76447F43862C7BCCF5EAC59410E4DDD9C7973C2755553CCCFA4C603E3040F1565ED3B1FDE4E432BCA0D9622DAF9795FAF464533826484B498524CD807E51D79ED187F21878E10516EF63F505AC67F42C9
310
BA58B1FDDD071640D2FCC87D2045B96591CB3DA85CB7DCE40F504B0304140006080800CC70623B55019EA25F0000007C00000007000000636E782E786D6C4DCB3B0E80201045D1AD90E915ED2CF8AC45050C11660C8261F98AB1B07AC9C97D42D718D865D3E909258CFD00CCE24AC6E326A164D74DC0B4128928FF32603847
310
2BA13128B1252AC747C6BAB984FC68F0B87FE8960A5C09FE86CFB69FBA01504B0304140006080800CC70623B8C9102E971010000D40300000C0000006662782F636F72652E786D6CC5535B6E833010BC8AE5DF0A6C08340F1947A84D4ED00B38C6A128602363A31CBFCB234A53A551FA553EC09AD9F5CE8C31DB9E9B1AF5CA
310
7695D1198E428A91D2D214952E33ECDD315861B4E5CC1AE3BE9561A445A3323CC098B3D21ADFCE9034DA29ED00D5A6503328BA4E398C640D8B0C77F253352214DE4145770A5B214FA2546114020D759C75CE8200340D19DE981F0F6746269C33EFAB6266AB02A655C74A59CCF365BADC27CB5D902ED22848F6340DF238A141
310
BE88E2F57B92BFEDF23523433367AE6A2EEAA455C2A902F398D2751045018D3FA264435F3771F242571B4A1919CA6F9A7C5B3CD9E42BED16F12C776AEB308F40C848FC700B1139D4891EF410CEC810227CC6846F8386402064270EF5C5C709A05E49676C024C61FC95EA45ED154CA5211D1FF4FB8291A913A68E9B83EBBB33
310
E2A7673CDE118E5AE8124C0807CB8377834E366998436B950D7A7746DAD846D4CFD978E0F04FD455FC5D49D2D4C6FE9722321F10997F0F32DC47FE05504B0304140006080800CC70623BFFEA85907E0000009D0000000B0000006662782F636E782E786D6C4DCCD10A83201886E15B91FFDC95D95A811AB6F23E625948A6C3
310
E9D8E5AF46073BFAE0E1E365ED67B3E8ADC3CB78C7815C7240DA3DFC64DCC221C519D7805AC182F7F1EF06C88D9BE6703008B6049F9E274D7A1E938DBB5AE3D6131B2589BA0D3D965551E0B2EA732C9B9A624AAEB41E3A557677029960D9AFB4EF11165F504B0304140006080800CC70623B4FEEA4082C0100001202000031
310
0000006662782F39464131463745442D413632322D343644302D413938332D3331353338454246344243312F636F72652E786D6C8D515B6EC32010BC0AE2AB55850DD871ED0813254D72825EC00192A2C460F1A872FC42ED48ED5F7E00CDCECCCEB26C731F6FE05B39AFADE921293004CA082BB5B9F43086336A21D870E6AC
310
0D7F68109861543DCC30E4ECE26C9C164858139409093556AA051CBC570102714B8F1E7AF1A5C6A11862480C7F2DA6415C878B2A4891CA89C7990F2E050073937C42DE1DB7E4F87ED8A36D4329AA9B3D46DBAEAD504556557BD81DEBDD0761E52CE42C462D17B996298E3E6BE59E35C962CE821E1FF18553435012728A7187
310
0841987E927A8D9B35ADDF70BBC6989599FE4F1427F9A4286A132ABAC49D651EF234CD5CE04CDA78BA3DC2A8FB645D00B9DF8B57E215725C60BCA2A463E54C4CE327C7A65E1C7DB02E7DEFCBF594B864C5CA6CDBD49C957943E9FA5D5FBAF336F90F504B0304140006080800CC70623BAD7543B64E01000033030000300000
310
006662782F39464131463745442D413632322D343644302D413938332D3331353338454246344243312F636E782E786D6CD593CD6EC32010845F0571AD6CE3D48AD20813A9873E410FBD12D82434182C7EAAE6EDBB2424CD25871E7B41D6EC30B3FA84F9E67BB2E40B4234DE8DB46F1925E094D7C6ED479AD3AE5951B2113C
310
789FEE6C943839C1488B4C05DF079FE72A69D8C96C13AAD6B8631503449F83828872B949AC57D26200B826A308D316B4064D6E46FCDA41C05550DC9E483A00797BFD207EFB092A45DE9514C1BBD22178396BD39D891265658C238DEA00936C654E5E433CB65A26D9F6EDB5EBC14EBF49A45CB856E66048291F6939A9A81BB5
310
C8917738143CA680F4AA299D66A042CEB3354A2684DC9D8D178FE0D9B8B41CAAD720F880EE7EF93C0C18769E099ECC04D5A102C8049A8A05632F4DDF376CF1DE0F6BB65C2F8627B65A33C6BB62177CEBBDAD973006829F89F22E814B54F4BC2BE347F8AA8F681390B50FA73F804400B5F542E796F19FF974E7F78DB802FE05
310
E207504B0304140006080800CC70623B16AB87BA640500003C100000340000006662782F39464131463745442D413632322D343644302D413938332D3331353338454246344243312F6F626A656374732E786D6CAD575B6FA33818FD2B887DE6924B3BED8A326A92B68A663B534DD4D13E548A0C38942D60649B369D5FBFC7
310
600890A493BDE42160637FD7F31D7FF63E6FB3D478A55C242CBF3247B66B1A340F5994E4F19559CA8D75611A9F7D8F33263BCB4C232719BD32D5B4E97B316765A1A722BA21652A07B3B7B33F0D11D29C9A46981221AE4C113ED38CD8A4942CA2E2C58E882476BCD9DA23BB5ED8171B73523C0F841684D35CC252CCE79062D4
310
468DFA43D7747CCF51DF7D4FFDEB5593E3AB9CCA9FBEFE241792E4E19EB28198C968BAB8199F5D5A67D3E9C49A9E8F47D6EC76B6B0469F26EEFC7C3EBFBCBEB98462213924694B38DD98FE1D62C393D073EA4FADC5DAF04326852CCF6958F90F0F2B9BB5C48816348F90C7840A68EB78EDF68723159BCEE7891A6B95DDE9D3
310
BCEAEEE8086A6C6F9E5D4B59F0175C10A7A0820BAA5055C7473B5AE3CFDD452D602CD5DF12616444529E90D448938013FE6EFA58AA96F85E4F8C42275708571E98FE6827AF6B2B4AE3D7D83D64E5A64C53054DD3AF90BD06FEA9149565C94FCA0F6B834DC85599E4F2423B24DF0B6AFA979E534DFA9E7A4CC6FA631D486393
310
921829879BF5D781A373557BCB85E97FB90DB62B558F8795179C15944B051F40AB495CF35451D26A4727654E6D8033BD98EF82F21D91FF8AF2DD9982BCF1643BDD4EB516C9492E368C67C88DED563FC36D5EACF66DFF057C3658BDBFA69DF9578B3DA735B64F18C7F20770A9D45CFCF7FCF563D6456A277DBEF78A02637CA2
310
43B90A490AEAB94F72244481D24819A6C0E59B606BFA4B3025981DBB48EAB701D97BF19C577CC77F2D1B6C55A9EF3C732474C0B727303F625995056C3B02963D9EAC146BE78EC5FCEC7FA999EBC5EACBAAE41B12D27B4D2C0BBA49F244E2ECDC81B76B502F113D8F5EE8FB1BE3111CDD4FC2AA9B844CAB1288B68AB90A7CDC
310
1C166AB0D3DC5310625FCC14E779BFD0709F8890A629C9292B1B2DED31A4B0DA928CEE135085754027E3018A397D4D5427D15BD1330B677DC8934285AC3DF45A9EB68FF8F2B8FC0A509AFEECFD0FF2DE25CC6047F7214B195F07EFEB9A094D800F7BFAE8FED187B78EA8A3A400F115961BCAD1215E47C966530AF0EE8128FE
310
58CEBB996A8964FFA529A046635D9353B0336A8F700DDF46271A024E70B0B37C9DE01847591E54DED53D54202AB947E4076556AC49C6CA5C9E1226B7F1A7B1BE15DEED62C41B91E1B3E9AFAAA735036547343A925075041DF0A9979E893B391F8FCFA6967B3EFB644DCF6E5CEBFAE272625DCC6FAF3FB93793C5F90CE1EF57
310
407342756B10D1C489E8953CD1617E5CEECAD6F4EF8914CE5D5D504E5C3F1F9736DA62CFC11E00BCDDB8CC8A9466349744C1F75EBDA4DF09BA8A9E8C7A7E9991989E20E5DBDD6A6003664ED8F7A04A8DBE0DF6EAD9B9AA858342E47399053949D2C146EDB85DE4B176BB0965FBAC19BD19AA918E27FA50C1D22402E144464C
310
59462568E704B6E71915404CB72B8FF4EDE184DDAF753F284990D2C6926782963815403548A70C657FDEF80D2D9CEAA2AE4C1C76F60BFE74219A06527D6582DF6412526107381E55E353090704D085B52408D0933C4ED159D79BDA71BB4BC506F4831350EB6F979CD22D69BF7AC49B91A2C0A9DDA3D5CA36AD20FC478E37E6
310
1844E2352865EBCB6EA275A652E3836BE04EFB400BF1A2556F515F1FBB35B2AB35BD889C744FFA1004B5544B121E57F70215746DD2F5E2C1412B602CBF19455AC6C8E5E9922C4E01E65215385004546899059180EAFCF7A707CE7017CD8CDB0410789AB32C63B91E5CEBBBACB17AC6CD347A022D5075FD106377347AAABA7E
310
7D11590744509B44E205134DC1290F06580320F78E537D3D73540E06CB970B431F185308AD40BBD794D6D77003C5A36E8EAA54BA64597CD8F83BD552A080A365F7FF06504B0304140006080000CC70623B000000000000000000000000350000006662782F39464131463745442D413632322D343644302D413938332D3331
310
353338454246344243312F76657274696365732E62696E504B0304140006080800CC70623BF270F1330600000004000000360000006662782F39464131463745442D413632322D343644302D413938332D3331353338454246344243312F747269616E676C65732E62696E636660600000504B0304140006080000CC70623B
310
000000000000000000000000370000006662782F39464131463745442D413632322D343644302D413938332D3331353338454246344243312F617474726962757465732E62696E504B0304140006080800CC70623B08DA0BD19000000041010000360000006662782F39464131463745442D413632322D343644302D413938
310
332D3331353338454246344243312F6469726563746F72792E786D6C858F410AC3201045AF22B36F53E9A60B35CBEEBAE80D244E44489C6234F4F835464A48035D0DF398FF9F8AF63D0E6CC63039F212F8F9020C7D47C6792B21C5FE7403D62A1188E2E60C98D7234A5830286103A55745067B9D86B8A3CF9C7F90C11DE607
310
FB144396D7B6A82D282E9A152AD114D5EF2CB866EEE831B8EEA07A7BB5A8D7D61A2BAAEB7FD5F70921FF497D00504B0304140006080800CC70623B0D6EF93BFE000000A00100003B0000006662782F39464131463745442D413632322D343644302D413938332D3331353338454246344243312F7265736F75726365732F63
310
6F72652E786D6C8D50596E833010BD0A9ADFCA60B334011947A8694ED00B586642AC041B79A97AFC9A40A5F6AF3F33A3B7689E1E3F7DCD8FEC139DD7D6F4C0720A191A65476DA61E62B892236427C19DB5E1970C322367EC618541F0C9D9B8EC90B226A009093576C41D94DE63804C3DD2D18357379C652E63480A7FCF17A9
310
EE72C29CE5894E3AC17D702940B63D59270887DE46A7D0F36263058F518FBB468FE9A7BE6A7420864373B8D4873369AA8691FA421B3294352543C5CAF65C0F6FEF43CB8BD52C78D0F34F46E550061C419494B6843142CB0F5677F4B52BEB177AEC28E5C52AFF638ACBF84F53D42654E51E77B379102C05791282176B5F693D
310
CB4C7BED567C03504B010214000A0000080000CC70623B3DEE336E79000000790000001B00000000000000000000000000000000006175746F6465736B2D64657369676E2D7061636B6167652E786D6C504B01021400140006080800CC70623BD486FD9CA0000000F40000001300000000000000000000000000B20000005B
310
436F6E74656E745F54797065735D2E786D6C504B01021400140006080800CC70623B1EC5D7A3EB0000007C010000080000000000000000000000000083010000636F72652E786D6C504B01021400140006080800CC70623B55019EA25F0000007C000000070000000000000000000000000094020000636E782E786D6C504B
310
01021400140006080800CC70623B8C9102E971010000D40300000C00000000000000000000000000180300006662782F636F72652E786D6C504B01021400140006080800CC70623BFFEA85907E0000009D0000000B00000000000000000000000000B30400006662782F636E782E786D6C504B01021400140006080800CC70
310
623B4FEEA4082C0100001202000031000000000000000000000000005A0500006662782F39464131463745442D413632322D343644302D413938332D3331353338454246344243312F636F72652E786D6C504B01021400140006080800CC70623BAD7543B64E010000330300003000000000000000000000000000D5060000
310
6662782F39464131463745442D413632322D343644302D413938332D3331353338454246344243312F636E782E786D6C504B01021400140006080800CC70623B16AB87BA640500003C1000003400000000000000000000000000710800006662782F39464131463745442D413632322D343644302D413938332D3331353338
310
454246344243312F6F626A656374732E786D6C504B01021400140006080000CC70623B0000000000000000000000003500000000000000000000000000270E00006662782F39464131463745442D413632322D343644302D413938332D3331353338454246344243312F76657274696365732E62696E504B01021400140006
310
080800CC70623BF270F133060000000400000036000000000000000000000000007A0E00006662782F39464131463745442D413632322D343644302D413938332D3331353338454246344243312F747269616E676C65732E62696E504B01021400140006080000CC70623B0000000000000000000000003700000000000000
310
000000000000D40E00006662782F39464131463745442D413632322D343644302D413938332D3331353338454246344243312F617474726962757465732E62696E504B01021400140006080800CC70623B08DA0BD190000000410100003600000000000000000000000000290F00006662782F39464131463745442D413632
310
322D343644302D413938332D3331353338454246344243312F6469726563746F72792E786D6C504B01021400140006080800CC70623B0D6EF93BFE000000A00100003B000000000000000000000000000D1000006662782F39464131463745442D413632322D343644302D413938332D3331353338454246344243312F7265
310
736F75726365732F636F72652E786D6C504B0506000000000E000E0080040000641100000000
  0
XRECORD
  5
10
102
{ACAD_REACTORS
330
D
102
}
330
D
100
AcDbXrecord
280
     1
 70
     0
 90
1673772943
  1
ECE7A1D2-D628-4531-984C-D00F80459256
310
504B03040A0000080000CC70623B3DEE336E79000000790000001B0000006175746F6465736B2D64657369676E2D7061636B6167652E786D6C3C3F786D6C2076657273696F6E3D22312E302220656E636F64696E673D227574662D3822203F3E3C666F726D6174733E3C666F726D61743E687474703A2F2F736368656D612E
310
6175746F6465736B2E636F6D2F64657369676E2D7061636B6167652F323030393C2F666F726D61743E3C2F666F726D6174733E504B0304140006080800CC70623BD486FD9CA0000000F4000000130000005B436F6E74656E745F54797065735D2E786D6C7D8EC10E82300C865F65E91D8A1E8C310C0EEA1BF002731658846E
310
D98AC1B77784ABF1D8FE5FBFBF75BBCE937A534CCEB38643598122B6FEE978D0B0485F9C41B54DDD7D022595594E1A469170414C76A4D9A4D207E29CF43ECE46F218070CC6BECC4078ACAA135ACF422C856C0E68EA1BF5669944DDD7BCDE7B1F8E415D77AECB980613C2E4AC91FC167A2B244592486606FC29C8FD7F045B9A
310
EF7053A7E60B504B0304140006080800CC70623BD9DDAED0EC0000007C01000008000000636F72652E786D6C8D90416EC3201045AF82665B61836D9CD8C2444DD39CA01740405C94182C03558F5F9C3852BBEB6A467FFE9B197D7EF89E6EE8CB2CC17A37002D0820E394D7D68D03A478C17B4007C117EFE32F1B20272733C0
310
2A83E0E3E2D3BC49CABB685CCCAAF3DA6CA20CC14440EA969B0182FA34932C648AD911AEC52CD5558EA6A0CF2EC329598D1E47ACCEFBECC59A050463A7EA5833865FEBDD0E37353BE3EE8DBDE3F6786A48D375FBF6CC78B9C282473B3DEFABC5C86834888A900E538A49F5419B9EB47DD5BC907D4F082F57FB1F28CDFA9F50
310
B22ED6D5F6EE030B20687EE43E10BC5CB3C8E51E54AE6B6EE207504B0304140006080800CC70623B55019EA25F0000007C00000007000000636E782E786D6C4DCB3B0E80201045D1AD90E915ED2CF8AC45050C11660C8261F98AB1B07AC9C97D42D718D865D3E909258CFD00CCE24AC6E326A164D74DC0B4128928FF326038
310
472BA13128B1252AC747C6BAB984FC68F0B87FE8960A5C09FE86CFB69FBA01504B0304140006080800CC70623BA24EB22D72010000D40300000C0000006662782F636F72652E786D6CC5535B6E833010BC8AE5DF0A6C5E49888CA3A6694ED00B38E05014B091B1518EDFE511A5A9D228FD2A1F60CDEC7A67C6986DCE4D8D7A
310
69BA4AAB0C073EC548AA5C17952A33ECECD15B61B4E1CC686DBF9561A44423333CC098B3D268D7CE50AE9595CA02AA74216750749DB418E5352C32DCE59FB211BE70162ABA93DF8AFC244AE9073ED050C759670D0840D390E18DF9F1706664C23973AE2A66B62A605A75ACA4C13C4976E1364A12EF355A2EBD384AF65EFA96
310
BC7B8BED2EA6719AAE16FB8491A199335B351775B991C2CA02F390D2D40B028F861F41BCA68B7518BFD0D59A524686F29B26D7164F36B94AD9289CE54E6D1DE6010819891F6E21228B3AD1831EC219194284CF98F06DD01008846CC5A1BEF83801D4CBDC6A1303536877A57A513B0953A94FC707FDBE6064EA84A9E3E6E0FA
310
EE8CF0E9198F7784A316AA0413C2C2F2E0ECA0934D1AE6D05A69BCDE9E91D2A611F573361E38FC1375157F5752AE6B6DFE4B11990F88CCBF0719EE23FF02504B0304140006080800CC70623B408A7D3B7C0000009D0000000B0000006662782F636E782E786D6C4DCCD10A83201886E15B91FFDC552A92A0064DBC8F581632
310
D3703A76F9ABD1C18E3E78F878E5F0D9027ABBFCF2292AE86E2D20171F69F6715550CB827B40839639A5F2770314A7CD293819B45C73AAFB45B35BA61ACAA1C1C7E7855C58C15BC331339661262CC762340413D68D77DA5B42298546CBE6573AF60CEB2F504B0304140006080800CC70623B449FB9BD290100001202000031
310
0000006662782F36394639363044362D344446342D343946362D394244322D3234314243333846323333332F636F72652E786D6C8D515B6EC32010BC0AE22B55850D98B871848994463E412FE002495162B07854397EA176A4F62F3F2C9A9D991D587EB84F37F0AD7D30CEF6905418026DA553C65E7A98E219ED203808EE9D
310
8B7F6810D871D23D2C3014FCE25D9A57483A1BB58D19B54EE9151C43D0110279CB971E06F9A5A7B11A53CC8C70ADE6515EC78BAE4895DB992778883E0700CB907242D17643D7E2538BD869608875438BBAE38922CAC8F1BDD90DB4691A5E2F42C153326A951B95E398B3D1FE599322163C9AE9115F7A3D46ADA0A018778810
310
84E907617BDCEE297BC5BB3DC6BC2EF47FA234AB2745C9D8D8D035EE220B50105E2F0DC1954B9FB747187D9F9D8FA0CCDB042D5FA0C015C65B42DF78BD10F3F3B363CB56C7109DCFDFBBB97E662ED92EB62D13BC2E1BCAE5777DB9966D8A1F504B0304140006080800CC70623BAD7543B64E01000033030000300000006662
310
782F36394639363044362D344446342D343946362D394244322D3234314243333846323333332F636E782E786D6CD593CD6EC32010845F0571AD6CE3D48AD20813A9873E410FBD12D82434182C7EAAE6EDBB2424CD25871E7B41D6EC30B3FA84F9E67BB2E40B4234DE8DB46F1925E094D7C6ED479AD3AE5951B2113C789FEE
310
6C943839C1488B4C05DF079FE72A69D8C96C13AAD6B8631503449F83828872B949AC57D26200B826A308D316B4064D6E46FCDA41C05550DC9E483A00797BFD207EFB092A45DE9514C1BBD22178396BD39D891265658C238DEA00936C654E5E433CB65A26D9F6EDB5EBC14EBF49A45CB856E66048291F6939A9A81BB5C89177
310
38143CA680F4AA299D66A042CEB3354A2684DC9D8D178FE0D9B8B41CAAD720F880EE7EF93C0C18769E099ECC04D5A102C8049A8A05632F4DDF376CF1DE0F6BB65C2F8627B65A33C6BB62177CEBBDAD973006829F89F22E814B54F4BC2BE347F8AA8F681390B50FA73F804400B5F542E796F19FF974E7F78DB802FE05E20750
310
4B0304140006080800CC70623B8D05915C650500003B100000340000006662782F36394639363044362D344446342D343946362D394244322D3234314243333846323333332F6F626A656374732E786D6CAD575B6FA33814FE2B887D06429276DA1565D4266D158D3A339A6846FB502932E050B66023DB74D2FDF5FB190C01
310
9276B2973C046C8ECFF53B17071F77456EBD502133CEAE6CDF9DD81665314F32965ED995DA3A17B6F5310C04E7AA47665B8C14F4CAD6DB7618A48257A5D94AE89654B91AEDDEDDFC61C998326A5B714EA4BCB265FC440BE2924AF184CA6737218AB8E976E7FA6E4338649B0A523E8D98964450A6A029F619B8588D52FE7039
310
B1BD30F0F4F730D0FF866AF6369557DB33949F31A9088B0F848DD8CCFCF9F2767A76E99CCDE733677E3EF59D9BBB9BA5E37F984D16E78BC5E5F5ED25044B25C0C96822E8D60EEFE11B91C581D77CEA34368A1F5329E68CD1B8B61F16D63A1B8E092D294B10C78C4A48EB593D192E7DED9BDEE7995E1B91FDEDD3ACEA9FE831
310
6A756F9F7D4D79F4274C90A7A04248AA51D5F8C718DAE06FB2F75AC4796EBE65D22A88A22223B995679120E2D50E41AA49C260C046A35368846B0BECD0DFF3EBEB8AD4F835768F69B9ADF25C43D30E6B646F807FAA64AD59F61715C7A54127C4AACA98BA3006A9D792DAE165E0D59B61A01FB3A9F9D838D2DAE62445C86166
310
F37564E842E7DE6A69879FEEA2DD5AE7E371E1A5E025154AC307D06A03D73EB5978C58FFA4C8E9033066E0F3BD53BEC1F39F91BE7B55103791EDE6BBB991A2046172CB4581D8B893FA674DDA17A77B3B7C413D1B511FD2743BFF8A38F03A658705E3ADF8015C3A3417FF3D7E439FF591DA0B5F18BC20C1B8981957AE6392A3
310
F43C640C01D1A0B4728E2DD4F26DB4B3C3152A252A3B4E913CEC1C72F012782FF88EFF8637AA552DBEF76408E8A8DE9E50F9E1CB3A2DA0DB1B6039A893B56063DC5B3E3FFB5F72E67AB9FEB4AEC496C4F4C1149625DD662C53E89D7BF0F6151A046260D1337DFDC94502430F83B0EE07A130A224BCAD7DAE1D9FB6CD422FF6
310
920702629C4BB9AE79C12F243C6432A6794E18E5552BA56B431AAB5D91317302B2B071E86C3A42B1A02F999E24061403B5D0EB639195DA655DD3EBEAB4FB862DDF579F014AD0E73C22F99E28DA57FB98E75C6CA2D74D53086D600F4786E0FE3144B771A8A7B900F03594DB8A633CBC49B2EDB69228BB479CF863B5E807AAAB
310
23872F6DFEB4129B949CA33823F58830E86D65621E10047D9DB34D862E8EAC3C2ABC2F7B2C40D67CDFE01F5545B92105AF983AC54D93D69E56FB8E797F88913F898A9FEC705D3F9D1B54EC8426FB500D40A03BD0119B06E1B95DDC7EB8F6975367793EBD70E66733DFB9BC982F9CE564727731999F5D4ECFCE3B8D6A4DC2A0
310
6D50FD148437D110834A64C6CDDF57FBACB5C307A2A477DFE4939736CFEF2B175371E0E10CF0DD1D5C15654E0BCA14D1E87DD02FF93782A162C0A3D95F1524A52770F972BF1EE9809D13CE7DD599467F8ECE9ADD85CE85A34CD45355448C64F9E8A031DC2D596ACC6E5DD93D9B82DE2EF5CAF81363A8E47996A0DE24564A79
310
4115AACE09C55E14540231FDA13C319787134EBF34E3A022514E5B4D9E0826E25C02D5805B15ABE1BEF51B26383D445DD9E875EE33FE4C22DA16427D65A3BCA92CA6D28DD01DF5DC53330704308475351050232CCD31583787BA75774AFB06E5070DD0C8EF484E19968C5D83BA5B90B244D31E54D55A372320FE4786B7EA58
310
44E135AA5467CB7EA333A61683CC6A8C3257034C10CF46F40EF9F5BE59BE5BD30C3C72D235E95D10345C1D45445A5F0BB47E46A5EBE5570F9380B5FA629579952296A773720405982B9DE04011506178964401AA8BDF1FBF0A8EAB6861DD6580C0E38217056766716DAEB2D6FA0917D3E4116581EADB879C4E7CFFB11EFACD
310
3D641311495D92C8676CB409A72D18610D803CE8A626049E8EC1887CB5B44CC39883690DDA8399B4B9855B481E7D71D4A9D22F96E5BB73BF5793020C02137BF837504B0304140006080000CC70623B000000000000000000000000350000006662782F36394639363044362D344446342D343946362D394244322D32343142
310
43333846323333332F76657274696365732E62696E504B0304140006080800CC70623BF270F1330600000004000000360000006662782F36394639363044362D344446342D343946362D394244322D3234314243333846323333332F747269616E676C65732E62696E636660600000504B0304140006080000CC70623B0000
310
00000000000000000000370000006662782F36394639363044362D344446342D343946362D394244322D3234314243333846323333332F617474726962757465732E62696E504B0304140006080800CC70623B08DA0BD19000000041010000360000006662782F36394639363044362D344446342D343946362D394244322D
310
3234314243333846323333332F6469726563746F72792E786D6C858F410AC3201045AF22B36F53E9A60B35CBEEBAE80D244E44489C6234F4F835464A48035D0DF398FF9F8AF63D0E6CC63039F212F8F9020C7D47C6792B21C5FE7403D62A1188E2E60C98D7234A5830286103A55745067B9D86B8A3CF9C7F90C11DE607FB14
310
4396D7B6A82D282E9A152AD114D5EF2CB866EEE831B8EEA07A7BB5A8D7D61A2BAAEB7FD5F70921FF497D00504B0304140006080800CC70623BCA768048FE000000A00100003B0000006662782F36394639363044362D344446342D343946362D394244322D3234314243333846323333332F7265736F75726365732F636F72
310
652E786D6C8D50596E833010BD0A9ADFCA60D600328E9AA639412F609909B1126CE4A5EAF16B0295DABFFECC8CDEA2797AECF8353F924FB44E193D409E5248504B332A3D0D10FC95B4901C39B3C6F85F3248B49871801506CE266BC2B243D2688FDA47549B11775038871E12F988C7004EDE7016A9083E2ADC3D5D84BC8B09
310
D33C8D74D471E6BC8D0192EDC93A815B742658898E651BCB59086ADC356A8C3FD555A1055ED7E7E254D615792D0F075295F585746FF53B694EE78A565DD736979A65AB9933AFE69F8CD2A2F038022F28ED489E135A7CE4554F9BBEA85E68DB53CAB255FEC71496F19FA6A0B42F8B3DEE6673C0F318E4497096AD7DC5F52C33
310
EEB55BFE0D504B010214000A0000080000CC70623B3DEE336E79000000790000001B00000000000000000000000000000000006175746F6465736B2D64657369676E2D7061636B6167652E786D6C504B01021400140006080800CC70623BD486FD9CA0000000F40000001300000000000000000000000000B20000005B436F
310
6E74656E745F54797065735D2E786D6C504B01021400140006080800CC70623BD9DDAED0EC0000007C010000080000000000000000000000000083010000636F72652E786D6C504B01021400140006080800CC70623B55019EA25F0000007C000000070000000000000000000000000095020000636E782E786D6C504B0102
310
1400140006080800CC70623BA24EB22D72010000D40300000C00000000000000000000000000190300006662782F636F72652E786D6C504B01021400140006080800CC70623B408A7D3B7C0000009D0000000B00000000000000000000000000B50400006662782F636E782E786D6C504B01021400140006080800CC70623B
310
449FB9BD290100001202000031000000000000000000000000005A0500006662782F36394639363044362D344446342D343946362D394244322D3234314243333846323333332F636F72652E786D6C504B01021400140006080800CC70623BAD7543B64E010000330300003000000000000000000000000000D20600006662
310
782F36394639363044362D344446342D343946362D394244322D3234314243333846323333332F636E782E786D6C504B01021400140006080800CC70623B8D05915C650500003B10000034000000000000000000000000006E0800006662782F36394639363044362D344446342D343946362D394244322D32343142433338
310
46323333332F6F626A656374732E786D6C504B01021400140006080000CC70623B0000000000000000000000003500000000000000000000000000250E00006662782F36394639363044362D344446342D343946362D394244322D3234314243333846323333332F76657274696365732E62696E504B010214001400060808
310
00CC70623BF270F13306000000040000003600000000000000000000000000780E00006662782F36394639363044362D344446342D343946362D394244322D3234314243333846323333332F747269616E676C65732E62696E504B01021400140006080000CC70623B00000000000000000000000037000000000000000000
310
00000000D20E00006662782F36394639363044362D344446342D343946362D394244322D3234314243333846323333332F617474726962757465732E62696E504B01021400140006080800CC70623B08DA0BD190000000410100003600000000000000000000000000270F00006662782F36394639363044362D344446342D
310
343946362D394244322D3234314243333846323333332F6469726563746F72792E786D6C504B01021400140006080800CC70623BCA768048FE000000A00100003B000000000000000000000000000B1000006662782F36394639363044362D344446342D343946362D394244322D3234314243333846323333332F7265736F
310
75726365732F636F72652E786D6C504B0506000000000E000E0080040000621100000000
  0
CELLSTYLEMAP
  5
F1017ED
102
{ACAD_REACTORS
330
F1017EC
102
}
330
F1017EC
100
AcDbCellStyleMap
 90
        3
300
CELLSTYLE
  1
TABLEFORMAT_BEGIN
 90
        5
170
     1
 91
        0
 92
    32768
 62
   257
 93
        1
300
CONTENTFORMAT
  1
CONTENTFORMAT_BEGIN
 90
        0
 91
        0
 92
      512
 93
        0
300

 40
0.0
140
1.0
 94
        5
 62
     0
340
21
144
6.0
309
CONTENTFORMAT_END
171
     1
301
MARGIN
  1
CELLMARGIN_BEGIN
 40
1.5
 40
1.5
 40
1.5
 40
1.5
 40
4.5
 40
4.5
309
CELLMARGIN_END
 94
        6
 95
        1
302
GRIDFORMAT
  1
GRIDFORMAT_BEGIN
 90
        0
 91
        1
 62
     0
 92
       -2
340
24
 93
        0
 40
1.125
309
GRIDFORMAT_END
 95
        2
302
GRIDFORMAT
  1
GRIDFORMAT_BEGIN
 90
        0
 91
        1
 62
     0
 92
       -2
340
24
 93
        0
 40
1.125
309
GRIDFORMAT_END
 95
        4
302
GRIDFORMAT
  1
GRIDFORMAT_BEGIN
 90
        0
 91
        1
 62
     0
 92
       -2
340
24
 93
        0
 40
1.125
309
GRIDFORMAT_END
 95
        8
302
GRIDFORMAT
  1
GRIDFORMAT_BEGIN
 90
        0
 91
        1
 62
     0
 92
       -2
340
24
 93
        0
 40
1.125
309
GRIDFORMAT_END
 95
       16
302
GRIDFORMAT
  1
GRIDFORMAT_BEGIN
 90
        0
 91
        1
 62
     0
 92
       -2
340
24
 93
        0
 40
1.125
309
GRIDFORMAT_END
 95
       32
302
GRIDFORMAT
  1
GRIDFORMAT_BEGIN
 90
        0
 91
        1
 62
     0
 92
       -2
340
24
 93
        0
 40
1.125
309
GRIDFORMAT_END
309
TABLEFORMAT_END
  1
CELLSTYLE_BEGIN
 90
        1
 91
        1
300
_TITLE
309
CELLSTYLE_END
300
CELLSTYLE
  1
TABLEFORMAT_BEGIN
 90
        5
170
     1
 91
        0
 92
        0
 62
   257
 93
        1
300
CONTENTFORMAT
  1
CONTENTFORMAT_BEGIN
 90
        0
 91
        0
 92
      512
 93
        0
300

 40
0.0
140
1.0
 94
        5
 62
     0
340
21
144
4.5
309
CONTENTFORMAT_END
171
     1
301
MARGIN
  1
CELLMARGIN_BEGIN
 40
1.5
 40
1.5
 40
1.5
 40
1.5
 40
4.5
 40
4.5
309
CELLMARGIN_END
 94
        6
 95
        1
302
GRIDFORMAT
  1
GRIDFORMAT_BEGIN
 90
        0
 91
        1
 62
     0
 92
       -2
340
24
 93
        0
 40
1.125
309
GRIDFORMAT_END
 95
        2
302
GRIDFORMAT
  1
GRIDFORMAT_BEGIN
 90
        0
 91
        1
 62
     0
 92
       -2
340
24
 93
        0
 40
1.125
309
GRIDFORMAT_END
 95
        4
302
GRIDFORMAT
  1
GRIDFORMAT_BEGIN
 90
        0
 91
        1
 62
     0
 92
       -2
340
24
 93
        0
 40
1.125
309
GRIDFORMAT_END
 95
        8
302
GRIDFORMAT
  1
GRIDFORMAT_BEGIN
 90
        0
 91
        1
 62
     0
 92
       -2
340
24
 93
        0
 40
1.125
309
GRIDFORMAT_END
 95
       16
302
GRIDFORMAT
  1
GRIDFORMAT_BEGIN
 90
        0
 91
        1
 62
     0
 92
       -2
340
24
 93
        0
 40
1.125
309
GRIDFORMAT_END
 95
       32
302
GRIDFORMAT
  1
GRIDFORMAT_BEGIN
 90
        0
 91
        1
 62
     0
 92
       -2
340
24
 93
        0
 40
1.125
309
GRIDFORMAT_END
309
TABLEFORMAT_END
  1
CELLSTYLE_BEGIN
 90
        2
 91
        1
300
_HEADER
309
CELLSTYLE_END
300
CELLSTYLE
  1
TABLEFORMAT_BEGIN
 90
        5
170
     1
 91
        0
 92
        0
 62
   257
 93
        1
300
CONTENTFORMAT
  1
CONTENTFORMAT_BEGIN
 90
        0
 91
        0
 92
      512
 93
        0
300

 40
0.0
140
1.0
 94
        2
 62
     0
340
21
144
4.5
309
CONTENTFORMAT_END
171
     1
301
MARGIN
  1
CELLMARGIN_BEGIN
 40
1.5
 40
1.5
 40
1.5
 40
1.5
 40
4.5
 40
4.5
309
CELLMARGIN_END
 94
        6
 95
        1
302
GRIDFORMAT
  1
GRIDFORMAT_BEGIN
 90
        0
 91
        1
 62
     0
 92
       -2
340
24
 93
        0
 40
1.125
309
GRIDFORMAT_END
 95
        2
302
GRIDFORMAT
  1
GRIDFORMAT_BEGIN
 90
        0
 91
        1
 62
     0
 92
       -2
340
24
 93
        0
 40
1.125
309
GRIDFORMAT_END
 95
        4
302
GRIDFORMAT
  1
GRIDFORMAT_BEGIN
 90
        0
 91
        1
 62
     0
 92
       -2
340
24
 93
        0
 40
1.125
309
GRIDFORMAT_END
 95
        8
302
GRIDFORMAT
  1
GRIDFORMAT_BEGIN
 90
        0
 91
        1
 62
     0
 92
       -2
340
24
 93
        0
 40
1.125
309
GRIDFORMAT_END
 95
       16
302
GRIDFORMAT
  1
GRIDFORMAT_BEGIN
 90
        0
 91
        1
 62
     0
 92
       -2
340
24
 93
        0
 40
1.125
309
GRIDFORMAT_END
 95
       32
302
GRIDFORMAT
  1
GRIDFORMAT_BEGIN
 90
        0
 91
        1
 62
     0
 92
       -2
340
24
 93
        0
 40
1.125
309
GRIDFORMAT_END
309
TABLEFORMAT_END
  1
CELLSTYLE_BEGIN
 90
        3
 91
        2
300
_DATA
309
CELLSTYLE_END
  0
ENDSEC
  0
SECTION
  2
ACDSDATA
 70
     2
 71
     2
  0
ACDSSCHEMA
 90
        0
  1
AcDb_Thumbnail_Schema
  2
AcDbDs::ID
280
    10
 91
        8
  2
Thumbnail_Data
280
    15
 91
        0
101
ACDSRECORD
 95
        0
 90
        2
  2
AcDbDs::TreatedAsObjectData
280
     1
291
     1
101
ACDSRECORD
 95
        0
 90
        3
  2
AcDbDs::Legacy
280
     1
291
     1
101
ACDSRECORD
  1
AcDbDs::ID
 90
        4
  2
AcDs:Indexable
280
     1
291
     1
101
ACDSRECORD
  1
AcDbDs::ID
 90
        5
  2
AcDbDs::HandleAttribute
280
     7
282
     1
  0
ACDSSCHEMA
 90
        1
  1
AcDb3DSolid_ASM_Data
  2
AcDbDs::ID
280
    10
 91
        8
  2
ASM_Data
280
    15
 91
        0
101
ACDSRECORD
 95
        1
 90
        2
  2
AcDbDs::TreatedAsObjectData
280
     1
291
     1
101
ACDSRECORD
 95
        1
 90
        3
  2
AcDbDs::Legacy
280
     1
291
     1
101
ACDSRECORD
  1
AcDbDs::ID
 90
        4
  2
AcDs:Indexable
280
     1
291
     1
101
ACDSRECORD
  1
AcDbDs::ID
 90
        5
  2
AcDbDs::HandleAttribute
280
     7
282
     1
  0
ACDSSCHEMA
 90
        2
  1
AcDbDs::TreatedAsObjectDataSchema
  2
AcDbDs::TreatedAsObjectData
280
     1
 91
        0
  0
ACDSSCHEMA
 90
        3
  1
AcDbDs::LegacySchema
  2
AcDbDs::Legacy
280
     1
 91
        0
  0
ACDSSCHEMA
 90
        4
  1
AcDbDs::IndexedPropertySchema
  2
AcDs:Indexable
280
     1
 91
        0
  0
ACDSSCHEMA
 90
        5
  1
AcDbDs::HandleAttributeSchema
  2
AcDbDs::HandleAttribute
280
     7
 91
        1
284
     1
  0
ACDSRECORD
 90
        0
  2
AcDbDs::ID
280
    10
320
16
  2
Thumbnail_Data
280
    15
 94
     1899
310
89504E470D0A1A0A0000000D49484452000001000000006E0803000000FF253DCA00000300504C5445212830FFFFFF2128300000000000000000000000000000000000000000000000000000330000660000990000CC0000FF0033000033330033660033990033CC0033FF0066000066330066660066990066CC0066FF0099
310
000099330099660099990099CC0099FF00CC0000CC3300CC6600CC9900CCCC00CCFF00FF0000FF3300FF6600FF9900FFCC00FFFF3300003300333300663300993300CC3300FF3333003333333333663333993333CC3333FF3366003366333366663366993366CC3366FF3399003399333399663399993399CC3399FF33CC00
310
33CC3333CC6633CC9933CCCC33CCFF33FF0033FF3333FF6633FF9933FFCC33FFFF6600006600336600666600996600CC6600FF6633006633336633666633996633CC6633FF6666006666336666666666996666CC6666FF6699006699336699666699996699CC6699FF66CC0066CC3366CC6666CC9966CCCC66CCFF66FF0066
310
FF3366FF6666FF9966FFCC66FFFF9900009900339900669900999900CC9900FF9933009933339933669933999933CC9933FF9966009966339966669966999966CC9966FF9999009999339999669999999999CC9999FF99CC0099CC3399CC6699CC9999CCCC99CCFF99FF0099FF3399FF6699FF9999FFCC99FFFFCC0000CC00
310
33CC0066CC0099CC00CCCC00FFCC3300CC3333CC3366CC3399CC33CCCC33FFCC6600CC6633CC6666CC6699CC66CCCC66FFCC9900CC9933CC9966CC9999CC99CCCC99FFCCCC00CCCC33CCCC66CCCC99CCCCCCCCCCFFCCFF00CCFF33CCFF66CCFF99CCFFCCCCFFFFFF0000FF0033FF0066FF0099FF00CCFF00FFFF3300FF3333
310
FF3366FF3399FF33CCFF33FFFF6600FF6633FF6666FF6699FF66CCFF66FFFF9900FF9933FF9966FF9999FF99CCFF99FFFFCC00FFCC33FFCC66FFCC99FFCCCCFFCCFFFFFF00FFFF33FFFF66FFFF99FFFFCCFFFFFF0000000D0D0D1A1A1A2828283535354343435050505D5D5D6B6B6B787878868686939393A1A1A1AEAEAEBB
310
BBBBC9C9C9D6D6D6E4E4E4F1F1F1FFFFFF0000000000000000000000000000000000000000000000000000000000002E4550F1000004264944415478DAED9D4972C3201045B901D76093FBEFD8700D5D802AB6DE8749981964AB04986E5725B2FC83D48F666A9404A1EBF69AD6D033F6D475A6BD3188804943600C009E1C78
310
47BF0F801342796484F08D224002883F26649308C058577706800E04B60100F985A60028655CBE3600800C00AC8C2943FA90D25D9A80DF0768FF6D13F81A80C2D81AD6AD66C108C8DC7946825E7D9A81005800C0F9D60660C83510358AE028A31905C0350176768275E7480F80A32138C870006913E88A801E00A41E048C29
310
00690C8C02E082D6DE11A5B508D6DE312F6052FFA4841CA826415C0220282A662400D7380D80F2DD6BEFEAC55B0055093B32C53C3F11C27210942F42E4813675865075E6AB26D0EA033480193A41E9A776D5D586794750B992956F3D00F00792C7019CF59EB3A203B2FDB700B4C74155CCE400C8EDF5DB86F43C807346F69E
310
9BF527D57AF26E178B793C1F9074F5D591EBF4AA99BFEB49F06535037382ECB49EBA6FD6EDA7922592A217AAF7B204B2C263B3C2D5533F0A408DE9DCAC80D4E1699CF58F074B03E035EB088B0ECDA5621E5F0B7035E1E1E91C489DE27110601729EF504179891F4D254DAE9801008A5542789CF7F9BD08600C00480094D3C4
310
72000E7E4873D340F5E6889DA181C648684E72BC087192631000DE61AEAFC42D9594E02B12BBFB146A86F4017D11806D048416440076D51B4868A8392584648A1905206EED050022D28914402C412205602EE72DB7E97000F1D0558A00118C5F026722408465099C01A03F21C45D8FAE120107127EDDAA7E31011048D49B5A
310
04D8F5D04200B0F07DCB02F0245AF363005C050B5402F08E017D5002805603F04A01BCF2004E8DF956048027EA042F00B06EE9AF2500E6538BA10CC065A06601F0BE7A0D8076CC385704A03E3F43A5D6044647809B0AAB3CBF9FA13200FCEC3FD30098F5CE3A1702601A80FD21E13A820080DE8AB1297703C02C3ED702E02A
310
F70B006E172EDC827810C0DFDF5F471FA0555113284580DF044A00C2267076026B758237F6016B02B86D1498692D70EF44A86F1E407E1740DF4C705100F7AE05D60370F36A70A27C401F0081FDAD4181B2F98060F750A06C3E406A4C4E702880CB3941A1CE9CDEA9F72249F8C512A789738216C03A3941D4CE09A28E9CA0BE
310
DC343941D817D81DC0C5BDC11F04C077DF1D36BF34735EDE7B3E88ABE8D80400CE3E20813F7F408279D61444A2C91F91A9DC7949D5530C1B0DE0A3BAED74AFA794818FCBA737F67DD14D46AC426024007613800191792700B62F80290C000000000000000000000000E0B7016CFF87942A8E6E02009A4031F07789000050EA
310
FEB606F0DA1C00CC03768A00B47B1F501C06602234210076C100C0778BA1AD016CD604561A05D8ED0460182CA740B61B06775D0D0200000000D699093EB51CDE2A028A9B019B6F8C403E604300D009424A6CDFA428CC03C6CE03E05F6DCD6910011F38F30F63A548698891BC250000000049454E44AE426082
  0
ENDSEC
  0
EOF
